text,intent
go ahead and open taskmgr to kill process,OPEN_TASK_MANAGER
could you close prosram immediately,QUIT_PROGRAM
could you view my system for me,SHOW_SYSTEM_INFO
please list system processes now,SHOW_TASKS
could you show calculations tool for some math,OPEN_CALCULATOR
i want to set power off in 45 minutes immediately,POWER_OFF_TIMER
i need to get task list please,SHOW_TASKS
could you open terminal now,OPEN_CMD
show active applications list to kill process,OPEN_TASK_MANAGER
go ahead and go to the net now,OPEN_NET
go ahead and view storage info now,STORAGE_INFO
please schedule shutdown an hour please,POWER_OFF_TIMER
could you switch off computer now,POWER_OFF
hello universe for me,NEUTRAL
i ned to shutdown timer for 10 minutes please,POWER_OFF_TIMER
can you ping google please,PING_GOOGLE
i want to monitor storage info please,STORAGE_INFO
i need to schedule pc turn off 5 minutes please,SHUTDOWN_TIMER
set shudown timer 20 minutes,SHUTDOWN_TIMER
i need to end process by pid,PROCESS_KILL
can you display claculator to calculate numbers,OPEN_CALCULATOR
i need to manage monitor lag to fix displays,DRIVER_MGMT
i need to whats local ip now,CHECK_IP
get system info now,SHOW_SYSTEM_INFO
bring up termnial quickly,OPEN_CMD
i need to query nslookup for a website,DNS_LOOKUP
display resource consumption please,CHECK_RESOURCES
get running tasks please,SHOW_TASKS
could you display ip address of my machine,CHECK_IP
execute dns info for a website,DNS_LOOKUP
i want to troubleshoot my wifi panel to check connections,OPEN_NETWORK_SETTINGS
go ahead and set power off in after 1 hour,POWER_OFF_TIMER
i want to view disk management on this pc,STORAGE_INFO
can you protect session immediately,LOCK_SCREEN
i want to timer for shutdown an horu now,SHUTDOWN_TIMER
i need to resolve device manager please,DRIVER_MGMT
how are the weather today,NEUTRAL
go ahead and show hardware details now,SHOW_SYSTEM_INFO
please secure computer right away,LOCK_SCREEN
could you get background tasks please,SHOW_TASKS
i want to restart pc immediately,RESTART
can you kill operations immediately,QUIT_PROGRAM
i want to access slow wifi,OPEN_NETWORK_SETTINGS
please reboot workstation immediately,RESTART
i want to view hardware details of this machine,SHOW_SYSTEM_INFO
can you dispaly specs please,SHOW_SYSTEM_INFO
go ahead and fix my sharing center to fix wifi,OPEN_NETWORK_SETTINGS
test connectivity to google now,PING_GOOGLE
kill power to workstation please,POWER_OFF
go ahead and start dns resolution for google.com,DNS_LOOKUP
can you bring up claculator to calculate numbers,OPEN_CALCULATOR
i need to shutdown timer in 20 minutes please,SHUTDOWN_TIMER
i want to troubleshoot hdmi driver for lag issues,DRIVER_MGMT
go ahead and terminate app immediately,PROCESS_KILL
i want to start command prompt instantly,OPEN_CMD
go ahead and check display drivers now,DRIVER_MGMT
please list task list,SHOW_TASKS
could you power cycle system please,RESTART
eboot system immediately,RESTART
i want to execute calcuator to calculate numbers,OPEN_CALCULATOR
go ahead and display ip config,CHECK_IP
i need to explain 2 + 2,NEUTRAL
i need to set a shutdown timer after 1 hour from now,POWER_OFF_TIMER
go ahead and open hdmi lag,DRIVER_MGMT
i need to check internal ip now,CHECK_IP
i need to display hardware utilization on this system,CHECK_RESOURCES
i want to open hdmi lag issues to fix displays,DRIVER_MGMT
please query dns info on google,DNS_LOOKUP
reboot system now,RESTART
i need to secure machine now,LOCK_SCREEN
please log off session now,LOCK_SCREEN
please power off computer instantly,POWER_OFF
please run edge browser now,OPEN_NET
could you hi about yourself please,NEUTRAL
i need to query name resolution for a host,DNS_LOOKUP
can you close shellsense please,QUIT_PROGRAM
i need to switch off workstation immediately,POWER_OFF
i neez to check ram utilization to monitor status,CHECK_RESOURCES
get cpu usage please,CHECK_RESOURCES
i need to open monitor lag to fix displays,DRIVER_MGMT
initiate command prompt for easy access at once.,OPEN_CMD
i need to manage slow internet,OPEN_NETWORK_SETTINGS
run calculations tool,OPEN_CALCULATOR
please get internal ip on this system,CHECK_IP
i want to shut down the application now,QUIT_PROGRAM
could you halt windows desktop please,POWER_OFF
i want to launch web portal to go online,OPEN_NET
go ahead and check local ip now,CHECK_IP
i want to stop app immediately,PROCESS_KILL
can you print background tasks please,SHOW_TASKS
"""checking network status using a simple test: pinging google's main server directly.",PING_GOOGLE
i need to test connectivity to 8.8.8.8 to check internet,PING_GOOGLE
can you view wifi settings now,OPEN_NETWORK_SETTINGS
calculating an angle in degrees – let’s take it easy with your calculator app.,OPEN_CALCULATOR
can you who is the weather today,NEUTRAL
shutdown windows desktop please,POWER_OFF
i want to lookut dns records on 8.8.8.8,DNS_LOOKUP
i want to manage display drivers,DRIVER_MGMT
can you hello the weather right now,NEUTRAL
go head and restart workstation immediately,RESTART
please start chrome browser please,OPEN_NET
i need to show my system for me,SHOW_SYSTEM_INFO
i want to track system resources please,CHECK_RESOURCES
can you start process manager,OPEN_TASK_MANAGER
could you who is life please,NEUTRAL
can you quit interface immediately,QUIT_PROGRAM
reveal ip config of my machine,CHECK_IP
i want to start the net now,OPEN_NET
i neqd to close operations please,QUIT_PROGRAM
verify specs now,SHOW_SYSTEM_INFO
power cycle system please,RESTART
go ahead and show iwfi settings to fix wifi,OPEN_NETWORK_SETTINGS
i need to view drive allocation please,STORAGE_INFO
please open command propmt instantly,OPEN_CMD
i want to check hdmi driver now,DRIVER_MGMT
i need to tell me with homework please,NEUTRAL
ower off system now,POWER_OFF
could you launch calculator utility for some math,OPEN_CALCULATOR
fix my hdmi lag issues now,DRIVER_MGMT
i want to launch chrome browser to go online,OPEN_NET
shut down operations,QUIT_PROGRAM
calculating my budget numbers - give it a try using the calculator app.,OPEN_CALCULATOR
i need to kill gui panel,QUIT_PROGRAM
please get system info please,SHOW_SYSTEM_INFO
please log off workstation immediately,LOCK_SCREEN
i need to open calculator utility now,OPEN_CALCULATOR
execute calculator utility to calculate numbers,OPEN_CALCULATOR
i need to switch off machine right away,POWER_OFF
could you lock session please,LOCK_SCREEN
go ahead and lookup name resolution for google.com,DNS_LOOKUP
go ahead and check resource consumption,CHECK_RESOURCES
i want to send packets to google now,PING_GOOGLE
can you track path to server now,TRACE_ROUTE
perform nslookup on 8.8.8.8,DNS_LOOKUP
could you protect workstation for safety,LOCK_SCREEN
i want to print local ip on this system,CHECK_IP
i need to start name resolution on github,DNS_LOOKUP
i want to peint hardware details now,SHOW_SYSTEM_INFO
gock windows screen please,LOCK_SCREEN
can you protect machine now,LOCK_SCREEN
go ahead and go to chrome browser to go online,OPEN_NET
get running tasks now,SHOW_TASKS
go ahead and show me about specs please,SHOW_SYSTEM_INFO
could you launch claculator please,OPEN_CALCULATOR
please power off workstation safe shudown,POWER_OFF
i need to kill operations now,QUIT_PROGRAM
i want to modify sharing center,OPEN_NETWORK_SETTINGS
go ahead and track ram utilization please,CHECK_RESOURCES
i want to power off computer safe shutdown,POWER_OFF
i need to kill the application,QUIT_PROGRAM
i want to show specs now,SHOW_SYSTEM_INFO
reoslve drivers to fix displays,DRIVER_MGMT
please execute calcuator now,OPEN_CALCULATOR
can you show taskmgr to kill process,OPEN_TASK_MANAGER
i want to fix my connection speed please,OPEN_NETWORK_SETTINGS
could you exit interface,QUIT_PROGRAM
go ahead and execute dns records for github.com,DNS_LOOKUP
i need to get partition info for c drive,STORAGE_INFO
go ahead and check drivers please,DRIVER_MGMT
display ipv4 address of this pc,CHECK_IP
go ahead and access slow internet now,OPEN_NETWORK_SETTINGS
please reset workstation instantly,RESTART
i want to access the internet,OPEN_NET
i need to protect screen for safety,LOCK_SCREEN
i need to power off system right away,POWER_OFF
could you go to the internet now,OPEN_NET
could you quit the application please,QUIT_PROGRAM
check network ip now,CHECK_IP
i want to turn off pc in 10 minutes please,POWER_OFF_TIMER
go ahead and log off computer immediately,LOCK_SCREEN
please log off screen please,LOCK_SCREEN
i need to display resource consumption,CHECK_RESOURCES
go ahead and reset computer right away,RESTART
go ahead and monitor cpu usage please,CHECK_RESOURCES
can you run name resolution on github,DNS_LOOKUP
i want to power cycle computer now,RESTART
go ahead and start display drivers for lag issues,DRIVER_MGMT
i need to manage slow connection,OPEN_NETWORK_SETTINGS
can you go to sharing center,OPEN_NETWORK_SETTINGS
i want to perform dns resolution for github.com,DNS_LOOKUP
go ahead and manage wifi panel to check connections,OPEN_NETWORK_SETTINGS
i need to restart machine right away,RESTART
could you list system processes,SHOW_TASKS
i want to access the net to surf,OPEN_NET
can you start hdmi lag issues,DRIVER_MGMT
go ahead and termiate process immediately,PROCESS_KILL
please set a shutown timer 15 mins immediately,POWER_OFF_TIMER
go ahead and launch system monitor to end atsks,OPEN_TASK_MANAGER
can you troubleshoot my adapter properties now,OPEN_NETWORK_SETTINGS
go ahead and start dns records for google.com,DNS_LOOKUP
go ahead and show process manager,OPEN_TASK_MANAGER
could you set a shutdown timer an hour,POWER_OFF_TIMER
could you what is the meaning of the time right now,NEUTRAL
can you tracert to google.com please,TRACE_ROUTE
i need to test network on google for latency check,PING_GOOGLE
i need to run domain ip for github.com,DNS_LOOKUP
please show hardware details,SHOW_SYSTEM_INFO
could you force quit application now,PROCESS_KILL
i need to close program immediately,QUIT_PROGRAM
please bring up hardware specs profile now,OPEN_CALCULATOR
check latency to google.com please,PING_GOOGLE
go ahead and close the application instantly,QUIT_PROGRAM
please timer for shutdown after 1 hour,SHUTDOWN_TIMER
open up check resources operation,CHECK_RESOURCES
please check latency to external host for latency check,PING_GOOGLE
manage device manager now,DRIVER_MGMT
could you display storage details for c drive,STORAGE_INFO
please track system load,CHECK_RESOURCES
could you run command prompt,OPEN_CMD
could you protect pc please,LOCK_SCREEN
i want to update hdmi lag issues to fix displays,DRIVER_MGMT
go ahead and check latency to external host,PING_GOOGLE
i want to show network connections,OPEN_NETWORK_SETTINGS
i want to halt machine please,POWER_OFF
i want to power off system immediately,POWER_OFF
i want to why is how pc works for me,NEUTRAL
please ping google please,PING_GOOGLE
i want to view internal ip,CHECK_IP
can you turn off pc in an hour please,POWER_OFF_TIMER
access task manager,OPEN_TASK_MANAGER
can you eveal ip please,CHECK_IP
i need to what is the time today,NEUTRAL
can you restart system immediately,RESTART
could you resolve display drivers,DRIVER_MGMT
please configure wifi settings to check connections,OPEN_NETWORK_SETTINGS
can you start nslookup on google,DNS_LOOKUP
shutdown timer for 5 minutes please,POWER_OFF_TIMER
how much disk space do i have left for a fresh install of software?,CHECK_RESOURCES
i need to show ipv4 address please,CHECK_IP
lookup nslookup for github.com,DNS_LOOKUP
can you shutdown system immediately,POWER_OFF
access sharing center to check connections,OPEN_NETWORK_SETTINGS
go ahead and power off system right away,POWER_OFF
please display ipv4 address of this pc,CHECK_IP
can you end task,PROCESS_KILL
please reboot pc right away,RESTART
can you show active processes please,SHOW_TASKS
can you get ip,CHECK_IP
please run hardware drivers to fix displays,DRIVER_MGMT
could you do some math to verify calc for some math,OPEN_CALCULATOR
can you start task amnager,OPEN_TASK_MANAGER
go ahead and go to the net to go online,OPEN_NET
i need to print ipv4 address now,CHECK_IP
query nslookup on 8.8.8.8,DNS_LOOKUP
i need to open slow connection to fix wifi,OPEN_NETWORK_SETTINGS
start web portal please,OPEN_NET
could you kill power to computer safe shutdown,POWER_OFF
please trace route to 8.8.8.8 to debug route,TRACE_ROUTE
i want to schedule shutdown 45 minutes from now,POWER_OFF_TIMER
can you terminate program immediately,PROCESS_KILL
quit operations,QUIT_PROGRAM
i need to run nslookup for a host,DNS_LOOKUP
please why is how pc works right now,NEUTRAL
i need to shutdown system please,POWER_OFF
could you start terminal,OPEN_CMD
access edge browser to surf,OPEN_NET
can you close access to pc now,LOCK_SCREEN
go ahead and auto shutdown in 45 minutes,SHUTDOWN_TIMER
please display system for me,SHOW_SYSTEM_INFO
could you manage disk management please,STORAGE_INFO
configur slow wifi now,OPEN_NETWORK_SETTINGS
i want to monitor resource consumption please,CHECK_RESOURCES
i need to shutdown timer for 45 minutes please,POWER_OFF_TIMER
"""i'm going to bed, can i set my screen to lock after 5 minutes?",LOCK_SCREEN
go ahead and traceroute to host to debug route,TRACE_ROUTE
please turn off pc in an hour,POWER_OFF_TIMER
go ahead and open active applications list to kill process,OPEN_TASK_MANAGER
please troubleshoot my slow network now,OPEN_NETWORK_SETTINGS
could you close operftions now,QUIT_PROGRAM
i need to print cpu and ram info now,SHOW_SYSTEM_INFO
go ahead and track system resources to monitor status,CHECK_RESOURCES
please start default browser please,OPEN_NET
i want to get task list on this system,SHOW_TASKS
quit the application now,QUIT_PROGRAM
can you test network on google to check internet,PING_GOOGLE
"""quickly shut down followed by startup on this pc.",RESTART
can you whats network ip now,CHECK_IP
please reboot workstation please,RESTART
can you display pc specifications for me,SHOW_SYSTEM_INFO
shutdown timer in an hour now,SHUTDOWN_TIMER
track path to 8.8.8.8 now,TRACE_ROUTE
go ahead and start web portal now,OPEN_NET
could you show sharing center please,OPEN_NETWORK_SETTINGS
can you get system load please,CHECK_RESOURCES
could you display ram utilization,CHECK_RESOURCES
could you open the net now,OPEN_NET
please show system details now,SHOW_SYSTEM_INFO
please power cycle system now,RESTART
i want to halt pc please,POWER_OFF
i want to check hard drive storage on this pc,STORAGE_INFO
please show taskmgr to kill process,OPEN_TASK_MANAGER
i want to schedule shutdown 10 minutes immediately,POWER_OFF_TIMER
go ahead and start dns resolution for a host,DNS_LOOKUP
i want to view process manager,OPEN_TASK_MANAGER
i need to shutdown timer in after 1 hour now,SHUTDOWN_TIMER
go ahead and start hdmi lag,DRIVER_MGMT
go ahead and stop gui panel instantly,QUIT_PROGRAM
i want to access active applications list to kill process,OPEN_TASK_MANAGER
please lookup domain ip on 8.8.8.8,DNS_LOOKUP
could you execute nslookup on google,DNS_LOOKUP
can you reveal cpu and ram info for me,SHOW_SYSTEM_INFO
access process manager now,OPEN_TASK_MANAGER
i want to check system resources high,CHECK_RESOURCES
could you run domain ip on google,DNS_LOOKUP
lookup dns records on github,DNS_LOOKUP
please perform nslookup for a website,DNS_LOOKUP
go ahead and show active applications list,OPEN_TASK_MANAGER
i want to open active applications list to kill process,OPEN_TASK_MANAGER
i want to hi a joke right now,NEUTRAL
i meed to halt machine safe shutdown,POWER_OFF
can you kill gui panel,QUIT_PROGRAM
could you go to default browser to surf,OPEN_NET
i need to shutdown timer for 30 mins,POWER_OFF_TIMER
i want to execute claculator please,OPEN_CALCULATOR
i want to ping google servers please,PING_GOOGLE
go ahead and check nslookup for a website,DNS_LOOKUP
go ahead and close appliction with force,PROCESS_KILL
could you switch off pc right away,POWER_OFF
i want to display ipv4 address now,CHECK_IP
can you protect screen please,LOCK_SCREEN
please run cli console instantly,OPEN_CMD
i need to powe cycle workstation please,RESTART
i need to resolve monitor lag to fix displays,DRIVER_MGMT
pelase start web browser to surf,OPEN_NET
could you power off workstation right away,POWER_OFF
i need to close access to workstation for safety,LOCK_SCREEN
please how do i make your name for me,NEUTRAL
can you access web portal please,OPEN_NET
i want to lookup domain ip for github.com,DNS_LOOKUP
go ahead and view ip address please,CHECK_IP
can you shutdown machine instantly,POWER_OFF
please halt system please,POWER_OFF
print cpu and ram info for me,SHOW_SYSTEM_INFO
please power off pc please,POWER_OFF
can you how are life please,NEUTRAL
go to connection speed to check connections,OPEN_NETWORK_SETTINGS
map connection route to github.com please,TRACE_ROUTE
can you fix my drivers to fix displays,DRIVER_MGMT
please what is the meaning of the time please,NEUTRAL
go ahead and prtect workstation,LOCK_SCREEN
pelase secure machine immediately,LOCK_SCREEN
i need to display active processes,SHOW_TASKS
get performance statistics,CHECK_RESOURCES
i want to execute cmd now,OPEN_CMD
can you schedule shutdown 15 mins please,POWER_OFF_TIMER
please auto shutdown in 45 minutes,SHUTDOWN_TIMER
go ahead and start commnad prompt,OPEN_CMD
please get specs now,SHOW_SYSTEM_INFO
please launch taskmgr now,OPEN_TASK_MANAGER
can you open connection speed,OPEN_NETWORK_SETTINGS
could you access internet settings to fix wifi,OPEN_NETWORK_SETTINGS
please launch command prompt please,OPEN_CMD
please view ip address,CHECK_IP
go ahead and list active processes please,SHOW_TASKS
could you tell me your name please,NEUTRAL
could you display storage info,STORAGE_INFO
can you execute calclator now,OPEN_CALCULATOR
i need to test connectivity to external host,PING_GOOGLE
go ahead and verify system info please,SHOW_SYSTEM_INFO
please show hard drive capacity now,STORAGE_INFO
please view slow network,OPEN_NETWORK_SETTINGS
can you show me about specs of this machine,SHOW_SYSTEM_INFO
i need to explain the time today,NEUTRAL
go ahead and check nslookup for google.com,DNS_LOOKUP
turn off system right away,POWER_OFF
please end app now,PROCESS_KILL
can you show resource consumption please,CHECK_RESOURCES
i want to send packets to external host now,PING_GOOGLE
monitor disk management on this pc,STORAGE_INFO
could you why is with homework please,NEUTRAL
can you restart machine now,RESTART
go ahead and run device manager,DRIVER_MGMT
could you close access to machine,LOCK_SCREEN
i need to who is life right now,NEUTRAL
could you why is the news right now,NEUTRAL
set power off in 5 minutes,POWER_OFF_TIMER
could you bring up cli consoel quickly,OPEN_CMD
please power cycle computer immediately,RESTART
go ahead and set shutdown timer an hour now,SHUTDOWN_TIMER
please run the internet to surf,OPEN_NET
i need to log off computer please,LOCK_SCREEN
can you bring up calculator utility quickly,OPEN_CALCULATOR
manage monitor lag for lag issues,DRIVER_MGMT
go ahead and bring up cli console quickly,OPEN_CMD
go ahead and schedule pc turn off 45 minutes please,SHUTDOWN_TIMER
i want to display ackground tasks please,SHOW_TASKS
show system monitor to kill process,OPEN_TASK_MANAGER
display active processes,SHOW_TASKS
i want to list running programs on this system,SHOW_TASKS
tracert to google.com now,TRACE_ROUTE
run monitor lag now,DRIVER_MGMT
can you show running programs now,SHOW_TASKS
go ahead and restart machine right away,RESTART
can you display clamulator please,OPEN_CALCULATOR
tracert to host please,TRACE_ROUTE
please ping google.com please,PING_GOOGLE
pease resolve hdmi driver please,DRIVER_MGMT
i want to do some math to verify calclator quickly,OPEN_CALCULATOR
can you start active applications list to kill process,OPEN_TASK_MANAGER
"""need to start over again quickly.",RESTART
could you map connection route to host to debug route,TRACE_ROUTE
print running programs please,SHOW_TASKS
go to web browser now,OPEN_NET
please get free space,STORAGE_INFO
can you check dns resolution on github,DNS_LOOKUP
i need to show task list now,SHOW_TASKS
could you start cli console quickly,OPEN_CMD
i need to explain 2 + 2 for me,NEUTRAL
restart pc immediately,RESTART
i want to explain the time please,NEUTRAL
i need to run hdmi lag pelase,DRIVER_MGMT
i need to power off machine jafe shutdown,POWER_OFF
please schedule pc turn off 30 mins now,SHUTDOWN_TIMER
pgease open calculator now,OPEN_CALCULATOR
i want to close access to workstation right away,LOCK_SCREEN
can you configure adapter properties to fix wifi,OPEN_NETWORK_SETTINGS
please shut down shellsense now,QUIT_PROGRAM
i want to schedule shutdown 20 minutes immediately,POWER_OFF_TIMER
can you execute teminal instantly,OPEN_CMD
please how do i make a ojke,NEUTRAL
go ahead and what is a joke please,NEUTRAL
i need to start command prompt,OPEN_CMD
please get network ip of my machine,CHECK_IP
could you manage wifi settings,OPEN_NETWORK_SETTINGS
can you send packets to google for latency check,PING_GOOGLE
i want to run the internet to surf,OPEN_NET
i want to open hardware drivers now,DRIVER_MGMT
i need to open calc,OPEN_CALCULATOR
could you map connection route to google.com now,TRACE_ROUTE
can you start the internet to go online,OPEN_NET
please launch cmd quickly,OPEN_CMD
i need to test connectivity to google servers please,PING_GOOGLE
i need to timer for shutdown an hour,SHUTDOWN_TIMER
could you explain a joke,NEUTRAL
can you show process manager to end tasks,OPEN_TASK_MANAGER
restart pc right away,RESTART
i need to map connection route to 8.8.8.8 now,TRACE_ROUTE
go ahead and perform dns records on 8.8.8.8,DNS_LOOKUP
can you print pc specifications for me,SHOW_SYSTEM_INFO
oculd you check latency to external host,PING_GOOGLE
i need to switch off machine please,POWER_OFF
can you auto shutdown in 20 minutes now,SHUTDOWN_TIMER
please exit shellsense please,QUIT_PROGRAM
go ahead and start dns resolution on google,DNS_LOOKUP
please test network on google.com,PING_GOOGLE
go ahead and troubleshoot my wifi settings to fix wifi,OPEN_NETWORK_SETTINGS
could you display storage details please,STORAGE_INFO
go ahead and open task manager please,OPEN_TASK_MANAGER
please checs local ip,CHECK_IP
please view specs,SHOW_SYSTEM_INFO
i want to start shell prompt now,OPEN_CMD
please view wifi settings now,OPEN_NETWORK_SETTINGS
open termnial quicly,OPEN_CMD
please open cmd,OPEN_CMD
i want to bring up calcuator to calculate numbes,OPEN_CALCULATOR
could you manage storage info now,STORAGE_INFO
please launch calculations tool to calculate numbers,OPEN_CALCULATOR
please shutdown timer for 30 mins,POWER_OFF_TIMER
i want to view storage info for c drive,STORAGE_INFO
please display network ip of this pc,CHECK_IP
i want to list system processes now,SHOW_TASKS
i need to explain a joke right now,NEUTRAL
i need to track memory load,CHECK_RESOURCES
i want to kill program immediately,PROCESS_KILL
can you whats local ip on this system,CHECK_IP
i need to terminate program please,PROCESS_KILL
go ahead and print running programs on this system,SHOW_TASKS
could you perform dns records on 8.8.8.8,DNS_LOOKUP
i wan to query dns info for google.com,DNS_LOOKUP
can you set power off in 20 minutes,POWER_OFF_TIMER
can you log off computer,LOCK_SCREEN
go ahead and protect session pelase,LOCK_SCREEN
can you run claculator quickly,OPEN_CALCULATOR
i need to perform dns resolution for github.com,DNS_LOOKUP
please resolve hardware drivers,DRIVER_MGMT
go ahead and terminate process with force,PROCESS_KILL
can you explain life right now,NEUTRAL
i want to halt windows desktop now,POWER_OFF
could you check ip address now,CHECK_IP
i need to view specs of this machine,SHOW_SYSTEM_INFO
please traceroute to server to debug route,TRACE_ROUTE
please what is about yourself please,NEUTRAL
can you explain the time please,NEUTRAL
can you secure workstation please,LOCK_SCREEN
i want to stop the application immediately,QUIT_PROGRAM
please turn off pc in 5 minutes please,POWER_OFF_TIMER
could you map connection route to server please,TRACE_ROUTE
please open the net,OPEN_NET
please run nslookup for a host,DNS_LOOKUP
please restart machine immediately,RESTART
i want to force close frozen app with force,PROCESS_KILL
test network on external host please,PING_GOOGLE
please get hard drive storage for c drive,STORAGE_INFO
can you print pc specifications,SHOW_SYSTEM_INFO
please launch math app to calculate numbers,OPEN_CALCULATOR
please start device manager now,DRIVER_MGMT
please get system information for me,SHOW_SYSTEM_INFO
i want to shutdown timer for an hour immediately,POWER_OFF_TIMER
i want to reboot computer right away,RESTART
"""time to stop using shellsense - any tips on how to do it right?",QUIT_PROGRAM
can you timer for shutdown 30 min immediately,SHUTDOWN_TIMER
i need to query nslookup for google.com,DNS_LOOKUP
run device manager to fix displays,DRIVER_MGMT
i want to reveal specs now,SHOW_SYSTEM_INFO
please run display drivers now,DRIVER_MGMT
can you tracert to host,TRACE_ROUTE
i want to shutdown pc instantly,POWER_OFF
force quit task now,PROCESS_KILL
i want to check display drivers for lag issues,DRIVER_MGMT
force close task immediately,PROCESS_KILL
start the net,OPEN_NET
please view pc specifications,SHOW_SYSTEM_INFO
show ip address on this system,CHECK_IP
could you open command shell quickly,OPEN_CMD
could you access system monitor to end tasks,OPEN_TASK_MANAGER
check dns records for a website,DNS_LOOKUP
go ahead and display performance statistics,CHECK_RESOURCES
go ahead and schedule pc turn off 15 mis now,SHUTDOWN_TIMER
go ahead and explain your name today,NEUTRAL
go ahead and go to default browser to go online,OPEN_NET
can you halt computer please,POWER_OFF
show background tasks on this system,SHOW_TASKS
i need to set shutdown timer 15 mins,SHUTDOWN_TIMER
could you show system monitor to end tasks,OPEN_TASK_MANAGER
can you get active processes now,SHOW_TASKS
i need to do some math to verify cpu and ram info,SHOW_SYSTEM_INFO
i need to close access to workstation,LOCK_SCREEN
can you manage wifi settings to fix wifi,OPEN_NETWORK_SETTINGS
can you monitor disk capacity please,STORAGE_INFO
end app now,PROCESS_KILL
could you traceroute to server now,TRACE_ROUTE
can you shutdown timer in 45 minutes please,SHUTDOWN_TIMER
please fix my display drivers,DRIVER_MGMT
i want to restart machine immediately,RESTART
run monitor lag please,DRIVER_MGMT
open up a new command prompt session right now.,OPEN_CMD
i need to get hardware load high,CHECK_RESOURCES
i want to perform dns resolution for a host,DNS_LOOKUP
could you start calc please,OPEN_CALCULATOR
i want to reboot machine immediately,RESTART
could you close task immediately,PROCESS_KILL
please shutdown timer for 20 minutes please,POWER_OFF_TIMER
execute command line please,OPEN_CMD
go ahead and get running tasks on this system,SHOW_TASKS
i need to how are the news please,NEUTRAL
can you start drivers to fix displays,DRIVER_MGMT
could you stop program instantly,QUIT_PROGRAM
can you end task chrome,PROCESS_KILL
can you check latency to 8.8.8.8 now,PING_GOOGLE
could you test connectivity to external host,PING_GOOGLE
i need to quit shellsense immediately,QUIT_PROGRAM
could you manage storage info,STORAGE_INFO
can you display running programs,SHOW_TASKS
could you print active processes on this system,SHOW_TASKS
i need to shutdown timer in 15 mins now,SHUTDOWN_TIMER
reset pc instantly,RESTART
can you trace route to server to dbeug route,TRACE_ROUTE
could you check system load on this system,CHECK_RESOURCES
i need to execute commnad prompt please,OPEN_CMD
can you open system monitor,OPEN_TASK_MANAGER
print my pc specs,SHOW_SYSTEM_INFO
go ahead and tell me the weather please,NEUTRAL
please check hard drive storage lease,STORAGE_INFO
i need to schedule shutdown after 1 hour immediately,POWER_OFF_TIMER
manage disk management on this pc,STORAGE_INFO
could you get cpu usage to mznitor status,CHECK_RESOURCES
i want to print background tasks,SHOW_TASKS
please shutdown timer for 15 mins please,POWER_OFF_TIMER
i want to run graphics driver,DRIVER_MGMT
get system load,CHECK_RESOURCES
could you manage drive allocation on this pc,STORAGE_INFO
please can you the weather please,NEUTRAL
could you view wifi settings now,OPEN_NETWORK_SETTINGS
can you monitor performance statistics,CHECK_RESOURCES
open sharing center please,OPEN_NETWORK_SETTINGS
could you terminaee running process immediately,PROCESS_KILL
open web portal to go online,OPEN_NET
can you map connection route to server,TRACE_ROUTE
i need to resolve hdmi lag to fix displays,DRIVER_MGMT
check cpu usage on this system,CHECK_RESOURCES
could you end pid immediately,PROCESS_KILL
please display system processes now,SHOW_TASKS
can you view system processes on this system,SHOW_TASKS
could you display task list now,SHOW_TASKS
could you get task list please,SHOW_TASKS
jlease do nslookup for a host,DNS_LOOKUP
please sign out pc right away,LOCK_SCREEN
i need to start device manager for lag issues,DRIVER_MGMT
could you go to slow network now,OPEN_NETWORK_SETTINGS
i want to whats internal ip of this pc,CHECK_IP
i want to verify specs profile,SHOW_SYSTEM_INFO
can you start commnad prompt please,OPEN_CMD
auto shutdown in 15 mins,SHUTDOWN_TIMER
could you set shudown timer after 1 hour,SHUTDOWN_TIMER
check latency to external fost for latency check,PING_GOOGLE
i want to show slow connection,OPEN_NETWORK_SETTINGS
i need to display os details please,SHOW_SYSTEM_INFO
could you check latecny to google to check internet,PING_GOOGLE
traceroute to server,TRACE_ROUTE
auto shutdown in an hour please,SHUTDOWN_TIMER
explain the weather for me,NEUTRAL
i want to reveal system info now,SHOW_SYSTEM_INFO
viw task list,SHOW_TASKS
i need to end program with force,PROCESS_KILL
i want to open the net to surf,OPEN_NET
switch off workstation safe shutdown,POWER_OFF
go ahead and run hdmi connection,DRIVER_MGMT
could you turn off pc in 30 mins immediately,POWER_OFF_TIMER
turn off pc in 15 mins,POWER_OFF_TIMER
i want to shutdown timer for 5 minutes from now,POWER_OFF_TIMER
what is the meaning of your name right now,NEUTRAL
go ahead and show claculator quickly,OPEN_CALCULATOR
i need to find ip please,CHECK_IP
can you show internal ip of my machine,CHECK_IP
i need to access active applications list now,OPEN_TASK_MANAGER
go ahead and manage sharing center now,OPEN_NETWORK_SETTINGS
i ned to power off system instantly,POWER_OFF
open commnad prompt,OPEN_CMD
i want to lock computer now,LOCK_SCREEN
can you query name resolution for github.com,DNS_LOOKUP
please send packets to 8.8.8.8 now,PING_GOOGLE
can you quit program,QUIT_PROGRAM
i need to stop the application immediately,QUIT_PROGRAM
go ahead and protcet computer please,LOCK_SCREEN
please run command prompt please,OPEN_CMD
i want to monitor system resources on this system,CHECK_RESOURCES
please view process manager now,OPEN_TASK_MANAGER
please lock workstation for safety,LOCK_SCREEN
please display disk capacity on this pc,STORAGE_INFO
go ahead and launch claculator,OPEN_CALCULATOR
end program please,PROCESS_KILL
please set power off in 45 minutes immediately,POWER_OFF_TIMER
please launch taskmgr,OPEN_TASK_MANAGER
i need to fix my hdmi lag issues for lag issues,DRIVER_MGMT
i want to test connectivity to google.com for latency check,PING_GOOGLE
can you send packets to external host to check internet,PING_GOOGLE
i want to reboot workstation right away,RESTART
i need to check hardware utilization,CHECK_RESOURCES
can you lookup domain ip for github.com,DNS_LOOKUP
please power cycle workstation right away,RESTART
i need to monitor resource consumption,CHECK_RESOURCES
can you execute claculator to calculate numbers,OPEN_CALCULATOR
go ahead and set power off in 20 minutes,POWER_OFF_TIMER
go ahad and power cycle pc now,RESTART
i need to access internet settings now,OPEN_NETWORK_SETTINGS
go ahead and test network on google to check internet,PING_GOOGLE
go haead and protect pc now,LOCK_SCREEN
i want to kill power to system immediately,POWER_OFF
i want to open math app to calculate numbers,OPEN_CALCULATOR
shutdown system instantly,POWER_OFF
i need to log off windows screen right away,LOCK_SCREEN
please perform domain ip for a host,DNS_LOOKUP
can you show details of hardware details now,SHOW_SYSTEM_INFO
go ahead and close program,QUIT_PROGRAM
please shut down interface,QUIT_PROGRAM
go to web portal to go online,OPEN_NET
go ahead and track cpu usage please,CHECK_RESOURCES
i want to lookup dns resolution on 8.8.8.,DNS_LOOKUP
i need to show maht app please,OPEN_CALCULATOR
i need to check device manager please,DRIVER_MGMT
please test connectivity to google servers now,PING_GOOGLE
i need to go to edeg browser now,OPEN_NET
please power off pc safe shutdown,POWER_OFF
i want to monitor disk capacity for c drive,STORAGE_INFO
go ahead and shut down operations instantly,QUIT_PROGRAM
can you end pid with force,PROCESS_KILL
please tracert to a domain please,TRACE_ROUTE
i need to hello the weather,NEUTRAL
i want to start name resolution for google.com,DNS_LOOKUP
can you start web browser to surf,OPEN_NET
please view system processes please,SHOW_TASKS
i want to show cpu and ram info,SHOW_SYSTEM_INFO
i need to what is life today,NEUTRAL
could you go to connection speed please,OPEN_NETWORK_SETTINGS
can you check nslookup for github.com,DNS_LOOKUP
lookup dns info on 8.8.8.8,DNS_LOOKUP
shut down gui panel please,QUIT_PROGRAM
could you get internal ip now,CHECK_IP
could you stop frozen app please,PROCESS_KILL
start domain ip on 8.8.8.8,DNS_LOOKUP
can you force close program,PROCESS_KILL
can you view hardware utilization on this system,CHECK_RESOURCES
i want to monitor storage info for c drive,STORAGE_INFO
cquld you switch off workstation immediately,POWER_OFF
i want to bring up active applications list to end tasks,OPEN_TASK_MANAGER
i want to reveal current ip now,CHECK_IP
can you restatr workstation instantly,RESTART
i want to view network settings,OPEN_NETWORK_SETTINGS
could you timer for shutdown 45 minutes now,SHUTDOWN_TIMER
i need to view hardware details,SHOW_SYSTEM_INFO
pleaes access task manager please,OPEN_TASK_MANAGER
i want to shutdown timer for after 1 hour,POWER_OFF_TIMER
go ahead and show adapter properties to fix wifi,OPEN_NETWORK_SETTINGS
could you halt computer now,POWER_OFF
please launch chrome browser please,OPEN_NET
"show me the current local ip address, please.",CHECK_IP
i need to force close frozen app now,PROCESS_KILL
i want to go to edge browser,OPEN_NET
i need to launch the internet,OPEN_NET
i want to view drive allocation for c drive,STORAGE_INFO
go ahead and bring up command prompt quickly,OPEN_CMD
could you show active processes on this system,SHOW_TASKS
cokld you switch off pc immediately,POWER_OFF
i need to fix my wifi panel now,OPEN_NETWORK_SETTINGS
kill power to machine please,POWER_OFF
could you get ipv4 address on this system,CHECK_IP
i want to show calc to calculate numbers,OPEN_CALCULATOR
please what is the time right now,NEUTRAL
can you check system resources,CHECK_RESOURCES
could you turn off computer now,POWER_OFF
i want to resolve hdmi driver now,DRIVER_MGMT
sign out screef please,LOCK_SCREEN
could you set shutdown timer 5 minutes please,SHUTDOWN_TIMER
could you hello with homework today,NEUTRAL
view os details,SHOW_SYSTEM_INFO
show me the latest cpu temperature readings.,CHECK_RESOURCES
pltase stop program instantly,QUIT_PROGRAM
could you qheck system resources,CHECK_RESOURCES
please update hdmi connection now,DRIVER_MGMT
please manage network connections to check connections,OPEN_NETWORK_SETTINGS
power cycle system immediately,RESTART
print ip address please,CHECK_IP
i want to sign out srssion immediately,LOCK_SCREEN
launch display drivers for lag issues,DRIVER_MGMT
display active processes on this system,SHOW_TASKS
can you reboot computer now,RESTART
please map connection route to google.com,TRACE_ROUTE
please shutdown workstation right away,POWER_OFF
i need to ping google for latency check,PING_GOOGLE
i need to test connectivity to google.com to check internet,PING_GOOGLE
manage storage info for c drive,STORAGE_INFO
go ahead and bring up process manager please,OPEN_TASK_MANAGER
can you why is the time for me,NEUTRAL
go ahead and exit shellsense immediately,QUIT_PROGRAM
go ahed and exit operations now,QUIT_PROGRAM
can you check memory load to monitor status,CHECK_RESOURCES
i want to access web portal now,OPEN_NET
get performance statistics on this system,CHECK_RESOURCES
i need to display partition info for c drive,STORAGE_INFO
go ahead and start domain ip on github,DNS_LOOKUP
go ahead and shutdown timer for 10 minutes please,POWER_OFF_TIMER
go ahead and check system resources on this system,CHECK_RESOURCES
can you display performance statistics please,CHECK_RESOURCES
whats ipv4 address for me,CHECK_IP
i want to close access to session for safety,LOCK_SCREEN
could you traceroute to server please,TRACE_ROUTE
i want to sign out session please,LOCK_SCREEN
i want to schedule shutdown 30 mins immediately,POWER_OFF_TIMER
kill application with force,PROCESS_KILL
shut down shellsense now,QUIT_PROGRAM
fix my wifi panle please,OPEN_NETWORK_SETTINGS
please open process manager to end tasks,OPEN_TASK_MANAGER
please power off system safe shutdown,POWER_OFF
could you schedule pc turn off 15 mins please,SHUTDOWN_TIMER
could you log off computer for safety,LOCK_SCREEN
could you timer for shutdown 45 minutes,SHUTDOWN_TIMER
shutdown windows desktop now,POWER_OFF
please run default browser to surf,OPEN_NET
can you lock pc please,LOCK_SCREEN
query name resolution on github,DNS_LOOKUP
i want to shutdown timer for an hour please,POWER_OFF_TIMER
i want to stop program immediately,QUIT_PROGRAM
display task list now,SHOW_TASKS
i need to launch process manager now,OPEN_TASK_MANAGER
check dns info on github,DNS_LOOKUP
i want to go to slow connection now,OPEN_NETWORK_SETTINGS
i need to launch cli console instantly,OPEN_CMD
could you shutdown workstation please,POWER_OFF
open calclator,OPEN_CALCULATOR
could you launch hdmi lag now,DRIVER_MGMT
i need to power cycle machine immediately,RESTART
i need to scheudle pc turn off 15 mins,SHUTDOWN_TIMER
i need to end pid with force,PROCESS_KILL
can you do some math to verify os details,SHOW_SYSTEM_INFO
could you view storage info on this pc,STORAGE_INFO
can you schedule pc turn off 5 minutes,SHUTDOWN_TIMER
i need to view task manager now,OPEN_TASK_MANAGER
go ahead and display calculator,OPEN_CALCULATOR
could you run calculator now,OPEN_CALCULATOR
i want to manage peripheral devices now,DRIVER_MGMT
power off windows desktop right away,POWER_OFF
can you lookup dns resolution for google.com,DNS_LOOKUP
could you show drive allocation,STORAGE_INFO
i need to udpate hdmi lag to fix displays,DRIVER_MGMT
please update hdmi driver now,DRIVER_MGMT
please show pc specifications for me,SHOW_SYSTEM_INFO
open system monitor now,OPEN_TASK_MANAGER
can you set power off in 30 mins please,POWER_OFF_TIMER
i want to get active processes,SHOW_TASKS
i need to resolve peripheral devices for lag issues,DRIVER_MGMT
i need to force close frozen app please,PROCESS_KILL
could you run the internet now,OPEN_NET
go ahead and run command prompt,OPEN_CMD
go ahead and fix my hdmi lag issues for lag issues,DRIVER_MGMT
can you do dns info for a website,DNS_LOOKUP
i need to reveal ip of my machine,CHECK_IP
could you display internal ip please,CHECK_IP
i want to launch peripheral devicse please,DRIVER_MGMT
go ahead and go to chrome browser to surf,OPEN_NET
open internet setings now,OPEN_NETWORK_SETTINGS
go ahead and terminate runnnig process,PROCESS_KILL
can you modify internet settings now,OPEN_NETWORK_SETTINGS
please show cpu usage,CHECK_RESOURCES
i want to ping google servers,PING_GOOGLE
please stop interface immediately,QUIT_PROGRAM
please set shutdown timer 15 mins now,SHUTDOWN_TIMER
reset machine instantly,RESTART
can you stop running process by pid,PROCESS_KILL
i want to test network on 8.8.8.8,PING_GOOGLE
i want to check hdmi connection,DRIVER_MGMT
go ahead and switch off windows desktop instantly,POWER_OFF
exit operations immediately,QUIT_PROGRAM
please find ip address of this pc,CHECK_IP
test network on 8.8.8.8 please,PING_GOOGLE
go ahead and print running programs now,SHOW_TASKS
i want to kill gui panel immediately,QUIT_PROGRAM
could you run web portal to go onilne,OPEN_NET
i need to bring up active applications list please,OPEN_TASK_MANAGER
could you power cycle workstation now,RESTART
i ant to switch off system right away,POWER_OFF
can you execute command shell please,OPEN_CMD
could you get active processes please,SHOW_TASKS
could you kill power to workstation right away,POWER_OFF
go to web portal please,OPEN_NET
can you manage hdhi driver now,DRIVER_MGMT
can you get memory load on this system,CHECK_RESOURCES
i want to start shell prompt instantly,OPEN_CMD
"show me the latest system load data, please.",CHECK_RESOURCES
i need to get cpu and ram info,SHOW_SYSTEM_INFO
i want to manage storage details now,STORAGE_INFO
could you display system details please,SHOW_SYSTEM_INFO
go ahead and launch calclator,OPEN_CALCULATOR
i need to close access to machine for safety,LOCK_SCREEN
hello the weather right now,NEUTRAL
please run calculator for some math,OPEN_CALCULATOR
could you set shutdown timer 5 minutes immediately,SHUTDOWN_TIMER
i need to power off pc immediately,POWER_OFF
can you set shutdown timer 45 minutes now,SHUTDOWN_TIMER
coudl you get current ip,CHECK_IP
could you manage peripheral devices for lag issues,DRIVER_MGMT
send apckets to google.com,PING_GOOGLE
could you set shutdown timer 10 minutes,SHUTDOWN_TIMER
i want to restart system now,RESTART
please bring up terminal quickly,OPEN_CMD
go ahead and display network ip of my machine,CHECK_IP
i need to launch hardware drivers please,DRIVER_MGMT
can you launch drivers now,DRIVER_MGMT
delay shutdown by an hour so i can finish this meeting.,POWER_OFF_TIMER
please restart machine instantly,RESTART
can you forec quit pid,PROCESS_KILL
prack path to host now,TRACE_ROUTE
could you display system info of this machine,SHOW_SYSTEM_INFO
can you configure connection speed now,OPEN_NETWORK_SETTINGS
go ahead and launch web portal to surf,OPEN_NET
could you tell me you doing,NEUTRAL
could you kill shellsense immediately,QUIT_PROGRAM
go ahead and log off machine for safety,LOCK_SCREEN
could you tracert to server pease,TRACE_ROUTE
"""how do i kill the 'my documents' folder service?",PROCESS_KILL
please ping 8.8.8.8 now,PING_GOOGLE
go ahead and traceroute to github.com now,TRACE_ROUTE
i want to run graphics driver please,DRIVER_MGMT
could you map connection route to 8.8.8.8 please,TRACE_ROUTE
can you test network on external host please,PING_GOOGLE
i want to timer for shutdown 15 mins,SHUTDOWN_TIMER
i want to track hardware utilization,CHECK_RESOURCES
i need to view task manager to kill process,OPEN_TASK_MANAGER
go ahead and hi you doing,NEUTRAL
list system processes on this system,SHOW_TASKS
can you check storage details plase,STORAGE_INFO
can you open internet settings to check connections,OPEN_NETWORK_SETTINGS
omen default browser to surf,OPEN_NET
i want to set power off in an hour please,POWER_OFF_TIMER
go ahead and view free space,STORAGE_INFO
open active applications list now,OPEN_TASK_MANAGER
can you halt machine immediately,POWER_OFF
can you set a shutdown timer 15 mins please,POWER_OFF_TIMER
please reveal internal ip,CHECK_IP
can you how do i make your name today,NEUTRAL
can you start system monitor to end tasks,OPEN_TASK_MANAGER
i want to shutdown workstation immediately,POWER_OFF
can you execut command shell please,OPEN_CMD
reveal current ip,CHECK_IP
can you shut down gui panel instantly,QUIT_PROGRAM
stop operations now,QUIT_PROGRAM
go ahead and print current ip please,CHECK_IP
go ahead and execute command prompt now,OPEN_CMD
could you open default browser now,OPEN_NET
i need to terminate application please,PROCESS_KILL
can you display system processes on this system,SHOW_TASKS
could you tracert to a domain now,TRACE_ROUTE
display partition info for c drive,STORAGE_INFO
can you shutdown timer in 10 minutes please,SHUTDOWN_TIMER
go ahead and view system info,SHOW_SYSTEM_INFO
i want to do some math to verify calculator utility,OPEN_CALCULATOR
execute name resolution for a website,DNS_LOOKUP
reboot machine immediately,RESTART
please end pid now,PROCESS_KILL
can you stop process by pid,PROCESS_KILL
i want to view system please,SHOW_SYSTEM_INFO
please perform dns info for a host,DNS_LOOKUP
go ahead and force close pid immediately,PROCESS_KILL
go ahead and check dns resolution on google,DNS_LOOKUP
can you tracert to server now,TRACE_ROUTE
bring up calc now,OPEN_CALCULATOR
auto shutdown in 20 minutes,SHUTDOWN_TIMER
i want to timer for shutdown after 1 hour please,SHUTDOWN_TIMER
could you stop process,PROCESS_KILL
could you do some math to verify my system for me,SHOW_SYSTEM_INFO
could you check memory load please,CHECK_RESOURCES
i need to schedule shutdown 10 minutes from now,POWER_OFF_TIMER
i need to send packets to google for latency check,PING_GOOGLE
i need to halt machine now,POWER_OFF
can you reset pc right away,RESTART
trace route to github.com to debug route,TRACE_ROUTE
please check partition info now,STORAGE_INFO
go ahead and track performance statistics on this system,CHECK_RESOURCES
can you show task manager,OPEN_TASK_MANAGER
go ahead and access active applications list to kill process,OPEN_TASK_MANAGER
could you exit shellsense please,QUIT_PROGRAM
tracert to 8.8.8.8,TRACE_ROUTE
i want to open network settings now,OPEN_NETWORK_SETTINGS
please ping external host to check internet,PING_GOOGLE
can you show system monitor to kill process,OPEN_TASK_MANAGER
please restqrt machine please,RESTART
go ahead and start terminal now,OPEN_CMD
please whats my system resources high,CHECK_RESOURCES
i want to reboot pc immediately,RESTART
could you open active applications list please,OPEN_TASK_MANAGER
i need to launch system monitor to end tasks,OPEN_TASK_MANAGER
go ahead and who is you doing right now,NEUTRAL
please execute calculator utlity please,OPEN_CALCULATOR
can you track performance statistics,CHECK_RESOURCES
please display system details,SHOW_SYSTEM_INFO
go ahead and display running programs on this system,SHOW_TASKS
can you start the net,OPEN_NET
i want to shutdown timer for after 1 hour from now,POWER_OFF_TIMER
"force close internet explorer 11 for me, please.",PROCESS_KILL
what's the current ip that you're referring to?,CHECK_IP
could you run calculations tool quickly,OPEN_CALCULATOR
could you halt workstation immediately,POWER_OFF
view ram utilization please,CHECK_RESOURCES
could you schedule shutdown 10 minutes please,POWER_OFF_TIMER
go ahead and start calculator for some math,OPEN_CALCULATOR
i need to do nslookup for github.com,DNS_LOOKUP
please lookup dns resolution on google,DNS_LOOKUP
please find ip of this pc,CHECK_IP
can you perform domain ip on google,DNS_LOOKUP
go ahead and start cmd please,OPEN_CMD
can you bring up active applications list to end tasks,OPEN_TASK_MANAGER
oculd you launch graphics driver,DRIVER_MGMT
please show network settings to fix wifi,OPEN_NETWORK_SETTINGS
what is your name,NEUTRAL
could you query domain ip on github,DNS_LOOKUP
go ahead and start defaul browser please,OPEN_NET
display ipv4 address please,CHECK_IP
can you end process with force,PROCESS_KILL
could you launch calc to calculate numbers,OPEN_CALCULATOR
please can you with homework today,NEUTRAL
can you why is with homework please,NEUTRAL
i need to list running tasks now,SHOW_TASKS
please halt system safe shutdown,POWER_OFF
i neer to show calculator,OPEN_CALCULATOR
can you get system processes on this system,SHOW_TASKS
can you close interface now,QUIT_PROGRAM
could you shut down interface,QUIT_PROGRAM
i want to verify os details for me,SHOW_SYSTEM_INFO
power off machine now,POWER_OFF
i need to close shellsense instantly,QUIT_PROGRAM
go ahead and launch cli console,OPEN_CMD
i want to open internet settings now,OPEN_NETWORK_SETTINGS
i need to display hardware utilization please,CHECK_RESOURCES
how do i make about yourself right now,NEUTRAL
can you what is olcal ip of my machine,CHECK_IP
go ahead and force close process taskmgr,PROCESS_KILL
can you can you the weather right now,NEUTRAL
please print ipv4 address now,CHECK_IP
check network ip,CHECK_IP
could you fix my internet settings to check connections,OPEN_NETWORK_SETTINGS
trcak performance statistics please,CHECK_RESOURCES
could you auto shutdown in 5 minutes,SHUTDOWN_TIMER
please display ip config of this pc,CHECK_IP
can you view process manager now,OPEN_TASK_MANAGER
could you modify adapter properties please,OPEN_NETWORK_SETTINGS
could you restart workstation right away,RESTART
i need to lock screen immediately,LOCK_SCREEN
plaese view system processes please,SHOW_TASKS
open calculator utilty to calculate numbers,OPEN_CALCULATOR
i need to exit gui panel instantly,QUIT_PROGRAM
go ahead and set power off in 30 mns,POWER_OFF_TIMER
go ahead and access web portl to go online,OPEN_NET
can you auto shutdown in after 1 hour immediately,SHUTDOWN_TIMER
go ahead and do dns resolution on google,DNS_LOOKUP
i want to go to web portal to surf,OPEN_NET
go ahead and test connectivity to google to check internet,PING_GOOGLE
track path to github.com now,TRACE_ROUTE
please shut down program immediately,QUIT_PROGRAM
shutdown computer immediately,POWER_OFF
i want to check drivers for lag issues,DRIVER_MGMT
go ahead and veiw free space for c drive,STORAGE_INFO
i need to force close frozen app with force,PROCESS_KILL
can you end process,PROCESS_KILL
can you get ip address please,CHECK_IP
please turn off pc in an hour immediately,POWER_OFF_TIMER
can you run hdmi lag issues to fix displays,DRIVER_MGMT
could you bring up termnial instantly,OPEN_CMD
i want to display disk space please,STORAGE_INFO
could you who is the weather for me,NEUTRAL
could you check hardware utilization please,CHECK_RESOURCES
could you auto shutdown in an hour,SHUTDOWN_TIMER
tell me about pc specifications please,SHOW_SYSTEM_INFO
please exit shellsense instantly,QUIT_PROGRAM
i need to power cycle machine right away,RESTART
quickly lock the windows desktop screen asap.,LOCK_SCREEN
please manage display drivers please,DRIVER_MGMT
can you launch chrome browser now,OPEN_NET
can you trace route to host,TRACE_ROUTE
can you test connectivity to google.com to check internet,PING_GOOGLE
could you shutdown machine immediately,POWER_OFF
can you stop the application,QUIT_PROGRAM
go ahead and execute name regolution for a website,DNS_LOOKUP
please display drive allocation for c drive,STORAGE_INFO
can you schedule pc turn off 30 mins,SHUTDOWN_TIMER
please timer for shutdown after 1 hour now,SHUTDOWN_TIMER
i want to close interface now,QUIT_PROGRAM
please run terminal now,OPEN_CMD
can you show cpu and ram info now,SHOW_SYSTEM_INFO
could you check free space full,STORAGE_INFO
could you execute nslookup on 8.8.8.8,DNS_LOOKUP
go ahead and launch shell prompt,OPEN_CMD
please show sharing center to fix wifi,OPEN_NETWORK_SETTINGS
go ahead and print current ip for me,CHECK_IP
please access task manager to end tasks,OPEN_TASK_MANAGER
could you check ram utilization,CHECK_RESOURCES
go ahead and configure sharing center please,OPEN_NETWORK_SETTINGS
power cycle computer please,RESTART
could you test network on google.com now,PING_GOOGLE
i want to print running programs please,SHOW_TASKS
go ahead and monitor storage details on this pc,STORAGE_INFO
can you check partition info for c drive,STORAGE_INFO
i need to launch taskmgr,OPEN_TASK_MANAGER
i need to end pid by pid,PROCESS_KILL
track ram utilization please,CHECK_RESOURCES
log off scree for safety,LOCK_SCREEN
protect screen please,LOCK_SCREEN
i want to open cli console,OPEN_CMD
pease halt workstation immediately,POWER_OFF
i need to run terminal,OPEN_CMD
i need to switch off machine now,POWER_OFF
i want to set a shutdown timer an hour please,POWER_OFF_TIMER
can you display storage details please,STORAGE_INFO
could you test connectivity to 8.8.8.8 to check internet,PING_GOOGLE
can you timer for shutdown 45 minutes immediately,SHUTDOWN_TIMER
please lookup dns resolution for google.com,DNS_LOOKUP
please set shutdown timer 30 mins now,SHUTDOWN_TIMER
please whats ip config of my machine,CHECK_IP
go ahead and manage internet settings to fix wifi,OPEN_NETWORK_SETTINGS
i need to map connection route to github.com now,TRACE_ROUTE
could you shutdown pc immediately,POWER_OFF
can you display resource consumption please,CHECK_RESOURCES
could you open system monitor now,OPEN_TASK_MANAGER
go ahead and schedule pc turn off 45 minutes now,SHUTDOWN_TIMER
could you execute calc quickly,OPEN_CALCULATOR
i want to print running tasks please,SHOW_TASKS
i need to timer for shutdown after 1 hour please,SHUTDOWN_TIMER
i want to launch active applications list,OPEN_TASK_MANAGER
i need to get current ip for me,CHECK_IP
quit shellsense now,QUIT_PROGRAM
i need to log off computer immediately,LOCK_SCREEN
could you set power off in 5 minutes,POWER_OFF_TIMER
please monitor disk management for c drive,STORAGE_INFO
i want to view system info now,SHOW_SYSTEM_INFO
i need to reboot machine please,RESTART
start shell prompt instantly,OPEN_CMD
please power cycle pc instantly,RESTART
please shutdown timer in 30 mins immediately,SHUTDOWN_TIMER
"""i'm trying to get out of shellsense but can't seem to figure it out.",QUIT_PROGRAM
can you display task list,SHOW_TASKS
could you display running programs,SHOW_TASKS
i want to view network settings now,OPEN_NETWORK_SETTINGS
i need to perfomm nslookup on github,DNS_LOOKUP
go to chrome browser to surf,OPEN_NET
please display system load on this system,CHECK_RESOURCES
why is how pc works right now,NEUTRAL
can you timer for shutdown 5 minutes immediately,SHUTDOWN_TIMER
could you open calculator utility please,OPEN_CALCULATOR
go ahead and kill power to system right aay,POWER_OFF
please track memory load,CHECK_RESOURCES
troubleshoot hdmi lag,DRIVER_MGMT
i need to open task manager pelase,OPEN_TASK_MANAGER
could you reboot system please,RESTART
could you start systm monitor please,OPEN_TASK_MANAGER
go ahead and open hdmi lag issues,DRIVER_MGMT
print background tasks,SHOW_TASKS
i need to access task manager now,OPEN_TASK_MANAGER
i need to reset machine right away,RESTART
do you have any process killer commands available?,CHECK_RESOURCES
can you open process manager now,OPEN_TASK_MANAGER
i want to open default browser,OPEN_NET
could you print network ip please,CHECK_IP
go ahead and tracert to 8.8.8.8 to debug route,TRACE_ROUTE
please shutdown timer in 5 minutes please,SHUTDOWN_TIMER
can you reveal network ip for me,CHECK_IP
find ip for me,CHECK_IP
i want to what is ip please,CHECK_IP
i need to power cycle workstation please,RESTART
go ahead and do some math to verify system info now,SHOW_SYSTEM_INFO
go ahead and display system load on this system,CHECK_RESOURCES
can you perform dns info on github,DNS_LOOKUP
please view process manager please,OPEN_TASK_MANAGER
exit gui panel now,QUIT_PROGRAM
could you why is how pc works today,NEUTRAL
i want to kill power to workstation immediately,POWER_OFF
bring up system monitor,OPEN_TASK_MANAGER
i want to timer for shutdown 10 minutes now,SHUTDOWN_TIMER
please trun off computer please,POWER_OFF
start drivers now,DRIVER_MGMT
i need to bring up cmd instantly,OPEN_CMD
i want to reboot machine right away,RESTART
go ahead and test connectivity to external host,PING_GOOGLE
please set shutdown timer 45 minutes,SHUTDOWN_TIMER
could you what is the news for me,NEUTRAL
could you access the internet,OPEN_NET
can you bring up cmd,OPEN_CMD
can you tracert to github.com to debug route,TRACE_ROUTE
can you reboot workstation instantly,RESTART
i want to bring up process manager to kill process,OPEN_TASK_MANAGER
go ahead and schedule pc turn off an hour please,SHUTDOWN_TIMER
could you display disk space on this pc,STORAGE_INFO
go ahead and reveal ip address,CHECK_IP
could you quit operations instantly,QUIT_PROGRAM
go ahead and view cpu and ram info now,SHOW_SYSTEM_INFO
i need to hello the weather right now,NEUTRAL
i need to perform nslookup on 8.8.8.8,DNS_LOOKUP
go ahead and query nslookup for a website,DNS_LOOKUP
can you display running tasks,SHOW_TASKS
go ahead and sign out session now,LOCK_SCREEN
i want to sign out computer now,LOCK_SCREEN
i want to go to the internet to surf,OPEN_NET
i want to display calc for some math,OPEN_CALCULATOR
could you shut down gui panel instantly,QUIT_PROGRAM
how do i make life,NEUTRAL
i want to manage disk space for c drive,STORAGE_INFO
could you access slow connection please,OPEN_NETWORK_SETTINGS
please terminate task with force,PROCESS_KILL
i need to access the net,OPEN_NET
can you shutdown timer for after 1 hour from now,POWER_OFF_TIMER
i want to open calculations tool now,OPEN_CALCULATOR
resolve device manager please,DRIVER_MGMT
i need to schedule shutdonw 10 minutes immediately,POWER_OFF_TIMER
can you test connectivity to external host please,PING_GOOGLE
i want to display memory load,CHECK_RESOURCES
launch default browser to surf,OPEN_NET
go ahead and start the net,OPEN_NET
tracert to github.com,TRACE_ROUTE
i need to get internal ip of this pc,CHECK_IP
launch taskmgr to kill process,OPEN_TASK_MANAGER
could you close access to screen now,LOCK_SCREEN
can you get running programs on this system,SHOW_TASKS
i want to launch taskmgr,OPEN_TASK_MANAGER
can you check hdmi lag for lag issues,DRIVER_MGMT
can you execute dns resolution on 8.8.8.8,DNS_LOOKUP
go ahead and check ipv4 address of my machine,CHECK_IP
could you launch edge browser to surf,OPEN_NET
i want to kill interface,QUIT_PROGRAM
could you resolve hdmi lag for lag issues,DRIVER_MGMT
lock screen,LOCK_SCREEN
can you track path to github.com please,TRACE_ROUTE
i want to sow active processes please,SHOW_TASKS
could you get hardware utilization to monitor status,CHECK_RESOURCES
force quit application please,PROCESS_KILL
i want to start command line now,OPEN_CMD
i want to close task by pid,PROCESS_KILL
go ahead and shutdown windows desktop immediately,POWER_OFF
open taskmgr now,OPEN_TASK_MANAGER
i want to kill program by pid,PROCESS_KILL
i want to check domain ip for google.com,DNS_LOOKUP
go ahead and bring up cmd now,OPEN_CMD
i want to halt machine right away,POWER_OFF
i want to launch process manager lpease,OPEN_TASK_MANAGER
"""could you suggest how to quickly force-end an ongoing app update on android?",PROCESS_KILL
please execute dns resolution for google.com,DNS_LOOKUP
i want to get disk space for c drive,STORAGE_INFO
i need to configure slow connection,OPEN_NETWORK_SETTINGS
print running programs now,SHOW_TASKS
i want to open teminal,OPEN_CMD
i want to close operations,QUIT_PROGRAM
could you print local ip for me,CHECK_IP
i need to execute dns info for github.com,DNS_LOOKUP
i need to show pc specifications now,SHOW_SYSTEM_INFO
i want to shutdown timer for 10 minutes immediately,POWER_OFF_TIMER
could you display running programs now,SHOW_TASKS
could you print background tasks lease,SHOW_TASKS
please show me aobut os details,SHOW_SYSTEM_INFO
pleaes resolve display drivers,DRIVER_MGMT
please monitor disk space on this pc,STORAGE_INFO
could you check ip4v address now,CHECK_IP
i want to show running tasks on this system,SHOW_TASKS
could you terminate running process please,PROCESS_KILL
i need to lock session right away,LOCK_SCREEN
go ahead and shutdown timer in an hour please,SHUTDOWN_TIMER
please run termnial,OPEN_CMD
could you track path to host to debug route,TRACE_ROUTE
tell me 2 + 2,NEUTRAL
can you terminate program,PROCESS_KILL
go ahead and access connection speed to fix wifi,OPEN_NETWORK_SETTINGS
i want to troubleshoot my adapter properties to fix wifi,OPEN_NETWORK_SETTINGS
please exit shellsense now,QUIT_PROGRAM
could you get ram utilization to monitor status,CHECK_RESOURCES
can you iew pc specifications now,SHOW_SYSTEM_INFO
go to default browser please,OPEN_NET
is my memory check active,CHECK_RESOURCES
could you reveal local ip,CHECK_IP
i want to open system monitor to kill process,OPEN_TASK_MANAGER
i need to tracert to server to debug route,TRACE_ROUTE
i want to query dns records on google,DNS_LOOKUP
go ahead and bring up calcuator quickly,OPEN_CALCULATOR
go ahead and display specs profile for me,SHOW_SYSTEM_INFO
go ahead and launch chrome browser to go online,OPEN_NET
i need to bring up active applications list to kill process,OPEN_TASK_MANAGER
could you stop gui panel now,QUIT_PROGRAM
can you show details of specs profile of this machine,SHOW_SYSTEM_INFO
could you display ip please,CHECK_IP
can you tell me about cpu and ram info for me,SHOW_SYSTEM_INFO
go ahead and restart pc right away,RESTART
could you view background tasks on this system,SHOW_TASKS
can you bring up calcuator now,OPEN_CALCULATOR
go ahead and switch off pc safe shutdown,POWER_OFF
i want to fix my peripheral devices now,DRIVER_MGMT
check if my machine is running at optimal temperatures right now.,CHECK_RESOURCES
go ahead and show active processes on this system,SHOW_TASKS
restart workstation instantly,RESTART
go ahead and get specs for me,SHOW_SYSTEM_INFO
sign out session please,LOCK_SCREEN
i need to can you life today,NEUTRAL
run web browser,OPEN_NET
i want to close access to pc please,LOCK_SCREEN
please query dns info for a host,DNS_LOOKUP
can you verify specs profile of this machine,SHOW_SYSTEM_INFO
go ahead and get drive allocation,STORAGE_INFO
could you secure computer immediately,LOCK_SCREEN
i nede to bring up calculations tool,OPEN_CALCULATOR
could you tracert to 8.8.8.8 to debug route,TRACE_ROUTE
please kill running process immediatley,PROCESS_KILL
modify slow internet,OPEN_NETWORK_SETTINGS
please show sytsem load,CHECK_RESOURCES
i need to stop interface instantly,QUIT_PROGRAM
i want to go to slow wifi to check connections,OPEN_NETWORK_SETTINGS
i want to bring up command line,OPEN_CMD
show me how long it takes for my emails to reach gmail servers after being encrypted.,TRACE_ROUTE
go ahead and timer for shutdown 5 minutes,SHUTDOWN_TIMER
i need to show calculations tolo to calculate numbers,OPEN_CALCULATOR
please execute calculator utility quickly,OPEN_CALCULATOR
i need to execute dns resolution on github,DNS_LOOKUP
i need to auto shutdown in after 1 hour immediately,SHUTDOWN_TIMER
could you run command prompt now,OPEN_CMD
i want to check internal ip now,CHECK_IP
can you sign out windows screen please,LOCK_SCREEN
please track path to github.com now,TRACE_ROUTE
reveal os details for me,SHOW_SYSTEM_INFO
i want to get system resources to monitor status,CHECK_RESOURCES
can you close the application,QUIT_PROGRAM
please reveal system info now,SHOW_SYSTEM_INFO
can you reset computer instantly,RESTART
please access edge browser to surf,OPEN_NET
can you run maht app now,OPEN_CALCULATOR
please shutdown timer in 45 minutes immediately,SHUTDOWN_TIMER
i need to show specs profile for me,SHOW_SYSTEM_INFO
i need to force quit running procses by pid,PROCESS_KILL
could you view specs,SHOW_SYSTEM_INFO
go ahead and show calclator for some math,OPEN_CALCULATOR
i want to end pid immediately,PROCESS_KILL
plesae list running programs,SHOW_TASKS
can you run the internet please,OPEN_NET
go ahead and reboot pc now,RESTART
could you restart pc instantly,RESTART
can you launch system monitor please,OPEN_TASK_MANAGER
i want to stop operations,QUIT_PROGRAM
could you shutdown timer for an hour from now,POWER_OFF_TIMER
can you log off windws screen right away,LOCK_SCREEN
execute terminal instantly,OPEN_CMD
can you set a shutdown timer 45 minutes,POWER_OFF_TIMER
please troubleshoot hdmi connection for lag issues,DRIVER_MGMT
go ahead and shutdown timer for 45 minutes immediately,POWER_OFF_TIMER
i want to fix my internet settings please,OPEN_NETWORK_SETTINGS
go ahead and close running process please,PROCESS_KILL
start hdmi lag issues for lag issues,DRIVER_MGMT
go ahead and sign out session for safety,LOCK_SCREEN
can you kill program instantly,QUIT_PROGRAM
please start hdmi driver for lag issues,DRIVER_MGMT
i want to test connectivity to google please,PING_GOOGLE
i need to explain coffee today,NEUTRAL
could you start web portal now,OPEN_NET
could you stop shellsense please,QUIT_PROGRAM
please launch web browser,OPEN_NET
can you view task list now,SHOW_TASKS
i need to test network on google servers,PING_GOOGLE
go ahead and timer for shutdown 45 minutes,SHUTDOWN_TIMER
please secure workstation immediately,LOCK_SCREEN
i need to what is how pc works please,NEUTRAL
i need to open active applications list now,OPEN_TASK_MANAGER
i want to display ram utilization to monitor status,CHECK_RESOURCES
please log off pc immediately,LOCK_SCREEN
map connection route to github.com,TRACE_ROUTE
go ahead and start teminal please,OPEN_CMD
go ahead and ping google,PING_GOOGLE
display calcator,OPEN_CALCULATOR
go ahead and close running process now,PROCESS_KILL
i need to execute calc for some math,OPEN_CALCULATOR
i want to run dns resolution on 8.8.8.8,DNS_LOOKUP
i want to force close application by pid,PROCESS_KILL
go ahead and display system details,SHOW_SYSTEM_INFO
i want to exit shellsense,QUIT_PROGRAM
i want to manage adapter properties now,OPEN_NETWORK_SETTINGS
could you hello the weather today,NEUTRAL
i wajt to execute commnad prompt please,OPEN_CMD
close running process now,PROCESS_KILL
could you launch process manager to end tasks,OPEN_TASK_MANAGER
i need to execute dns info on google,DNS_LOOKUP
please run graphics driver to fix displays,DRIVER_MGMT
i want to lock session please,LOCK_SCREEN
go ahead and go to the internet please,OPEN_NET
can you execute dns resolution for google.com,DNS_LOOKUP
i want to show hardware details,SHOW_SYSTEM_INFO
"how much disk space do i have left, please?",CHECK_RESOURCES
please check c drive please,STORAGE_INFO
i want to shutdown timer in 30 mins now,SHUTDOWN_TIMER
lookup dns resolution on google,DNS_LOOKUP
please log off screen now,LOCK_SCREEN
i need to turn off pc right away,POWER_OFF
can you get system info please,SHOW_SYSTEM_INFO
can you kill power to pc right away,POWER_OFF
can you list system processes,SHOW_TASKS
go ahead and troubleshoot my slow connection please,OPEN_NETWORK_SETTINGS
can you quit shellsense instantly,QUIT_PROGRAM
could you access network connections,OPEN_NETWORK_SETTINGS
can you show memory load on this system,CHECK_RESOURCES
can you print ip address now,CHECK_IP
please tracert to github.com please,TRACE_ROUTE
switch off windows desktop please,POWER_OFF
i want to open slow network please,OPEN_NETWORK_SETTINGS
show system monitor please,OPEN_TASK_MANAGER
execute name resolution on google,DNS_LOOKUP
i want to close perations immediately,QUIT_PROGRAM
i need to show cpu and ram info of this machine,SHOW_SYSTEM_INFO
quit interface immediately,QUIT_PROGRAM
i need to launch edge browser to go online,OPEN_NET
i need to view drive allocation now,STORAGE_INFO
i need to stop interface,QUIT_PROGRAM
schedule pc turn off 15 mins immediately,SHUTDOWN_TIMER
i need to verify system info please,SHOW_SYSTEM_INFO
i want to view hard drive storage for c drive,STORAGE_INFO
can you protect pc right away,LOCK_SCREEN
schedule shutdown 10 minutes immediately,POWER_OFF_TIMER
go ahead and show math app quickly,OPEN_CALCULATOR
i want to run calc quickly,OPEN_CALCULATOR
i need to run hardware drivers now,DRIVER_MGMT
i want to send packets to external host to check internet,PING_GOOGLE
go ahead and exit gui panel please,QUIT_PROGRAM
open the internet to surf,OPEN_NET
can you modify slow network now,OPEN_NETWORK_SETTINGS
can you show active applications list to kill process,OPEN_TASK_MANAGER
trace route to a domain,TRACE_ROUTE
i want to manage disk management please,STORAGE_INFO
please trace route to 8.8.8.8 please,TRACE_ROUTE
please print ip for me,CHECK_IP
could you check system load,CHECK_RESOURCES
could you set a shutdown timer 20 minutes from now,POWER_OFF_TIMER
could you run web browser please,OPEN_NET
please kill frozen app now,PROCESS_KILL
i want to schedule pc turn off afte 1 hour please,SHUTDOWN_TIMER
ould you access web portal please,OPEN_NET
i want to test network on 8.8.8.8 for latency check,PING_GOOGLE
could you auto shutdown in 10 minutes now,SHUTDOWN_TIMER
i need to tracert to a domain now,TRACE_ROUTE
i need to end program,PROCESS_KILL
i need to open default browser please,OPEN_NET
shutdown pc rigt away,POWER_OFF
please sotp process with force,PROCESS_KILL
i want to bring up active applications list please,OPEN_TASK_MANAGER
go ahead and shutdown timer for 30 mins immediately,POWER_OFF_TIMER
can you switch off system please,POWER_OFF
can you check drivers for lag issues,DRIVER_MGMT
i want to start calculator for some math,OPEN_CALCULATOR
print ip config please,CHECK_IP
please test connectivity to 8.8.8.8 to check internet,PING_GOOGLE
i need to timer for shutdown 30 mins immediately,SHUTDOWN_TIMER
please quit gui panel please,QUIT_PROGRAM
i want to get cpu and ram info of this machine,SHOW_SYSTEM_INFO
could you tracert to server now,TRACE_ROUTE
go ahead and reboot workstation instantly,RESTART
please execute command shell instantly,OPEN_CMD
could you show math app please,OPEN_CALCULATOR
go ahead and turn off computer please,POWER_OFF
execute domain ip on github,DNS_LOOKUP
could you show task list,SHOW_TASKS
i need to turn off windows desktop right away,POWER_OFF
i want to display specs of this machine,SHOW_SYSTEM_INFO
i need to view system load please,CHECK_RESOURCES
open calculations tool for some math,OPEN_CALCULATOR
can you bring up commnd shell,OPEN_CMD
i need to execute calculations tool to calculate numbers,OPEN_CALCULATOR
go ahead and check performance statistics please,CHECK_RESOURCES
fix my slow internet now,OPEN_NETWORK_SETTINGS
force close running process,PROCESS_KILL
could you run cli console now,OPEN_CMD
go ahead and start process manager now,OPEN_TASK_MANAGER
could you troubleshoot my sharng center to check connections,OPEN_NETWORK_SETTINGS
i want to trace route to host to debug route,TRACE_ROUTE
go ahead and reboot machine please,RESTART
configure network settings to fix wifi,OPEN_NETWORK_SETTINGS
i want to swtch off computer now,POWER_OFF
please show ip please,CHECK_IP
traceroute to 8.8.8.8 to debug route,TRACE_ROUTE
i need to run name resolution on github,DNS_LOOKUP
please schedule shutdown 45 minutes,POWER_OFF_TIMER
i need to reveal hardware details,SHOW_SYSTEM_INFO
please terminate process by pid,PROCESS_KILL
i need to shut down shellsense,QUIT_PROGRAM
i need to reboot system right away,RESTART
please force close app with force,PROCESS_KILL
could you terminate peocess by pid,PROCESS_KILL
please check internal ip of this pc,CHECK_IP
please reset pc instantly,RESTART
go ahead and test connectivity to google servers now,PING_GOOGLE
lock workstation immediately,LOCK_SCREEN
i want to kill shellsense instantly,QUIT_PROGRAM
please close program now,PROCESS_KILL
view hardware details of this machine,SHOW_SYSTEM_INFO
can you check peripheral devices now,DRIVER_MGMT
go ahead and list system processes now,SHOW_TASKS
display running programs,SHOW_TASKS
could you secure machine please,LOCK_SCREEN
run web portal now,OPEN_NET
i need to can you you doing today,NEUTRAL
can you terminate application by pid,PROCESS_KILL
i want to open command prompt please,OPEN_CMD
can you terminate app immediately,PROCESS_KILL
please modify slow internet to fix wifi,OPEN_NETWORK_SETTINGS
i need to do dns info on 8.8.8.8,DNS_LOOKUP
access the windows sharing center for better internet connectivity.,OPEN_NETWORK_SETTINGS
can you access network settings to fix wifi,OPEN_NETWORK_SETTINGS
could you get storage details on this pc,STORAGE_INFO
can you manage graphics driver now,DRIVER_MGMT
close access to computer please,LOCK_SCREEN
could you view slow wifi please,OPEN_NETWORK_SETTINGS
could you get ram utilization on this system,CHECK_RESOURCES
i need to troubleshoot my slow network please,OPEN_NETWORK_SETTINGS
go to wifi panel now,OPEN_NETWORK_SETTINGS
i want to hello yowr name for me,NEUTRAL
could you secure session,LOCK_SCREEN
can you shutdown compuetr now,POWER_OFF
could you get hardware utilization,CHECK_RESOURCES
could you open taskmgr now,OPEN_TASK_MANAGER
"i need to double-check this, should i try pinging google again?",PING_GOOGLE
i eeed to display calculator quickly,OPEN_CALCULATOR
shutdown timer for 5 minutes from now,POWER_OFF_TIMER
i need to monitor disk capacity on this pc,STORAGE_INFO
can you list task list on this system,SHOW_TASKS
can you get storage details,STORAGE_INFO
can you bring up termnial please,OPEN_CMD
i want to reset machine now,RESTART
i need to execute name resolution for a host,DNS_LOOKUP
can you find ip config now,CHECK_IP
could you shutdown windows desktop now,POWER_OFF
i need to secure pc,LOCK_SCREEN
i want to launch calculations tool please,OPEN_CALCULATOR
i need to display storage details,STORAGE_INFO
sign out computer please,LOCK_SCREEN
modify slow internet please,OPEN_NETWORK_SETTINGS
i want to run nslookup for google.com,DNS_LOOKUP
please access edle browser,OPEN_NET
please turn off pc in 5 minutes immediately,POWER_OFF_TIMER
go ahead and stop interface please,QUIT_PROGRAM
can you kill interface please,QUIT_PROGRAM
go ahead and halt machine instantly,POWER_OFF
please run cli console please,OPEN_CMD
go to chrome browser please,OPEN_NET
go ahead and test connectivity to 8.8.8.8,PING_GOOGLE
please go to slow internet,OPEN_NETWORK_SETTINGS
close pid,PROCESS_KILL
i want to shutdown timer in after 1 hour,SHUTDOWN_TIMER
i want to open the internet now,OPEN_NET
please stop interface now,QUIT_PROGRAM
could you access wifi settings now,OPEN_NETWORK_SETTINGS
i want to check dsik capacity for c drive,STORAGE_INFO
could you tracert to google.com please,TRACE_ROUTE
can you print ip address,CHECK_IP
i need to auto shutdown in 45 minutes now,SHUTDOWN_TIMER
please print internal ip on this system,CHECK_IP
tracert to a domain please,TRACE_ROUTE
go ahead and open calclator to calculate numbers,OPEN_CALCULATOR
i need to start web portal to go online,OPEN_NET
i need to go to the net,OPEN_NET
i need to tracert to 8.8.8.8 please,TRACE_ROUTE
i need to open calculations tool to calculate numbers,OPEN_CALCULATOR
go ahead and stop shellsense please,QUIT_PROGRAM
could you power cycle computer now,RESTART
can you traceroute to github.com please,TRACE_ROUTE
i want to kill running process by pid,PROCESS_KILL
please what is universe for me,NEUTRAL
please shutdown timer in after 1 hour please,SHUTDOWN_TIMER
could you launch calculator quickly,OPEN_CALCULATOR
start nslookup on 8.8.8.8,DNS_LOOKUP
find network ip please,CHECK_IP
map connection orute to google.com please,TRACE_ROUTE
please start termnial now,OPEN_CMD
"""force-reboot my computer right now.",RESTART
please reset computer immediately,RESTART
go ahead and set a shutdown timer 15 mins,POWER_OFF_TIMER
i want to test connectivity to google for latency check,PING_GOOGLE
i want to view taskmgr,OPEN_TASK_MANAGER
please show system processes now,SHOW_TASKS
please execute calculator utility now,OPEN_CALCULATOR
show partition info on this pc,STORAGE_INFO
can you check latency to google.com please,PING_GOOGLE
set shutdown timr 45 minutes now,SHUTDOWN_TIMER
could you close program please,QUIT_PROGRAM
could you display os details please,SHOW_SYSTEM_INFO
coud you troubleshoot my internet settings,OPEN_NETWORK_SETTINGS
i need to get system info of this machine,SHOW_SYSTEM_INFO
i want to do domain ip for a host,DNS_LOOKUP
activate command prompt easily.,OPEN_CMD
i want to check graphics driver now,DRIVER_MGMT
i want to show drive allocation for c drive,STORAGE_INFO
i need to exit interface now,QUIT_PROGRAM
please show pc specifications please,SHOW_SYSTEM_INFO
i need to power off windows desktop right away,POWER_OFF
could you test connectivity to 8.8.8.8,PING_GOOGLE
i need to force close frozen app,PROCESS_KILL
i want to map connection route to a domain now,TRACE_ROUTE
i want to run calculations tool please,OPEN_CALCULATOR
plase start domain ip for github.com,DNS_LOOKUP
can you manage hdmi driver for lag issues,DRIVER_MGMT
can you shut down operations now,QUIT_PROGRAM
please start command prompt,OPEN_CMD
please fix my connection speed,OPEN_NETWORK_SETTINGS
please run calclator to calculate numbers,OPEN_CALCULATOR
i need to set shutdown timer 45 minutes please,SHUTDOWN_TIMER
go ahead and view specs,SHOW_SYSTEM_INFO
could you reboot pc right away,RESTART
protect workstation now,LOCK_SCREEN
could you view disk health please,STORAGE_INFO
please check latency to google servers now,PING_GOOGLE
i need to display storage info on this pc,STORAGE_INFO
please kill app explorer.exe,PROCESS_KILL
please check latency to 8.8.8.8,PING_GOOGLE
i want to open calc for some math,OPEN_CALCULATOR
go ahead and view slow network,OPEN_NETWORK_SETTINGS
can you execute dns resolution for a website,DNS_LOOKUP
i need to auto shutdown in 30 mins please,SHUTDOWN_TIMER
go ahead and display ctive processes,SHOW_TASKS
go ahead and do dns records for google.com,DNS_LOOKUP
can you check system resources to monitor status,CHECK_RESOURCES
i want to display calclator now,OPEN_CALCULATOR
please view active processes now,SHOW_TASKS
please get resovrce consumption on this system,CHECK_RESOURCES
check ipv4 address please,CHECK_IP
can you manage device manager now,DRIVER_MGMT
i want to power cycle pc please,RESTART
go ahead and how are a joke today,NEUTRAL
can you run dns info for a host,DNS_LOOKUP
go ahead and open display drivers please,DRIVER_MGMT
could you force quit program 1234,PROCESS_KILL
could you check nslookup for google.com,DNS_LOOKUP
"""how do i keep the windows 10 desktop locked up so i can’t see anything?",LOCK_SCREEN
i need to manage monitor lag now,DRIVER_MGMT
turn off pc in 10 minutes from now,POWER_OFF_TIMER
ping google,PING_GOOGLE
can you whats current ip of my machine,CHECK_IP
can you schedule pc turn off 10 minutes now,SHUTDOWN_TIMER
i want to set power off in 45 minutes please,POWER_OFF_TIMER
can you display hardware utilization,CHECK_RESOURCES
go ahead and launch command line quickly,OPEN_CMD
go ahead and trace route to 8.8.8.8 please,TRACE_ROUTE
can you end frozen app by pid,PROCESS_KILL
check latency to external host to check internet,PING_GOOGLE
can you ping 8.8.8.8 now,PING_GOOGLE
run hdmi connection to fix displays,DRIVER_MGMT
go ahead and check latency to google.com please,PING_GOOGLE
go ahead and close process now,PROCESS_KILL
please query dns records on github,DNS_LOOKUP
can you track path to github.com now,TRACE_ROUTE
could you force close process please,PROCESS_KILL
go ahead and monitor ram usage now,CHECK_RESOURCES
could you view running programs please,SHOW_TASKS
could you who is how pc works,NEUTRAL
secure workstation please,LOCK_SCREEN
i wtnt to run teminal now,OPEN_CMD
protect screen,LOCK_SCREEN
could you reset pc right away,RESTART
i want to get ipv4 address now,CHECK_IP
i want to access active applications list please,OPEN_TASK_MANAGER
please power off system immediately,POWER_OFF
could you force close application now,PROCESS_KILL
power off computer immediately,POWER_OFF
what's next when disabling my network connection completely?,OPEN_NETWORK_SETTINGS
i need to execute termnial,OPEN_CMD
could you shutdown timer for 15 mins,POWER_OFF_TIMER
please view ip now,CHECK_IP
i need to map connection route to host,TRACE_ROUTE
track path to github.com,TRACE_ROUTE
can you kill the application instantly,QUIT_PROGRAM
could you shut down gui panel,QUIT_PROGRAM
can you force clse task please,PROCESS_KILL
could you lock machine now,LOCK_SCREEN
display calcuator please,OPEN_CALCULATOR
please launch task manager to end tasks,OPEN_TASK_MANAGER
i want to run cli console now,OPEN_CMD
i need to launch command line please,OPEN_CMD
reveal system info for me,SHOW_SYSTEM_INFO
can you set shutdown timer an hour please,SHUTDOWN_TIMER
can you start dns info on github,DNS_LOOKUP
please check ip of my machine,CHECK_IP
can you run calculator utility to calculate numbers,OPEN_CALCULATOR
could you what is with homework today,NEUTRAL
i need to view adapter properties to check connections,OPEN_NETWORK_SETTINGS
please trace route to github.com please,TRACE_ROUTE
please run hdmi connection for lag issues,DRIVER_MGMT
i want to check latency to google,PING_GOOGLE
set shutdown timer an hour please,SHUTDOWN_TIMER
please monitor hardware utilization please,CHECK_RESOURCES
can you can you the weather please,NEUTRAL
please launch chrome browser to surf,OPEN_NET
can you shutdown pc immediately,POWER_OFF
can you halt pc right away,POWER_OFF
go ahead and configure wifi settings now,OPEN_NETWORK_SETTINGS
reboot workstation please,RESTART
can you tet connectivity to 8.8.8.8,PING_GOOGLE
can you start the internet please,OPEN_NET
i need to lock workstation please,LOCK_SCREEN
can you show disk capacity now,STORAGE_INFO
"""what does my current hardware load look like?",CHECK_RESOURCES
i need to print runnkng programs now,SHOW_TASKS
go ahead and sign out windows screen now,LOCK_SCREEN
get ram utilization to monitor status,CHECK_RESOURCES
i want to terminate task immediately,PROCESS_KILL
i need to open cli console,OPEN_CMD
could you exit interface immediately,QUIT_PROGRAM
go ahead and view my pc psecs of this machine,SHOW_SYSTEM_INFO
shutdown timer for 5 minutes,POWER_OFF_TIMER
i want to stop process with force,PROCESS_KILL
can you resolve monitor lag for lag issues,DRIVER_MGMT
i need to test network on google.com please,PING_GOOGLE
please bring up command prompt,OPEN_CMD
go ahead and switch off pc right away,POWER_OFF
i need to display calc now,OPEN_CALCULATOR
could you manage network connections now,OPEN_NETWORK_SETTINGS
i want to bring up calculator utility for some math,OPEN_CALCULATOR
go ahead and close access to computer for safety,LOCK_SCREEN
can you close process,PROCESS_KILL
go ahead and view slow network now,OPEN_NETWORK_SETTINGS
i need to lookup domain ip for google.com,DNS_LOOKUP
i want to view hardware utilization to monitor status,CHECK_RESOURCES
could you start display drivers for lag issues,DRIVER_MGMT
shutdown timer for an hour please,POWER_OFF_TIMER
can you reveal pc specifications for me,SHOW_SYSTEM_INFO
i want to shutdown timer in 45 minutes please,SHUTDOWN_TIMER
can you acuess edge browser now,OPEN_NET
could you show internet settigs,OPEN_NETWORK_SETTINGS
could you kill task immediately,PROCESS_KILL
go ahead and tracroute to google.com,TRACE_ROUTE
"""restart your computer as soon as possible.",RESTART
go ahead and secure session right away,LOCK_SCREEN
i want to display running programs now,SHOW_TASKS
i need to secure windows screen please,LOCK_SCREEN
execute dns resolution for a website,DNS_LOOKUP
can you set a shutdown timer an hour from now,POWER_OFF_TIMER
can you run calcuator now,OPEN_CALCULATOR
i need to open calculator utility to calculate numbers,OPEN_CALCULATOR
can you set power off in 10 minutes from now,POWER_OFF_TIMER
go ahead and what is ipv4 address,CHECK_IP
"""to turn off, i need to press and hold the power key for 20 seconds.",POWER_OFF
could you get hardware details now,SHOW_SYSTEM_INFO
can you reboot system immediately,RESTART
go ahead and shutdown timer in 10 minutes please,SHUTDOWN_TIMER
can you open yharing center to check connections,OPEN_NETWORK_SETTINGS
i need to close program now,QUIT_PROGRAM
can you power cycle workstation immediately,RESTART
reset pc right away,RESTART
please bring up termnial instantly,OPEN_CMD
go ahead and display hard drive storage on this pc,STORAGE_INFO
i want to manage sharing center,OPEN_NETWORK_SETTINGS
i want to open command shell now,OPEN_CMD
please reveal system please,SHOW_SYSTEM_INFO
i need to exit interface immediately,QUIT_PROGRAM
please check disk capacity please,STORAGE_INFO
why is about yourself right now,NEUTRAL
check hardware utilization on this system,CHECK_RESOURCES
go ahead and view ipv4 address now,CHECK_IP
please run cmd quickly,OPEN_CMD
go ahead and whats ipv4 address of this pc,CHECK_IP
power cycle computer now,RESTART
can you shutdown timer in 20 minutes now,SHUTDOWN_TIMER
i want to protect pc for safety,LOCK_SCREEN
go ahead and print system processes now,SHOW_TASKS
please show running tasks on this system,SHOW_TASKS
power cycle workstation immediately,RESTART
go ahead and test network on external host,PING_GOOGLE
please execute command shell now,OPEN_CMD
track path to host,TRACE_ROUTE
can you turn off computer right away,POWER_OFF
go ahead and show system load please,CHECK_RESOURCES
please kill power to computer now,POWER_OFF
get internal ip on this system,CHECK_IP
please send packets to external host to check internet,PING_GOOGLE
could you tell me how pc works please,NEUTRAL
can you protect computer now,LOCK_SCREEN
could you power off system right away,POWER_OFF
please access internet settings to fix wifi,OPEN_NETWORK_SETTINGS
can you timer for shutdown 15 mins please,SHUTDOWN_TIMER
please exit shellsense,QUIT_PROGRAM
could you find ip address now,CHECK_IP
go ahead and get cpu and ram info of this machine,SHOW_SYSTEM_INFO
can you restart machine please,RESTART
i want to show hardware spces profile now,SHOW_SYSTEM_INFO
can you set shutdown timer 20 minutes now,SHUTDOWN_TIMER
i need to run command shell now,OPEN_CMD
please display running programs please,SHOW_TASKS
i need to track path to host please,TRACE_ROUTE
go ahead and access active applications list now,OPEN_TASK_MANAGER
please timer for shutdown 45 minutes immediately,SHUTDOWN_TIMER
go ahead and how do i make you doing,NEUTRAL
display resource consumption on this system,CHECK_RESOURCES
go aheda and show system monitor,OPEN_TASK_MANAGER
i want to close app immediately,PROCESS_KILL
can you display partition info please,STORAGE_INFO
please log off session,LOCK_SCREEN
go ahead and reveal network ip now,CHECK_IP
reveal ip address for me,CHECK_IP
i want to whats ip config for me,CHECK_IP
set shutdown timer 5 minutes please,SHUTDOWN_TIMER
go ahead and sign out machine please,LOCK_SCREEN
please list running tasks on this system,SHOW_TASKS
i need to timer for shutdown 15 mins immediately,SHUTDOWN_TIMER
can you set a shutdown timer 5 minutes immediately,POWER_OFF_TIMER
i need to show storage info please,STORAGE_INFO
can you launch calc quickly,OPEN_CALCULATOR
could you show system resources on this system,CHECK_RESOURCES
could you set power off in 10 minutes from now,POWER_OFF_TIMER
go ahead and shutdown timer in 5 minutes,SHUTDOWN_TIMER
could you tell me the weather right now,NEUTRAL
go ahead and traceroute to 8.8.8.8 please,TRACE_ROUTE
traceroute to host now,TRACE_ROUTE
do dns info on github,DNS_LOOKUP
i need to execute commnad prompt instantly,OPEN_CMD
can you troubleshoot my network connections now,OPEN_NETWORK_SETTINGS
please quit gui vanel immediately,QUIT_PROGRAM
go ahead and run shell prompt,OPEN_CMD
can you log off computer right away,LOCK_SCREEN
i need to tracert to host now,TRACE_ROUTE
go ahead and how do i make the weather for me,NEUTRAL
please perform domain ip for a website,DNS_LOOKUP
go ahead and monitor storage info please,STORAGE_INFO
please timer for shutdown 10 minutes now,SHUTDOWN_TIMER
i want to end app immediately,PROCESS_KILL
go ahead and traceroute to a domain now,TRACE_ROUTE
go ahead and set a shutdown imer 5 minutes from now,POWER_OFF_TIMER
i want to secure computer,LOCK_SCREEN
could you turn off machine right away,POWER_OFF
can you reveal ip conmig please,CHECK_IP
can you access the internet please,OPEN_NET
please run nslookup on 8.8.8.8,DNS_LOOKUP
could you display running tasks,SHOW_TASKS
please access chrome browser to go online,OPEN_NET
i want to run command line instantly,OPEN_CMD
please end frozen app by pid,PROCESS_KILL
i want to restart pc now,RESTART
auto shutdown in 5 minutes immediately,SHUTDOWN_TIMER
go ahead and show slow wifi to fix wifi,OPEN_NETWORK_SETTINGS
i need to view disk capacity please,STORAGE_INFO
test network on google.com now,PING_GOOGLE
go to edge browser,OPEN_NET
i need to tracert to host,TRACE_ROUTE
test network on google to check internet,PING_GOOGLE
can you show ip address for me,CHECK_IP
please set a shutdown timer an hour immediately,POWER_OFF_TIMER
go ahead and verify system details of this machine,SHOW_SYSTEM_INFO
go ahead and run calculator utility please,OPEN_CALCULATOR
could you log off computer immediately,LOCK_SCREEN
please reset computer please,RESTART
i need to start taskmgr now,OPEN_TASK_MANAGER
could you tracert to host now,TRACE_ROUTE
i need to halt system immediately,POWER_OFF
show free space on this pc,STORAGE_INFO
i need to start default browser please,OPEN_NET
go ahead and set shutdown timer 10 minutes immediately,SHUTDOWN_TIMER
tell me about system now,SHOW_SYSTEM_INFO
could you go to adapter properties to check connections,OPEN_NETWORK_SETTINGS
halt windows desktop immediately,POWER_OFF
please bring up claculator for some math,OPEN_CALCULATOR
schedule shutdown 15 mins please,POWER_OFF_TIMER
i want to traceroute to 8.8.8.8 now,TRACE_ROUTE
can you display claculator quickly,OPEN_CALCULATOR
i want to bring up calcuator now,OPEN_CALCULATOR
i need to configure sharing center to check connections,OPEN_NETWORK_SETTINGS
go ahead and modify connection speed now,OPEN_NETWORK_SETTINGS
go ahead and terminate task now,PROCESS_KILL
i need to secure workstation now,LOCK_SCREEN
i need to shut down the application,QUIT_PROGRAM
quit shellsense,QUIT_PROGRAM
i want to end program with force,PROCESS_KILL
i need to why is your name,NEUTRAL
i want to power cycle computer right away,RESTART
could you tell me about my pc specs please,SHOW_SYSTEM_INFO
please auto shutdown in 20 minutes immediately,SHUTDOWN_TIMER
send packets to google now,PING_GOOGLE
please turn off pc in 45 minutes from now,POWER_OFF_TIMER
i want to lock pc for safety,LOCK_SCREEN
go ahead and quit shellsense now,QUIT_PROGRAM
power off pc safe shutdown,POWER_OFF
could you lookup nslookup for google.com,DNS_LOOKUP
turn off workstation right away,POWER_OFF
go ahead and execute command shell quickly,OPEN_CMD
go ahead and start web portal to surf,OPEN_NET
i need to execute cmd quickly,OPEN_CMD
can you display calc to calculate numbers,OPEN_CALCULATOR
monitor memory load to monitor status,CHECK_RESOURCES
i want to monitor ram utilization please,CHECK_RESOURCES
could you restart machine immediately,RESTART
can you close running process please,PROCESS_KILL
i want to shut down program immediately,QUIT_PROGRAM
i need to reboot computer please,RESTART
bring up termnial please,OPEN_CMD
could you check nslookup for github.com,DNS_LOOKUP
go ahead and set a shutdown timer after 1 hour please,POWER_OFF_TIMER
set power off in an hour from now,POWER_OFF_TIMER
can you manage disk capacity for c drive,STORAGE_INFO
i need to power cycle pc please,RESTART
i need to reset system right away,RESTART
i wknt to query dns info on 8.8.8.8,DNS_LOOKUP
can you open hdmi driver please,DRIVER_MGMT
i want to quit the application please,QUIT_PROGRAM
can you access taskmgr please,OPEN_TASK_MANAGER
go ahead and sign out windows screen for safety,LOCK_SCREEN
please fix my slow wifi please,OPEN_NETWORK_SETTINGS
please sign out workstation now,LOCK_SCREEN
please execute calc quickly,OPEN_CALCULATOR
please print ip config of my machine,CHECK_IP
tell me how pc works for me,NEUTRAL
i want to execute cli console instantly,OPEN_CMD
go ahead and test network on google servers to check internet,PING_GOOGLE
can you why is universe please,NEUTRAL
i want to lookup dns records for a website,DNS_LOOKUP
can you launch edge browser,OPEN_NET
i need to display disk capacity for c drive,STORAGE_INFO
please display ram usage now,CHECK_RESOURCES
can you start task manager please,OPEN_TASK_MANAGER
i want to kill power to windows desktop instantly,POWER_OFF
please reboot computer instantly,RESTART
shutdown timer for 15 mins,POWER_OFF_TIMER
please exit the application immediately,QUIT_PROGRAM
show hardware specs profile now,SHOW_SYSTEM_INFO
go ahead and track path to google.com to debug route,TRACE_ROUTE
please do some math to verify calclator for some math,OPEN_CALCULATOR
i want to power off system right away,POWER_OFF
track pah to github.com to debug route,TRACE_ROUTE
please tell me coffee right now,NEUTRAL
i want to get running tasks,SHOW_TASKS
can you check name resolution for github.com,DNS_LOOKUP
i want to open command line now,OPEN_CMD
i need to run display drivers please,DRIVER_MGMT
can you kill power to workstation safe shutdown,POWER_OFF
can you protect pc immediately,LOCK_SCREEN
please switch off computer right away,POWER_OFF
i need to schedule pc turn off 45 minutes,SHUTDOWN_TIMER
can you modify adapter properties now,OPEN_NETWORK_SETTINGS
could you display disk capacity for c drive,STORAGE_INFO
go ahead and shutdown timer in after 1 hour please,SHUTDOWN_TIMER
could you display math app quickly,OPEN_CALCULATOR
go ahead and check device manager,DRIVER_MGMT
i need to monitor cpu usage please,CHECK_RESOURCES
i need to start system monitor,OPEN_TASK_MANAGER
i need to kill app taskmgr,PROCESS_KILL
could you trace route to 8.8.8.8 please,TRACE_ROUTE
can you access active applications list now,OPEN_TASK_MANAGER
could you view running programs,SHOW_TASKS
can you close running process with force,PROCESS_KILL
go ahed and get drive allocation now,STORAGE_INFO
could you turn off pc instantly,POWER_OFF
i want to switch off system immediately,POWER_OFF
can you tracert to google.com to debug route,TRACE_ROUTE
please show hardware etails now,SHOW_SYSTEM_INFO
i need to shutdown tifer in 30 mins please,SHUTDOWN_TIMER
could you test connectivity to external host now,PING_GOOGLE
can you shutdown timer for 45 minutes immediately,POWER_OFF_TIMER
kill the application please,QUIT_PROGRAM
please manage hdmi lag issues to fix displays,DRIVER_MGMT
can you timer for shutdown 20 minutes now,SHUTDOWN_TIMER
go ahead and stop shellsense now,QUIT_PROGRAM
can you display running programs now,SHOW_TASKS
launch active applications list now,OPEN_TASK_MANAGER
could you reveal ip config please,CHECK_IP
i want to close access to workstation,LOCK_SCREEN
i need to start the net now,OPEN_NET
i want to kill gui panel instantly,QUIT_PROGRAM
i want to access the internet please,OPEN_NET
i want to check latency to external host now,PING_GOOGLE
could you how do i make your name please,NEUTRAL
launch hdmi connection to fix displays,DRIVER_MGMT
i want to show system info please,SHOW_SYSTEM_INFO
can you open claculator,OPEN_CALCULATOR
could you run domain ip on github,DNS_LOOKUP
i need to open web browser please,OPEN_NET
force quit task immediately,PROCESS_KILL
can you manage storage details on this pc,STORAGE_INFO
can you shutdown timer for 5 minutes immediately,POWER_OFF_TIMER
i want to do dns records for google.com,DNS_LOOKUP
pleaes display storage info,STORAGE_INFO
i need to protect pc,LOCK_SCREEN
could you launch chrome browser to surf,OPEN_NET
can you execute name resolution for a website,DNS_LOOKUP
i need to bring up task manager please,OPEN_TASK_MANAGER
please terminate app by pid,PROCESS_KILL
go ahead and execute commnad prompt,OPEN_CMD
i need to display disk management please,STORAGE_INFO
i need to trace route to host,TRACE_ROUTE
go ahead and reset workstation instantly,RESTART
could you check network ip of this pc,CHECK_IP
can you show active processes on this system,SHOW_TASKS
i want to display task list on this system,SHOW_TASKS
i want to reveal cpu and ram info,SHOW_SYSTEM_INFO
manage sharing center now,OPEN_NETWORK_SETTINGS
please perfom dns resolution on 8.8.8.8,DNS_LOOKUP
can you log off machine now,LOCK_SCREEN
i want to exit shellsense now,QUIT_PROGRAM
i want to start name resolution for a host,DNS_LOOKUP
please do nslookup for a host,DNS_LOOKUP
please get free space for c drive,STORAGE_INFO
i want to show current ip on this system,CHECK_IP
trace the journey of my data packets when i use whatsapp.,TRACE_ROUTE
track performance statistics on this system,CHECK_RESOURCES
could you set a shutdown timer 15 mins,POWER_OFF_TIMER
could you tets connectivity to google.com,PING_GOOGLE
launch hdmi driver to fix displays,DRIVER_MGMT
could you tell me coffee today,NEUTRAL
start calculator utility please,OPEN_CALCULATOR
please display calculator utility now,OPEN_CALCULATOR
can you hello the time right now,NEUTRAL
please timer for shutdown 5 minutes immediately,SHUTDOWN_TIMER
i need to whats my memory check,CHECK_RESOURCES
please display calculations tool to calculate numbers,OPEN_CALCULATOR
i need to check latency to 8.8.8.8 to check internet,PING_GOOGLE
track cpu usage to monitor status,CHECK_RESOURCES
can you monitor resource consumption,CHECK_RESOURCES
go ahead and list task list please,SHOW_TASKS
go ahead and modify sharing center please,OPEN_NETWORK_SETTINGS
can you secure session immediately,LOCK_SCREEN
please exit program,QUIT_PROGRAM
please start terminal instantly,OPEN_CMD
go ahead and get running programs on this system,SHOW_TASKS
i need to access system monitor please,OPEN_TASK_MANAGER
could you check current ip of my machine,CHECK_IP
power off system please,POWER_OFF
please switch off workstation pleasy,POWER_OFF
can you send packets to external host,PING_GOOGLE
get running programs please,SHOW_TASKS
i need to reboot machine now,RESTART
i need to ping external host for latency check,PING_GOOGLE
i need to turn off pc safe shutdown,POWER_OFF
can you start calcuator to calculate numbers,OPEN_CALCULATOR
i want to send packets to 8.8.8.8 for latency check,PING_GOOGLE
could you start process manager now,OPEN_TASK_MANAGER
could you track cpu usage please,CHECK_RESOURCES
i want to trace route to server now,TRACE_ROUTE
go ahead and close access to workstation,LOCK_SCREEN
get background tasks on this system,SHOW_TASKS
please display system processes on this system,SHOW_TASKS
please view my pc specs now,SHOW_SYSTEM_INFO
i want to log off workstation for safety,LOCK_SCREEN
shutdown timer for after 1 hour immediately,POWER_OFF_TIMER
go ahead and shutdown timer for 20 minutes please,POWER_OFF_TIMER
could you show me about specs profile of this machine,SHOW_SYSTEM_INFO
i need to start monitor lag please,DRIVER_MGMT
i need to manage monitor lag please,DRIVER_MGMT
go ahead and run web browser to surf,OPEN_NET
please run shell prompt quickly,OPEN_CMD
go ahead and shutdown timer in 10 minutes now,SHUTDOWN_TIMER
can you start dns records on github,DNS_LOOKUP
go ahead and switch off machine right away,POWER_OFF
i need to kill power to machine now,POWER_OFF
halt pc instantly,POWER_OFF
go ahead and shutdown timer in 20 minutes please,SHUTDOWN_TIMER
could you print system details,SHOW_SYSTEM_INFO
go ahead and bring up teminal please,OPEN_CMD
show storage info now,STORAGE_INFO
can you execute calculations tool for some math,OPEN_CALCULATOR
i need to is my ram usage please,CHECK_RESOURCES
go ahead and exit program,QUIT_PROGRAM
i want to get performance statistics to monitor status,CHECK_RESOURCES
please configure adapter properties to check connections,OPEN_NETWORK_SETTINGS
could you update drviers please,DRIVER_MGMT
could you run chrome browser now,OPEN_NET
go ahead and shutdown timer for 15 mins from now,POWER_OFF_TIMER
troubleshoot hdmi lag issues please,DRIVER_MGMT
could you hello 2 + 2 today,NEUTRAL
please start cmd quickly,OPEN_CMD
cuold you show system processes,SHOW_TASKS
can you run hdmi lag for lag issues,DRIVER_MGMT
could you open calculations tool quickly,OPEN_CALCULATOR
i need to do some math to verify hardware specs profile quickly,OPEN_CALCULATOR
start dns info on github,DNS_LOOKUP
i want to what is the meaning of how pc works right now,NEUTRAL
could you bring up shell prompt quickly,OPEN_CMD
go ahead and restart pc please,RESTART
i need to show system load on this system,CHECK_RESOURCES
can you display disk capacity please,STORAGE_INFO
could you auto shutdown in 30 mins immediately,SHUTDOWN_TIMER
auto shutdown in after 1 hour please,SHUTDOWN_TIMER
could you force quit task,PROCESS_KILL
could you launch display drivesr to fix displays,DRIVER_MGMT
i need to tracert to 8.8.88,TRACE_ROUTE
i need to run domain ip for a host,DNS_LOOKUP
i want to monitor resource consumption to monitor status,CHECK_RESOURCES
could you stop shellsense immediately,QUIT_PROGRAM
go ahead and run dns resolution on github,DNS_LOOKUP
please quit gui panel immediately,QUIT_PROGRAM
view running tasks,SHOW_TASKS
go ahead and end frozen app with force,PROCESS_KILL
could you display calculations tool quickly,OPEN_CALCULATOR
show me about system now,SHOW_SYSTEM_INFO
go ahead and get network ip please,CHECK_IP
go ahead and get partition info please,STORAGE_INFO
i need to troubleshoot my slow internet now,OPEN_NETWORK_SETTINGS
explain your name please,NEUTRAL
i need to do some math to verify os details,SHOW_SYSTEM_INFO
could you start terminal please,OPEN_CMD
go ahead and launch process manager to end tasks,OPEN_TASK_MANAGER
can you bring up teminal quickly,OPEN_CMD
auto shutdown in 30 mins now,SHUTDOWN_TIMER
i want to go to the internet please,OPEN_NET
could you turn off pc in 15 mins,POWER_OFF_TIMER
could you troubleshoot hardware drivers please,DRIVER_MGMT
could you log off windows screen please,LOCK_SCREEN
i want to lock computer please,LOCK_SCREEN
i want to start active applications list,OPEN_TASK_MANAGER
i want to start namv resolution for github.com,DNS_LOOKUP
could you switch off machine please,POWER_OFF
can you check nslookup for a website,DNS_LOOKUP
halt pc safe shutdown,POWER_OFF
i want to run display drivers for lag issues,DRIVER_MGMT
can you run hardware drivers to fix displays,DRIVER_MGMT
please print local ip please,CHECK_IP
go ahead and do dns records for github.com,DNS_LOOKUP
go ahead and execute claculator for some math,OPEN_CALCULATOR
please quit program please,QUIT_PROGRAM
i want to who is with homework for me,NEUTRAL
i nede to view disk space,STORAGE_INFO
i need to auto shutdown in 30 mins immediately,SHUTDOWN_TIMER
i want to launch cli console please,OPEN_CMD
please timer for shutdown 20 minutes now,SHUTDOWN_TIMER
can you manage sharing center to check connections,OPEN_NETWORK_SETTINGS
please test network on google servers to check internet,PING_GOOGLE
set shutdown timer 45 minutes now,SHUTDOWN_TIMER
go ahead and traze route to google.com please,TRACE_ROUTE
go ahead and stop application please,PROCESS_KILL
go ahead and show slow internet to fix wifi,OPEN_NETWORK_SETTINGS
go ahead and timer for shutdown 45 minutes now,SHUTDOWN_TIMER
i need to fix my peripheral devices,DRIVER_MGMT
run command shell,OPEN_CMD
i want to kill power to workstation now,POWER_OFF
please shutdown timer in 30 mins now,SHUTDOWN_TIMER
please access web browser to go online,OPEN_NET
go ahead and show current ip of this pc,CHECK_IP
go ahead and kill operations immediately,QUIT_PROGRAM
bring up process manager now,OPEN_TASK_MANAGER
plehse configure network connections,OPEN_NETWORK_SETTINGS
i want to execute terminal,OPEN_CMD
please run check resources interface command,CHECK_RESOURCES
please view partition info on this pc,STORAGE_INFO
"""shutdown coming up soon: need to save some files before turning off the machine.",POWER_OFF
i want to launch claculator quickly,OPEN_CALCULATOR
i want to stop shellsense please,QUIT_PROGRAM
could you sign out workstation right away,LOCK_SCREEN
i want to exit interface now,QUIT_PROGRAM
could you start math app,OPEN_CALCULATOR
please start chrome browser,OPEN_NET
display hardware specs profile please,SHOW_SYSTEM_INFO
view slow network,OPEN_NETWORK_SETTINGS
please print background tasks now,SHOW_TASKS
please check storage details,STORAGE_INFO
can you what is the meaning of about yourself,NEUTRAL
could you close access to windows screen,LOCK_SCREEN
can you access task manager to kill process,OPEN_TASK_MANAGER
i need to start domain ip on github,DNS_LOOKUP
go ahead and schedule pc turn off 10 minutes now,SHUTDOWN_TIMER
can you show process manager to kill process,OPEN_TASK_MANAGER
i want to show network ip on this system,CHECK_IP
i want to send packets to 8.8.8.8,PING_GOOGLE
can you access slow connection to fix wifi,OPEN_NETWORK_SETTINGS
i want to exit interface please,QUIT_PROGRAM
please run calclator for some math,OPEN_CALCULATOR
go ahead and test network on google servers,PING_GOOGLE
log off workstation please,LOCK_SCREEN
can you set shutdown timer 5 minutes,SHUTDOWN_TIMER
can you display active processes on this system,SHOW_TASKS
could you map connection route to jost,TRACE_ROUTE
go ahead and get ip config now,CHECK_IP
close running process immediately,PROCESS_KILL
i want to switch off machine please,POWER_OFF
go ahead and show hardware details of this machine,SHOW_SYSTEM_INFO
schedule shutdown 15 mins from now,POWER_OFF_TIMER
i need to resolve hardware drivers now,DRIVER_MGMT
i want to turn off machine please,POWER_OFF
can you power off windows desktop safe shutdown,POWER_OFF
go ahead and set shudown timer 5 minutes now,SHUTDOWN_TIMER
i need to launch commnad prompt please,OPEN_CMD
go ahead and execute claculator,OPEN_CALCULATOR
could you ping google.com to check internet,PING_GOOGLE
go ahead and run web browser to go online,OPEN_NET
go ahead and power off workstation instatnly,POWER_OFF
could you kill interface immediately,QUIT_PROGRAM
please shutdown system now,POWER_OFF
go ahead and schedule pc turn off after 1 hour please,SHUTDOWN_TIMER
please list running programs on this system,SHOW_TASKS
go ahead and map connection route to github.com please,TRACE_ROUTE
please explain with homework right now,NEUTRAL
could you run edge browser,OPEN_NET
can you start task manager now,OPEN_TASK_MANAGER
i need to restart machine instantly,RESTART
i need to fix my network connections to check connections,OPEN_NETWORK_SETTINGS
go ahead and view ip address of this pc,CHECK_IP
could you sign out session,LOCK_SCREEN
could you tell me about hardware specs profile of this machine,SHOW_SYSTEM_INFO
could you tell me about hardwtre specs profile please,SHOW_SYSTEM_INFO
i want to launch system monitor to kill process,OPEN_TASK_MANAGER
i want to hi with homework please,NEUTRAL
log off windows screen immediately,LOCK_SCREEN
exit program immediately,QUIT_PROGRAM
can you reset system immediately,RESTART
please track hardware utilization to monitor status,CHECK_RESOURCES
i need to can you a joke,NEUTRAL
can you open chrome browser please,OPEN_NET
go ahead and view background tasks,SHOW_TASKS
please track path to 8.8.8.8 please,TRACE_ROUTE
please terminate application please,PROCESS_KILL
could you set power off in after 1 hour immediately,POWER_OFF_TIMER
could you reveal cpu and ram info please,SHOW_SYSTEM_INFO
could you reboot computer please,RESTART
troubleshoot my wifi panel please,OPEN_NETWORK_SETTINGS
can you close frozen app with force,PROCESS_KILL
can you kill power to pc safe shutdown,POWER_OFF
go ahead and restar system instantly,RESTART
could you show current ip on this system,CHECK_IP
could you shutdown timer in 15 mins now,SHUTDOWN_TIMER
stop gui panel immediately,QUIT_PROGRAM
could you fix my adapter properties,OPEN_NETWORK_SETTINGS
i want to show running tasks please,SHOW_TASKS
i want to show task list now,SHOW_TASKS
monitor the current temperature of my computer.,CHECK_RESOURCES
please display hardware utilization,CHECK_RESOURCES
switch off workstation now,POWER_OFF
yrint system details for me,SHOW_SYSTEM_INFO
i need to shutdown timer in 5 minutes,SHUTDOWN_TIMER
can you tracert to a domain now,TRACE_ROUTE
please send pakcets to google servers,PING_GOOGLE
go ahead and set power off in 5 minutes please,POWER_OFF_TIMER
could you launch ative applications list,OPEN_TASK_MANAGER
can you turn off windws desktop safe shutdown,POWER_OFF
i need to run display drivers for lag issues,DRIVER_MGMT
could you open chrome browser,OPEN_NET
i need to launch math app,OPEN_CALCULATOR
i need to reveal ipv4 address please,CHECK_IP
i want to monitor disk management for c drive,STORAGE_INFO
can you get system resources,CHECK_RESOURCES
i want to shut down gui panel now,QUIT_PROGRAM
go ahead and access active applications list to end tasks,OPEN_TASK_MANAGER
please restart system immediately,RESTART
can you view dis capacity on this pc,STORAGE_INFO
could you view active processes on this system,SHOW_TASKS
can you test network on google.com,PING_GOOGLE
please monitor disk management,STORAGE_INFO
i want to do dns rsolution for google.com,DNS_LOOKUP
set power off in 20 minutes,POWER_OFF_TIMER
please test network on google please,PING_GOOGLE
please ping external host for latency check,PING_GOOGLE
could you get specs profile of this machine,SHOW_SYSTEM_INFO
please show running programs now,SHOW_TASKS
i need to open chrome browser to surf,OPEN_NET
list system processes now,SHOW_TASKS
go ahead and launch claculator to calculate numbers,OPEN_CALCULATOR
i need to troubleshoot my network connections to check connections,OPEN_NETWORK_SETTINGS
go ahead and view drive allocation for c drive,STORAGE_INFO
please close access to windows screen right away,LOCK_SCREEN
i want to open chrome browser to surf,OPEN_NET
could you timer for shutdown 15 mins now,SHUTDOWN_TIMER
please execute calculator quickly,OPEN_CALCULATOR
could you start dns info for github.com,DNS_LOOKUP
"query dns for ""youtube-its.com"" - find out where it is located now.",DNS_LOOKUP
i need to view disk capacity on this pc,STORAGE_INFO
could you explin a joke today,NEUTRAL
could you hi the weather please,NEUTRAL
i need to go to slow internet to fix wifi,OPEN_NETWORK_SETTINGS
run nslookup for github.com,DNS_LOOKUP
please close access to workstation for safety,LOCK_SCREEN
"""access my terminal with one command.",OPEN_CMD
show me about specs for me,SHOW_SYSTEM_INFO
view system monitor,OPEN_TASK_MANAGER
display system info of this machine,SHOW_SYSTEM_INFO
can you open cli console please,OPEN_CMD
could you auto shutdown in after 1 hour immediately,SHUTDOWN_TIMER
i need to start grpphics driver now,DRIVER_MGMT
could you bring up claculator to calculate numbers,OPEN_CALCULATOR
go ahead and launch command line please,OPEN_CMD
reset workstation right away,RESTART
go ahead and power off windows desktop safe shutdown,POWER_OFF
could you turn off pc in 10 minutes lease,POWER_OFF_TIMER
could you set shutdown timer 15 mins,SHUTDOWN_TIMER
i need to traceroute to github.com now,TRACE_ROUTE
turn off pc in 10 minutes immediately,POWER_OFF_TIMER
could you go to chrome browser please,OPEN_NET
"""power down my system as soon as possible.",POWER_OFF
go ahead and track path to github.com now,TRACE_ROUTE
could you execute calculations tool please,OPEN_CALCULATOR
go ahead and run web browser,OPEN_NET
can you map connection route to github.com now,TRACE_ROUTE
i need to get running programs,SHOW_TASKS
can you print network ip of my machine,CHECK_IP
i want to fix my hdmi driver for lag issues,DRIVER_MGMT
sign out screen immediately,LOCK_SCREEN
i need to what is a joke for me,NEUTRAL
perform nslookup for github.com,DNS_LOOKUP
please start command promtp now,OPEN_CMD
i want to launch drivers for lag issues,DRIVER_MGMT
please run calclator,OPEN_CALCULATOR
secure screen for safety,LOCK_SCREEN
go ahead and show system resources on this system,CHECK_RESOURCES
can you bring up calculator utility for some math,OPEN_CALCULATOR
can you go to default browser,OPEN_NET
please sign out machine right away,LOCK_SCREEN
monitor ram and cpu utilization for multiple servers simultaneously.,CHECK_RESOURCES
kill power to windows desktop safe shutdown,POWER_OFF
go ahead and restart system now,RESTART
could you schedule shutdown 45 minutes,POWER_OFF_TIMER
i want to reveal current ip please,CHECK_IP
i want to exit program,QUIT_PROGRAM
i need to quit program please,QUIT_PROGRAM
i want to execute terminal quickly,OPEN_CMD
i want to launch calcuator for some math,OPEN_CALCULATOR
go ahead and how are you doing right now,NEUTRAL
can you close process now,PROCESS_KILL
i need to start commnad prompt,OPEN_CMD
please power off machine immediately,POWER_OFF
can you kill program immediately,PROCESS_KILL
can you do name resolution on github,DNS_LOOKUP
i want to show system for me,SHOW_SYSTEM_INFO
i need to ping 8.8..88,PING_GOOGLE
please check latency to google.com to check internet,PING_GOOGLE
could you tell me your name today,NEUTRAL
i neer to display active processes,SHOW_TASKS
go ahead and close pid now,PROCESS_KILL
can you send packets to 8.8.8.c,PING_GOOGLE
i want to schedule shutdown 15 mins immediately,POWER_OFF_TIMER
i need to check domain ip for a website,DNS_LOOKUP
please launch web portal now,OPEN_NET
can you explain coffee,NEUTRAL
i want to go to adapter properties,OPEN_NETWORK_SETTINGS
go ahead and how are with homework for me,NEUTRAL
can you check name resolution on github,DNS_LOOKUP
i want to update display drievrs please,DRIVER_MGMT
view drive allocation please,STORAGE_INFO
i want to launch shell prompt please,OPEN_CMD
i need to get ip,CHECK_IP
please get running programs please,SHOW_TASKS
could you start process manager to end tasks,OPEN_TASK_MANAGER
can you resolve hdmi lag for lag issues,DRIVER_MGMT
test network on 8.8.8.8 to check internet,PING_GOOGLE
i need to power cycle machine please,RESTART
can you access task manager now,OPEN_TASK_MANAGER
could you show storage info on this pc,STORAGE_INFO
schedule shutdown 30 mins from now,POWER_OFF_TIMER
go ahead and kill power to system please,POWER_OFF
i want to stop shellsense,QUIT_PROGRAM
can you open hdmi lag issues please,DRIVER_MGMT
can you print specs profile now,SHOW_SYSTEM_INFO
could you send packets to google.com please,PING_GOOGLE
i want to reveal network ip of my machine,CHECK_IP
go ahead and show memory load please,CHECK_RESOURCES
could you terminate process now,PROCESS_KILL
please reveal system info for me,SHOW_SYSTEM_INFO
i want to view slow wiif to check connections,OPEN_NETWORK_SETTINGS
can you lock pc right away,LOCK_SCREEN
could you go to slow connection to fix wifi,OPEN_NETWORK_SETTINGS
can you why is about yourself,NEUTRAL
go ahead and view specs now,SHOW_SYSTEM_INFO
go ahead and start active applications list to kill process,OPEN_TASK_MANAGER
go ahead and shutdown timer for an hour please,POWER_OFF_TIMER
i want to close appilcation by pid,PROCESS_KILL
can you restart pc right away,RESTART
i want to exit the application,QUIT_PROGRAM
go ahead and print running tasks please,SHOW_TASKS
go ahead and who is coffee,NEUTRAL
i need to update drivers now,DRIVER_MGMT
can you map connection route to host please,TRACE_ROUTE
set shutdown timer 20 minutes immediately,SHUTDOWN_TIMER
i want to can you with homework please,NEUTRAL
view free space now,STORAGE_INFO
please verify hardware details please,SHOW_SYSTEM_INFO
i want to launch hardware specs profile,OPEN_CALCULATOR
i need to halt windows desktop instantly,POWER_OFF
please close interface instantly,QUIT_PROGRAM
could you hello coffee,NEUTRAL
could you check disk management please,STORAGE_INFO
please display disk management for c drive,STORAGE_INFO
go ahead and why is the weather please,NEUTRAL
please force close pid with fooce,PROCESS_KILL
could you test network on google.com to check internet,PING_GOOGLE
can you modify internet settings to check connections,OPEN_NETWORK_SETTINGS
go ahead and log off screen right away,LOCK_SCREEN
i want to schedule pc turn off 45 minutes,SHUTDOWN_TIMER
open calc quicklc,OPEN_CALCULATOR
could you check domain ip on 8.8.8.8,DNS_LOOKUP
i want to ping google please,PING_GOOGLE
go ahead and lock screen,LOCK_SCREEN
start device manager for lag issues,DRIVER_MGMT
i need to kill pid please,PROCESS_KILL
could you restart system instantly,RESTART
i need to shutdown computer safe shutdown,POWER_OFF
go ahead and run calculations tool please,OPEN_CALCULATOR
please tell me about system information for me,SHOW_SYSTEM_INFO
i want to bring up taskmgr now,OPEN_TASK_MANAGER
can you manage slow wifi to fix wifi,OPEN_NETWORK_SETTINGS
could you ping goolge for latency check,PING_GOOGLE
can you bring up active applications list to kill process,OPEN_TASK_MANAGER
turn off machine now,POWER_OFF
please stop gui panel instantly,QUIT_PROGRAM
i want to auto shutdown in an hour please,SHUTDOWN_TIMER
please display drive allocation,STORAGE_INFO
i want to open default browser now,OPEN_NET
go ahead and view disk space please,STORAGE_INFO
can you get system resouoces please,CHECK_RESOURCES
i need to launch command shell quickly,OPEN_CMD
i want to reset workstation immediately,RESTART
go ahead and open adapter properties,OPEN_NETWORK_SETTINGS
please display math app for some math,OPEN_CALCULATOR
i want to show system processes,SHOW_TASKS
i want to quit progrm now,QUIT_PROGRAM
i awnt to reboot pc right away,RESTART
can you open taskmgr,OPEN_TASK_MANAGER
launch commnad prompt please,OPEN_CMD
i want to traceroute to a domain now,TRACE_ROUTE
i need to tracert to google.com please,TRACE_ROUTE
i need to bring up taskmgr to end tasks,OPEN_TASK_MANAGER
i want to force quit pid now,PROCESS_KILL
could you auto shutdown in 20 minutes now,SHUTDOWN_TIMER
go ahead and explain the time,NEUTRAL
could you explain the weather,NEUTRAL
could you start dns records on github,DNS_LOOKUP
please open terminal quiclky,OPEN_CMD
could you go to edge browser to go online,OPEN_NET
bring up ocmmand prompt instantly,OPEN_CMD
go ahead and turn off windows desktop safe shutdown,POWER_OFF
go ahead and update monitor lag now,DRIVER_MGMT
i want to show partition info,STORAGE_INFO
could you how do i make you doing please,NEUTRAL
could you view taskmgr to end tasks,OPEN_TASK_MANAGER
please go to the niternet to surf,OPEN_NET
go ahead and check ip please,CHECK_IP
please check disk capacity on this pc,STORAGE_INFO
oculd you kill gui panel please,QUIT_PROGRAM
could you explain how pc works right now,NEUTRAL
please log off screen right away,LOCK_SCREEN
please lookup domain ip on github,DNS_LOOKUP
can you view background tasks please,SHOW_TASKS
go ahead and get running tasks,SHOW_TASKS
can you set power off in 15 mins immediately,POWER_OFF_TIMER
could you reset computer now,RESTART
please run calculator now,OPEN_CALCULATOR
i need to teack cpu usage please,CHECK_RESOURCES
lalnch task manager now,OPEN_TASK_MANAGER
can you traceroute to google.com please,TRACE_ROUTE
i need to go to internet settings to fix wifi,OPEN_NETWORK_SETTINGS
set a shutdown timer 30 mins,POWER_OFF_TIMER
check hdmi lag,DRIVER_MGMT
i want to do dns info on github,DNS_LOOKUP
please schedule shutdown 15 mins from now,POWER_OFF_TIMER
i need to trace route to a domain to debug route,TRACE_ROUTE
i want to resolve graphics driver to fix displays,DRIVER_MGMT
i need to view system info please,SHOW_SYSTEM_INFO
set shutdown timer 15 mins now,SHUTDOWN_TIMER
could you view task list on this system,SHOW_TASKS
i need to launch commnad prompt quickly,OPEN_CMD
i need to list running tasks,SHOW_TASKS
launch command hsell now,OPEN_CMD
please restart pc instantly,RESTART
could you show internal ip of this pc,CHECK_IP
go ahead and shutdown timer in 10 minutes immediately,SHUTDOWN_TIMER
i need to show calc please,OPEN_CALCULATOR
could you reveal ip address on this system,CHECK_IP
i want to show system resources,CHECK_RESOURCES
go ahead and poen command line now,OPEN_CMD
i want to check resource consumption on this system,CHECK_RESOURCES
could you execute calclator to calculate numbers,OPEN_CALCULATOR
go ahead and manage hard drive storage now,STORAGE_INFO
manage free space please,STORAGE_INFO
i want to track path to host please,TRACE_ROUTE
power cycle workstation right away,RESTART
could you reset machine right away,RESTART
i need to set a shutdown timer 45 minutes from now,POWER_OFF_TIMER
please view running tasks on this system,SHOW_TASKS
whats network ip on this system,CHECK_IP
could you reboot workstation immediately,RESTART
go ahead and track hardware utilization please,CHECK_RESOURCES
go ahead and end frozen app,PROCESS_KILL
i need to check latency to external host please,PING_GOOGLE
go ahead and monitor performance statistics please,CHECK_RESOURCES
i need to configure wifi settings please,OPEN_NETWORK_SETTINGS
could you shut down program immediately,QUIT_PROGRAM
can you power cycle computer instantly,RESTART
go ahead and set shutdown timer 5 minutes please,SHUTDOWN_TIMER
can you monitor partition info now,STORAGE_INFO
go ahead and timer for shutdown 30 mins please,SHUTDOWN_TIMER
can you view drive allocation for c drive,STORAGE_INFO
i want to resolve hardware drivers to fix displays,DRIVER_MGMT
i need to trace route to host please,TRACE_ROUTE
timer for shutdown 30 mins,SHUTDOWN_TIMER
get resource consumption on this system,CHECK_RESOURCES
i need to view network settings,OPEN_NETWORK_SETTINGS
could you close app with force,PROCESS_KILL
could you display active processes please,SHOW_TASKS
please schedule pc turn off an hour now,SHUTDOWN_TIMER
i need to test network on external host please,PING_GOOGLE
could you get os details now,SHOW_SYSTEM_INFO
i want to update monitor lag to fix displays,DRIVER_MGMT
pleas tell me about yourself,NEUTRAL
could you access web browser to go online,OPEN_NET
i need to send packets to google,PING_GOOGLE
hi your name today,NEUTRAL
go ahead and monitor system resources to monxtor status,CHECK_RESOURCES
i need to close access to computer,LOCK_SCREEN
could you restart pc now,RESTART
i need to end application now,PROCESS_KILL
could you start comfand line please,OPEN_CMD
go ahead and modify wifi settings to fix wifi,OPEN_NETWORK_SETTINGS
i need to show details of system information now,SHOW_SYSTEM_INFO
i need to do nslookup for a website,DNS_LOOKUP
go ahead and check system resources please,CHECK_RESOURCES
can you kill program,QUIT_PROGRAM
please execute shell prompt please,OPEN_CMD
execute termnial quickly,OPEN_CMD
i want to manage graphics driver,DRIVER_MGMT
can you shutdown workstation now,POWER_OFF
show task list now,SHOW_TASKS
go ahead and sign out session right away,LOCK_SCREEN
i need to halt pc now,POWER_OFF
could you kill power to computer immediately,POWER_OFF
i want to map connection route to host please,TRACE_ROUTE
"""tell me about the system load right now, please.",CHECK_RESOURCES
send packets to google,PING_GOOGLE
could you start drivers now,DRIVER_MGMT
i need to lookup name resolution on 8.8.8.8,DNS_LOOKUP
i need to protect windows screen for safety,LOCK_SCREEN
could you resolve hdmi connection now,DRIVER_MGMT
run dns info on google,DNS_LOOKUP
can you start taskmgr to kill process,OPEN_TASK_MANAGER
can you show resource consumtpion,CHECK_RESOURCES
could you auto shutdown in after 1 hour please,SHUTDOWN_TIMER
please send packets to 8.8.8.8 for latency check,PING_GOOGLE
i need to show hardware details please,SHOW_SYSTEM_INFO
could you how do i make universe for me,NEUTRAL
i need to kill frozen app immediately,PROCESS_KILL
launch web browser to go online,OPEN_NET
could you switch off computer instantly,POWER_OFF
could you test connectivity to google.com for latency check,PING_GOOGLE
go ahead and tracert to server,TRACE_ROUTE
could you run the internet,OPEN_NET
could you force quit process with force,PROCESS_KILL
can you view pc specifications please,SHOW_SYSTEM_INFO
go ahead and display hardware utilization,CHECK_RESOURCES
can you can you with homework for me,NEUTRAL
go ahead and end pid by pid,PROCESS_KILL
i want to tracert to google.com,TRACE_ROUTE
go ahead and go to sharing center to check connections,OPEN_NETWORK_SETTINGS
could you get drive allocation for c drive,STORAGE_INFO
please manage slow network,OPEN_NETWORK_SETTINGS
can you shutdown pc instantly,POWER_OFF
plase start process manager,OPEN_TASK_MANAGER
shutdown timer for an hour immediately,POWER_OFF_TIMER
can you perform domain ip for github.com,DNS_LOOKUP
i want to set a shutdown timer 15 mins,POWER_OFF_TIMER
go ahead and reset system instantly,RESTART
could you run claculator now,OPEN_CALCULATOR
could you set power off in 5 minutes please,POWER_OFF_TIMER
go ahead and stop interface now,QUIT_PROGRAM
shutdown timer in 15 mins,SHUTDOWN_TIMER
please fix my drivers for lag issues,DRIVER_MGMT
could you terminate running process by pid,PROCESS_KILL
can you access wifi settings now,OPEN_NETWORK_SETTINGS
i want to go to the net now,OPEN_NET
shut down the application please,QUIT_PROGRAM
please show disk capacity on this pc,STORAGE_INFO
go ahead and reboot machine instantly,RESTART
go ahead and get harzware utilization to monitor status,CHECK_RESOURCES
go ahead and secure computer,LOCK_SCREEN
could you close interface immediately,QUIT_PROGRAM
could you power cycle machine now,RESTART
please track path to server now,TRACE_ROUTE
i want to trace route to github.com please,TRACE_ROUTE
go ahead and display cpu and ram info now,SHOW_SYSTEM_INFO
could you open command line instantly,OPEN_CMD
get specs profile of this machine,SHOW_SYSTEM_INFO
could you how are 2 + 2 today,NEUTRAL
can you go to slow network now,OPEN_NETWORK_SETTINGS
check latency to 8.8.8.8 please,PING_GOOGLE
please view taskmgr to kill process,OPEN_TASK_MANAGER
go ahead and manage adapter properties,OPEN_NETWORK_SETTINGS
please map connection route to google.com now,TRACE_ROUTE
could you query nslookup on 8.8.8.8,DNS_LOOKUP
i need to set power off in after 1 hour please,POWER_OFF_TIMER
go ahead and manage slow connection,OPEN_NETWORK_SETTINGS
could you show calclator quickly,OPEN_CALCULATOR
could you terminate pid immediately,PROCESS_KILL
could you bring up math app now,OPEN_CALCULATOR
can you map connection route to 8.8.8.8 now,TRACE_ROUTE
schedule pc turn off an hour now,SHUTDOWN_TIMER
go ahead and power cycle pc right away,RESTART
i want to how are coffee please,NEUTRAL
please start the internet to go online,OPEN_NET
i need to display background tasks,SHOW_TASKS
can you find ip address,CHECK_IP
please ping google servers please,PING_GOOGLE
could you how do i make the time please,NEUTRAL
i want to track path to 8.8.8.8 now,TRACE_ROUTE
please monitor partition info,STORAGE_INFO
i need to reboot computer right away,RESTART
please check cpu usage,CHECK_RESOURCES
test connectivity to 8.8.8.8 please,PING_GOOGLE
i need to check latency to google.com now,PING_GOOGLE
i want to reset workstation instantly,RESTART
could you perform name resolution for github.com,DNS_LOOKUP
could you print cpu and ram info of this machine,SHOW_SYSTEM_INFO
"""i'll press and hold the power button for 7 seconds while it's running to turn off completely.",POWER_OFF
can you view current ip please,CHECK_IP
please get system details of this machine,SHOW_SYSTEM_INFO
go ahead and do dns recodrs on 8.8.8.8,DNS_LOOKUP
i need to close pid now,PROCESS_KILL
please run terminal,OPEN_CMD
i want to get disk management please,STORAGE_INFO
go ahead and launch hdmi driver,DRIVER_MGMT
i need to monitor drive allocation now,STORAGE_INFO
i need to launch process manager please,OPEN_TASK_MANAGER
i want to display ip config on this system,CHECK_IP
i want to show details of pc specifications for me,SHOW_SYSTEM_INFO
go ahead and explain 2 + 2 today,NEUTRAL
go ahead and auto shutdown in 20 minutes please,SHUTDOWN_TIMER
go ahead and show calculator utility to calculate numbers,OPEN_CALCULATOR
go ahead and launch web portal to go online,OPEN_NET
i want to protect session immediately,LOCK_SCREEN
i need to stop task now,PROCESS_KILL
i want to shutdown timer in an hour please,SHUTDOWN_TIMER
tell me abour yourself today,NEUTRAL
i want to show details of my system for me,SHOW_SYSTEM_INFO
update hdmi lag for lag issues,DRIVER_MGMT
go ahead and bring up task manager to kill process,OPEN_TASK_MANAGER
please shutdown timer for 5 minutes please,POWER_OFF_TIMER
hello a joke please,NEUTRAL
can you schedule shutdown 30 mins please,POWER_OFF_TIMER
go ahead and launch command line instantly,OPEN_CMD
i need to trace route to server now,TRACE_ROUTE
i need to get memory load please,CHECK_RESOURCES
cuold you show background tasks,SHOW_TASKS
i need to display internal ip of my machine,CHECK_IP
i need to kill app immediately,PROCESS_KILL
could you what is ip cofnig,CHECK_IP
i want to configure network connections please,OPEN_NETWORK_SETTINGS
could you terminate frozen app by pid,PROCESS_KILL
i want to start calculator quickly,OPEN_CALCULATOR
can you display calc for some math,OPEN_CALCULATOR
"""i need your guidance on exiting from shellsense.",QUIT_PROGRAM
go ahead and view disk capacity for c drive,STORAGE_INFO
i want to reboot computer now,RESTART
track path to server to debug route,TRACE_ROUTE
could you protect pc right away,LOCK_SCREEN
i need to log off screen now,LOCK_SCREEN
i want to monitor ram utilization on this system,CHECK_RESOURCES
go ahead and shutdown timer in 30 mins,SHUTDOWN_TIMER
i want to schedule pc turn off 10 minutes,SHUTDOWN_TIMER
run command prompt quickly,OPEN_CMD
"""tell me the steps to totally exit shellsense, please.",QUIT_PROGRAM
i want to reset system immediately,RESTART
i want to display disk capacity,STORAGE_INFO
i want to check nslookup for a website,DNS_LOOKUP
launch calc quickly,OPEN_CALCULATOR
can you check latency to google servers to check internet,PING_GOOGLE
go ahead and get task list now,SHOW_TASKS
could you close pid immediately,PROCESS_KILL
i need to test network on google servers please,PING_GOOGLE
could you start graphics driver to fix displays,DRIVER_MGMT
i need to track path to a domain please,TRACE_ROUTE
i need to quit gui panel instantly,QUIT_PROGRAM
i need to track system resources please,CHECK_RESOURCES
set power off in 10 minutes from now,POWER_OFF_TIMER
schedule shutdown after 1 hour please,POWER_OFF_TIMER
can you set a shutdown timer 10 minutes please,POWER_OFF_TIMER
i want to verify specs,SHOW_SYSTEM_INFO
i want to display ip address now,CHECK_IP
could you why is how pc works please,NEUTRAL
go ahead and bring up shell prompt quickly,OPEN_CMD
i want to send packets to google.com to check internet,PING_GOOGLE
could you update display drivers please,DRIVER_MGMT
please go to slow connection pleaye,OPEN_NETWORK_SETTINGS
go ahead and schedule shutdown 5 minutes please,POWER_OFF_TIMER
i want to check system load on this system,CHECK_RESOURCES
i want to bring up process manager,OPEN_TASK_MANAGER
i need to kill power to windows desktop immediately,POWER_OFF
i want to check latency to 8.8.8.8 for latency check,PING_GOOGLE
please launch device manager please,DRIVER_MGMT
can you force close app,PROCESS_KILL
could you fix my device manager,DRIVER_MGMT
shutdown pid chrome,PROCESS_KILL
please traceroute to server now,TRACE_ROUTE
i need to show calc now,OPEN_CALCULATOR
show background tasks,SHOW_TASKS
could you test network on google to check internet,PING_GOOGLE
could you open web browser now,OPEN_NET
please switch off workstation safe shutdown,POWER_OFF
could you show ipv4 address for me,CHECK_IP
i want to print hardware specs profile,SHOW_SYSTEM_INFO
i need to check latency to google.com for latency check,PING_GOOGLE
go ahead and verify my system for me,SHOW_SYSTEM_INFO
could you start monitor lag please,DRIVER_MGMT
could you force quit task please,PROCESS_KILL
i want to fix my peripheral devices,DRIVER_MGMT
please show network ip for me,CHECK_IP
could you close access to computer right away,LOCK_SCREEN
go ahead and schedule shutdown after 1 hour,POWER_OFF_TIMER
go ahead and shutdown system now,POWER_OFF
could you check disk management for c drive,STORAGE_INFO
please start calclator please,OPEN_CALCULATOR
traceroute to google.com,TRACE_ROUTE
can you kill interface immediately,QUIT_PROGRAM
could you view task list please,SHOW_TASKS
i need to shutdown timer in 15 mins immediately,SHUTDOWN_TIMER
go ahead and kill power to pc safe shutdown,POWER_OFF
could you set shutdown timer 30 mins now,SHUTDOWN_TIMER
please get disk capacity on this pc,STORAGE_INFO
i need to start hardware drivers,DRIVER_MGMT
get hardware utilization to monitor status,CHECK_RESOURCES
can you auto shutdown in an hour immediately,SHUTDOWN_TIMER
"monitor cpu speed fluctuations, please. 🛠️",CHECK_RESOURCES
i need to start drivers to fix displays,DRIVER_MGMT
could you run display drivers now,DRIVER_MGMT
tell me a joke,NEUTRAL
could you show resource consumption,CHECK_RESOURCES
can you start display drivers now,DRIVER_MGMT
i want to view running tasks on this system,SHOW_TASKS
i need to log off machine now,LOCK_SCREEN
show network ip please,CHECK_IP
please schedule pc turn off an hour,SHUTDOWN_TIMER
please get ip config for me,CHECK_IP
go ahead and terminate application now,PROCESS_KILL
monitor storage info on this pc,STORAGE_INFO
can you halt pc immediately,POWER_OFF
i want to set a shutdown timer 20 minutes please,POWER_OFF_TIMER
show calculations tool for some math,OPEN_CALCULATOR
tracert to github.com now,TRACE_ROUTE
could you start calculator please,OPEN_CALCULATOR
please get running tasks now,SHOW_TASKS
i want to view taskmgr please,OPEN_TASK_MANAGER
could you go to the internet to go online,OPEN_NET
go ahead and show taskmgr to kill process,OPEN_TASK_MANAGER
i need to access web browser please,OPEN_NET
go ahead and lock screen right away,LOCK_SCREEN
go ahead and can you your name please,NEUTRAL
please configure slow connection to check connections,OPEN_NETWORK_SETTINGS
please strat chrome browser,OPEN_NET
i want to bring up cli console quickly,OPEN_CMD
can you close shellsense now,QUIT_PROGRAM
reset system now,RESTART
can you display storage details now,STORAGE_INFO
manage disk management please,STORAGE_INFO
could you do name resolution on github,DNS_LOOKUP
i need to launch terminal,OPEN_CMD
can you start shell prompt quiclky,OPEN_CMD
i need to hi the time right now,NEUTRAL
go ahead and execute calculator to calculate numbers,OPEN_CALCULATOR
start procses manager now,OPEN_TASK_MANAGER
please close shellsense please,QUIT_PROGRAM
please run hdmi connection now,DRIVER_MGMT
could you execute shell prompt please,OPEN_CMD
set power off in an hour immediately,POWER_OFF_TIMER
go ahead and shutdown timer in 15 mins,SHUTDOWN_TIMER
could you access web portal now,OPEN_NET
can you kill shellsense now,QUIT_PROGRAM
please terminate task now,PROCESS_KILL
could you whats ipv4 address please,CHECK_IP
i want to erstart pc please,RESTART
could you perform dns resolution for github.com,DNS_LOOKUP
i want to check dns resolution for github.com,DNS_LOOKUP
i need to perform nslookup on google,DNS_LOOKUP
shutdown timer for an hour,POWER_OFF_TIMER
please run drivers now,DRIVER_MGMT
go ahead and timer for shutdown aftre 1 hour immediately,SHUTDOWN_TIMER
i want to monitor storage info on this pc,STORAGE_INFO
could you get running programs,SHOW_TASKS
go ahead and fix my hdmi lag to fix displays,DRIVER_MGMT
bring up process mangaer to kill process,OPEN_TASK_MANAGER
i want to switch off system right away,POWER_OFF
please turn off windows desktop immediately,POWER_OFF
go ahead and show system details of this machine,SHOW_SYSTEM_INFO
i want to start web browser to surf,OPEN_NET
restart machine now,RESTART
please shutdown timer for 30 mins immediately,POWER_OFF_TIMER
could you hazt computer instantly,POWER_OFF
can you troubleshoot peripheral devices please,DRIVER_MGMT
could you restart pc please,RESTART
i need to log off screen right away,LOCK_SCREEN
go ahead and reset pc immediately,RESTART
could you map connection route to server now,TRACE_ROUTE
could you fix my internte settings to check connections,OPEN_NETWORK_SETTINGS
please check dns records for google.com,DNS_LOOKUP
i want to open task manager to end tasks,OPEN_TASK_MANAGER
can you fix my hdmi lag to fix displays,DRIVER_MGMT
i need to view active applications list to kill process,OPEN_TASK_MANAGER
i want to lcose access to computer please,LOCK_SCREEN
i need to test network on google please,PING_GOOGLE
could you reboot machine now,RESTART
please shut down interface immediately,QUIT_PROGRAM
please revael specs now,SHOW_SYSTEM_INFO
can you set power off in 45 minutes please,POWER_OFF_TIMER
please display current ip of my machine,CHECK_IP
access network connections to check connections,OPEN_NETWORK_SETTINGS
i want to update display drivers now,DRIVER_MGMT
go ahead and launch calculations tool quickly,OPEN_CALCULATOR
can you stop task now,PROCESS_KILL
could you run the net please,OPEN_NET
go ahead and list background tasks,SHOW_TASKS
set a shutdown timer 30 mins immediately,POWER_OFF_TIMER
go ahead and open default browser now,OPEN_NET
i need to view running programs,SHOW_TASKS
can you launch system monitor,OPEN_TASK_MANAGER
bring up command line now,OPEN_CMD
please modify sharing center please,OPEN_NETWORK_SETTINGS
i need to what is local ip of my machine,CHECK_IP
can you show calculator quickly,OPEN_CALCULATOR
go ahead and display current ip of this pc,CHECK_IP
i need to launch monitor lag,DRIVER_MGMT
i want to open web portal please,OPEN_NET
set a shutdown timer an hour please,POWER_OFF_TIMER
can you test connectivity to external host for latency check,PING_GOOGLE
i want to traceroute to server to debug route,TRACE_ROUTE
please display disk capacity,STORAGE_INFO
can you access taskmgr now,OPEN_TASK_MANAGER
please open chrome browser to surf,OPEN_NET
please timer for shutdown after 1 hour immediately,SHUTDOWN_TIMER
please get pc specifications please,SHOW_SYSTEM_INFO
i want to restart pc right away,RESTART
tell me about my system of this machine,SHOW_SYSTEM_INFO
go ahead and start dns info on github,DNS_LOOKUP
please close access to computer now,LOCK_SCREEN
could you secure computer right away,LOCK_SCREEN
can you lookup dns resolution for a host,DNS_LOOKUP
can you reboot system instantly,RESTART
print specs please,SHOW_SYSTEM_INFO
can you traceroute to a domain to debug route,TRACE_ROUTE
could you send packets to google.com for latency check,PING_GOOGLE
please auto shutdown in 30 mins please,SHUTDOWN_TIMER
could you set a shutdown timer 5 minutes please,POWER_OFF_TIMER
please start dns info for github.com,DNS_LOOKUP
go ahead and map connection route to a domain please,TRACE_ROUTE
i want to start drivers please,DRIVER_MGMT
could you print os deails please,SHOW_SYSTEM_INFO
i need to verify specs profile of this machine,SHOW_SYSTEM_INFO
could you fix my internet settings,OPEN_NETWORK_SETTINGS
i need to test connectivity to google.com please,PING_GOOGLE
could you trace route to github.com,TRACE_ROUTE
go ahead and force close frozen app with force,PROCESS_KILL
please troubleshoot display drivers to fix displays,DRIVER_MGMT
i ant to open commnad prompt instantly,OPEN_CMD
could you why is the weather,NEUTRAL
go ahead and sign out computer please,LOCK_SCREEN
could you vpew task manager now,OPEN_TASK_MANAGER
schedule pc turn off an hour immediately,SHUTDOWN_TIMER
go ahead and modify slow network to check connections,OPEN_NETWORK_SETTINGS
i need to force close proces now,PROCESS_KILL
cuold you open hardware drivers please,DRIVER_MGMT
launch graphics drivre now,DRIVER_MGMT
go ahead and show running tasks please,SHOW_TASKS
could you display free space on this pc,STORAGE_INFO
go ahead and modify wifi panel to fix wifi,OPEN_NETWORK_SETTINGS
i want to open calculator utility quickly,OPEN_CALCULATOR
i want to shutdown system instantly,POWER_OFF
please display math app,OPEN_CALCULATOR
i want to terminate app please,PROCESS_KILL
please test network on google now,PING_GOOGLE
i want to access slow connection to fix wifi,OPEN_NETWORK_SETTINGS
whats network ip of this pc,CHECK_IP
please open cli console instantly,OPEN_CMD
can you query dns resolution on google,DNS_LOOKUP
could you execute cmd,OPEN_CMD
i need to manage drivers now,DRIVER_MGMT
i want to open slow connection,OPEN_NETWORK_SETTINGS
"quickly open the cli, please.",OPEN_CMD
i need to fix my network connections,OPEN_NETWORK_SETTINGS
what is your name right now,NEUTRAL
i want to display performance statistics please,CHECK_RESOURCES
start system monitor please,OPEN_TASK_MANAGER
set power off in 30 mins,POWER_OFF_TIMER
could you open process manager,OPEN_TASK_MANAGER
please troubleshoot my connection speed,OPEN_NETWORK_SETTINGS
can you force close task now,PROCESS_KILL
shcedule pc turn off after 1 hour immediately,SHUTDOWN_TIMER
i want to send packets to google servers to check internet,PING_GOOGLE
i need to show hardware details for me,SHOW_SYSTEM_INFO
i need to close access to machine immediately,LOCK_SCREEN
could you run edge browser now,OPEN_NET
i need to reveal system info please,SHOW_SYSTEM_INFO
tracert to server now,TRACE_ROUTE
i want to send pckets to google servers please,PING_GOOGLE
go ahead and open system monitor to end tasks,OPEN_TASK_MANAGER
i need to terminate app immediately,PROCESS_KILL
i need to restart workstation instantly,RESTART
i need to shutdown timer in 5 minutes immediately,SHUTDOWN_TIMER
i want to switch off computer safe shutdown,POWER_OFF
i need to launch chrome browser to go online,OPEN_NET
open my network settings on this pc quickly!,OPEN_NETWORK_SETTINGS
can you start hdmi connection for lag issues,DRIVER_MGMT
could you track path to google.com,TRACE_ROUTE
go ahead and secure session,LOCK_SCREEN
please kill gui panel,QUIT_PROGRAM
please what is the meaning of the news today,NEUTRAL
go ahead and display system,SHOW_SYSTEM_INFO
can you start taskmgr to end tasks,OPEN_TASK_MANAGER
can you quit gui panel instantly,QUIT_PROGRAM
can you kill power to workstation right away,POWER_OFF
please bring up task manager please,OPEN_TASK_MANAGER
could you open edge browser to go olnine,OPEN_NET
i need to show wifi settings please,OPEN_NETWORK_SETTINGS
can you set a shutdown timer 10 minutes,POWER_OFF_TIMER
i need to launch calc for some math,OPEN_CALCULATOR
please open command line please,OPEN_CMD
i want to kill power to computer right away,POWER_OFF
please do some math to verify calculator utility to calculate numbers,OPEN_CALCULATOR
go ahead and get system resources to monitor status,CHECK_RESOURCES
could you fix my network settings please,OPEN_NETWORK_SETTINGS
i need to power cycle pc immediately,RESTART
zlease get hardware utilization,CHECK_RESOURCES
could you exit shellsense now,QUIT_PROGRAM
please troubleshoot hdmi lag now,DRIVER_MGMT
i want to power cycle machine immediately,RESTART
resolve hdmi lag issues please,DRIVER_MGMT
please kill power to computer please,POWER_OFF
can you open chrome browser to surf,OPEN_NET
can you lsit background tasks now,SHOW_TASKS
i need to list running tasks please,SHOW_TASKS
go ahead and fix my device manager please,DRIVER_MGMT
i need to access web portal please,OPEN_NET
go ahead and start calc now,OPEN_CALCULATOR
please track path to github.com to debug route,TRACE_ROUTE
i need to get disk space on this pc,STORAGE_INFO
reboto pc instantly,RESTART
i need to open process manager,OPEN_TASK_MANAGER
go ahead and show system load to monitor sttus,CHECK_RESOURCES
could you execute shell prompt now,OPEN_CMD
shut down program immediately,QUIT_PROGRAM
can you check hdmi lag now,DRIVER_MGMT
go ahead and restart computer right away,RESTART
go ahead and bring up task manager to end tasks,OPEN_TASK_MANAGER
check latency to external host,PING_GOOGLE
i want to stop interface instantly,QUIT_PROGRAM
please launch calculator please,OPEN_CALCULATOR
i want to view free space for c drive,STORAGE_INFO
i want to show task list,SHOW_TASKS
i want to bring up commnad prompt instantly,OPEN_CMD
i want to start nslookup for a host,DNS_LOOKUP
please do domain ip on github,DNS_LOOKUP
can you bring up calculator utility to calculate numbers,OPEN_CALCULATOR
please hsutdown timer in an hour,SHUTDOWN_TIMER
go ahead and top interface please,QUIT_PROGRAM
could you view ram utilization,CHECK_RESOURCES
could you lock workstation now,LOCK_SCREEN
"""shutting down shellsense now.",QUIT_PROGRAM
could you reveal system details of this machine,SHOW_SYSTEM_INFO
trace route to google.com please,TRACE_ROUTE
reset system instantly,RESTART
please reveal system details of this machine,SHOW_SYSTEM_INFO
i want to track path to github.com now,TRACE_ROUTE
could you set power off in 10 minutes please,POWER_OFF_TIMER
i want to who is the time for me,NEUTRAL
go ahead and tell me with homework right now,NEUTRAL
i want to check latency to 8.8.8.8 now,PING_GOOGLE
view storage details please,STORAGE_INFO
could you shutdown timer for 20 minutes from now,POWER_OFF_TIMER
please traceroute to a domain,TRACE_ROUTE
could you list activ processes please,SHOW_TASKS
i need to open claculator for some math,OPEN_CALCULATOR
please launch chrome browser to go online,OPEN_NET
please get system resources to monitor status,CHECK_RESOURCES
haxt machine right away,POWER_OFF
i need to lock computer please,LOCK_SCREEN
open display drivers,DRIVER_MGMT
can you quit shellsense,QUIT_PROGRAM
i want to execute nslookup for a website,DNS_LOOKUP
i want to print background tasks now,SHOW_TASKS
go ahead and power off worktsation immediately,POWER_OFF
i need to open taskmgr please,OPEN_TASK_MANAGER
i want to kill shellsense,QUIT_PROGRAM
i need to stop task by pid,PROCESS_KILL
could you execute dns resolution for a host,DNS_LOOKUP
i want to reset computer right away,RESTART
i need to quit the application please,QUIT_PROGRAM
please close access to machine now,LOCK_SCREEN
could you check latency to 8.8.8.8 to check internet,PING_GOOGLE
i want to launch comdand line,OPEN_CMD
go ahead and kill power to system safe shutdown,POWER_OFF
please show process manager to kill process,OPEN_TASK_MANAGER
can you track cpu usage to monitor status,CHECK_RESOURCES
show system processes now,SHOW_TASKS
could you troubleshoot peripheral devices now,DRIVER_MGMT
show system details of this machine,SHOW_SYSTEM_INFO
can you quit interface now,QUIT_PROGRAM
can you reboot machine right away,RESTART
i need to kill shellsense,QUIT_PROGRAM
i want to run nslookup on google,DNS_LOOKUP
go ahead and display calcator,OPEN_CALCULATOR
please stop running process immediately,PROCESS_KILL
go ahead and reboot computer please,RESTART
could you launch edge browser,OPEN_NET
please halt workstation now,POWER_OFF
can you open terminal please,OPEN_CMD
go ahead and start calclator to aclculate numbers,OPEN_CALCULATOR
can you bring up cmd please,OPEN_CMD
can you lock session please,LOCK_SCREEN
go ahead and check drive allocation now,STORAGE_INFO
i want to run termnial,OPEN_CMD
can you display ip address on this system,CHECK_IP
i want to map connection route to github.com,TRACE_ROUTE
i want to start terminal please,OPEN_CMD
i want to reset pc instantly,RESTART
please check local ip,CHECK_IP
can you execute calculator utility,OPEN_CALCULATOR
kill power to system please,POWER_OFF
please bring up teminal please,OPEN_CMD
can you send packets to 8.8.8.8 now,PING_GOOGLE
i need to monitor disk capacity now,STORAGE_INFO
i need to ist background tasks,SHOW_TASKS
could you force close process,PROCESS_KILL
track path to a domain to debug route,TRACE_ROUTE
please set power off in 10 minutes,POWER_OFF_TIMER
can you check latency to google now,PING_GOOGLE
i need to restart machine immediately,RESTART
can you protect machine for safety,LOCK_SCREEN
could you show calculator to calculate nubers,OPEN_CALCULATOR
can you tell me about my system for me,SHOW_SYSTEM_INFO
please log off workstation now,LOCK_SCREEN
can you schedule shutdown 15 mins from now,POWER_OFF_TIMER
i need to display calculations tool,OPEN_CALCULATOR
track resource consumption please,CHECK_RESOURCES
go ahead and execute shell prompt quickly,OPEN_CMD
i want to check cpu usage to monitor status,CHECK_RESOURCES
could you show active applications list to kill process,OPEN_TASK_MANAGER
please force close running process now,PROCESS_KILL
could you open slow connection to fix wifi,OPEN_NETWORK_SETTINGS
i want to open commnad prompt quickly,OPEN_CMD
go ahead and switch off machine safe shutdown,POWER_OFF
please trace route to github.com now,TRACE_ROUTE
"""locking the screen as soon as i turn it on.",LOCK_SCREEN
i want to display ram utilization,CHECK_RESOURCES
i want to display my system,SHOW_SYSTEM_INFO
timer for shutdown 45 minutes,SHUTDOWN_TIMER
i want to switch off machine immediately,POWER_OFF
please monvtor memory load on this system,CHECK_RESOURCES
display math app now,OPEN_CALCULATOR
go ajead and test connectivity to 8.8.8.8,PING_GOOGLE
can you get system load,CHECK_RESOURCES
could you what is the meaning of the news right now,NEUTRAL
go ahead and whats ip address of my machine,CHECK_IP
go ahead and display system resources please,CHECK_RESOURCES
go ahead and perform dns resolution on google,DNS_LOOKUP
tracert to server please,TRACE_ROUTE
please print current ip for me,CHECK_IP
shutdown timer in 20 minutes immediately,SHUTDOWN_TIMER
go ahead and power cycle system please,RESTART
display partition ikfo please,STORAGE_INFO
could you lock workstation,LOCK_SCREEN
i want to show specs please,SHOW_SYSTEM_INFO
can you access chrome browser please,OPEN_NET
please ikll pid immediately,PROCESS_KILL
go ahead and traceroute to 8.8.8.8 now,TRACE_ROUTE
close access to pc for safety,LOCK_SCREEN
could you set power off in an hour please,POWER_OFF_TIMER
go ahead and test network on gogle servers to check internet,PING_GOOGLE
pleasj who is life today,NEUTRAL
i want to display free space,STORAGE_INFO
i need to view c drive please,STORAGE_INFO
i need to show internet settings to check connections,OPEN_NETWORK_SETTINGS
go ahead and start domain ip on google,DNS_LOOKUP
i need to run termnial quickly,OPEN_CMD
please send packets to external host now,PING_GOOGLE
go ahead and schedule pc turn off 10 minutes please,SHUTDOWN_TIMER
could you troubleshoot my slow connection please,OPEN_NETWORK_SETTINGS
please get ram utilization please,CHECK_RESOURCES
could you lock windows screen for safety,LOCK_SCREEN
i need to open teminal quickly,OPEN_CMD
i need to display cpu usage to monitor status,CHECK_RESOURCES
check if there are any processes using too much cpu and ram in this environment.,CHECK_RESOURCES
go ahead and open calcuator for some math,OPEN_CALCULATOR
please send packets to 8.8.8.8,PING_GOOGLE
shutdown timer in 5 minutes now,SHUTDOWN_TIMER
i need to go to web portal,OPEN_NET
can you hello how pc works for me,NEUTRAL
switch off machine instantly,POWER_OFF
please start web portal,OPEN_NET
please view slow wifi,OPEN_NETWORK_SETTINGS
i need to reboot pc immediately,RESTART
access the internet now,OPEN_NET
please start peripheral devices now,DRIVER_MGMT
i ant to launch device manager for lag issues,DRIVER_MGMT
please print background tasks,SHOW_TASKS
please configure network connections to fix wifi,OPEN_NETWORK_SETTINGS
please traceroute to github.com to debug route,TRACE_ROUTE
go ahead and launch the internet to go online,OPEN_NET
i need to stop pid immediately,PROCESS_KILL
can you print ip config for me,CHECK_IP
could you power off computer instantly,POWER_OFF
i want to shutdown timer for 30 mins,POWER_OFF_TIMER
can you mointor ram utilization please,CHECK_RESOURCES
could you show running tasks now,SHOW_TASKS
please switch off pc please,POWER_OFF
please launch edge browser now,OPEN_NET
please trace route to server,TRACE_ROUTE
please check latency to 8.8.8.8 please,PING_GOOGLE
please set a shutdown timer 45 minutes from now,POWER_OFF_TIMER
please view drive allocation now,STORAGE_INFO
can you shutdown timer in 15 mins,SHUTDOWN_TIMER
i want to explain your name please,NEUTRAL
can you get network ip of my machine,CHECK_IP
test network on google.com to check internet,PING_GOOGLE
i want to bring up commnad prompt quickly,OPEN_CMD
could you schedule shutdown 20 minutes from now,POWER_OFF_TIMER
hi a joke,NEUTRAL
switch off machine safe shutdown,POWER_OFF
i want to query dns info on google,DNS_LOOKUP
can you power cycle workstation right away,RESTART
can you access the net please,OPEN_NET
can you access the internet to go online,OPEN_NET
i wat to execute command line now,OPEN_CMD
could you go to edge browser now,OPEN_NET
please start edge browser to surf,OPEN_NET
i need to open cmd,OPEN_CMD
i need to bring up termnial now,OPEN_CMD
go ahead and turn off pc in 5 minutes immediately,POWER_OFF_TIMER
i want to display system resources please,CHECK_RESOURCES
go ahead and check drive allocatwon,STORAGE_INFO
hello you doing please,NEUTRAL
trying to solve these percentages without your calculator is tough – let’s see if i’m right.,OPEN_CALCULATOR
go ahead and get background tasks now,SHOW_TASKS
i need to force quit frozen app now,PROCESS_KILL
please show active applications list now,OPEN_TASK_MANAGER
i need to run cli console please,OPEN_CMD
can you set a shutdown timer 45 minutes please,POWER_OFF_TIMER
please check storage details for c drive,STORAGE_INFO
can you reboot machine immediately,RESTART
i need to restart system immediately,RESTART
i want to whats ip address on this system,CHECK_IP
please tell me about specs now,SHOW_SYSTEM_INFO
go ahead and turn off windows desktop right away,POWER_OFF
go ahead and get storage details now,STORAGE_INFO
fix my monitor lag please,DRIVER_MGMT
i want to go to web browser to surf,OPEN_NET
go ahead and map connection route to 8.8.8.8 now,TRACE_ROUTE
go ahead and query name resolution for google.com,DNS_LOOKUP
could you go to slow wifi to fix ifi,OPEN_NETWORK_SETTINGS
could you go to adapter properties to fix wifi,OPEN_NETWORK_SETTINGS
could you run name resolution for a website,DNS_LOOKUP
start task manager to kill process,OPEN_TASK_MANAGER
switch off pc please,POWER_OFF
shut down program please,QUIT_PROGRAM
show me how long it takes for my emails to reach google servers.,TRACE_ROUTE
i want to monitor hard drive storage,STORAGE_INFO
run calculations tool quickly,OPEN_CALCULATOR
i need to display local ip please,CHECK_IP
please tracert to github.com now,TRACE_ROUTE
show storage details now,STORAGE_INFO
i want to get system info,SHOW_SYSTEM_INFO
i need to schedule pc turn off 10 minutes please,SHUTDOWN_TIMER
go ahead and close task with force,PROCESS_KILL
i need to reboot workstation immediately,RESTART
can you go to default browser to surf,OPEN_NET
access internet settings please,OPEN_NETWORK_SETTINGS
i need to find current ip,CHECK_IP
can you do some math to verify system details of this machine,SHOW_SYSTEM_INFO
please exit operations instantly,QUIT_PROGRAM
show storage info for c drive,STORAGE_INFO
could you go to edge browser please,OPEN_NET
can you view process manager please,OPEN_TASK_MANAGER
plese reboot system please,RESTART
can you get network ip on this system,CHECK_IP
please bring up calc for soce math,OPEN_CALCULATOR
reset computer now,RESTART
please check disk space,STORAGE_INFO
bring up calculations tool quickly,OPEN_CALCULATOR
show system processes on this system,SHOW_TASKS
can you check hdmi driver,DRIVER_MGMT
could you start commnad prompt quickly,OPEN_CMD
access web browser,OPEN_NET
i need to set a shutdown timer after 1 hour,POWER_OFF_TIMER
i want to display calculator utility,OPEN_CALCULATOR
i need to display system processes now,SHOW_TASKS
is there any way to check what the external ip of this machine looks like right now?,CHECK_IP
i need to display system load please,CHECK_RESOURCES
go ahead and view hardware specs profile,SHOW_SYSTEM_INFO
i need to restart workstation immediately,RESTART
go ahead and show internal ip of this pc,CHECK_IP
i need to resolve hdmi lag now,DRIVER_MGMT
can you show running programs please,SHOW_TASKS
go ahead and stop operations,QUIT_PROGRAM
i need to print active processes,SHOW_TASKS
go ahead and set power off in 20 minutes from now,POWER_OFF_TIMER
go ahead and hi the weather pleaes,NEUTRAL
can you start dns records on google,DNS_LOOKUP
could you show calc now,OPEN_CALCULATOR
go ahead and set power off in an hour,POWER_OFF_TIMER
i want to close process 1234,PROCESS_KILL
can you set a shutdown timer after 1 hour from now,POWER_OFF_TIMER
i need to reveal current ip for me,CHECK_IP
go ahead and test network on 8.8.8.8,PING_GOOGLE
tell me the time right now,NEUTRAL
please go to adapter properties to check connections,OPEN_NETWORK_SETTINGS
turn off pc immediately,POWER_OFF
get specs profile please,SHOW_SYSTEM_INFO
i want to launch terminal now,OPEN_CMD
i need to tracert to host please,TRACE_ROUTE
please launch process manager now,OPEN_TASK_MANAGER
i want to lookup dns info on 8.8.8.8,DNS_LOOKUP
go ahead and timer for shutdown 5 minutes immediately,SHUTDOWN_TIMER
can you timer for shutdown 15 mins now,SHUTDOWN_TIMER
i need to show interna ip,CHECK_IP
please go to connection speed,OPEN_NETWORK_SETTINGS
i want to trace route to host please,TRACE_ROUTE
can you start math app now,OPEN_CALCULATOR
please view slow connection now,OPEN_NETWORK_SETTINGS
go ahead and ping google to check internet,PING_GOOGLE
i need to execute command prompt instantly,OPEN_CMD
i want to schedule shutdown an hour please,POWER_OFF_TIMER
please troubleshoot hrrdware drivers now,DRIVER_MGMT
can you modify slow connection,OPEN_NETWORK_SETTINGS
run claculator quickly,OPEN_CALCULATOR
can you show network ip of my machine,CHECK_IP
can you stop interface,QUIT_PROGRAM
i need to switch off pc instantly,POWER_OFF
i need to do dns resolution for github.com,DNS_LOOKUP
i want to run peripheral devices now,DRIVER_MGMT
can you reveal system details for me,SHOW_SYSTEM_INFO
do some math to verify specs for me,SHOW_SYSTEM_INFO
could you run nslookup for a website,DNS_LOOKUP
bring up task manager to kill process,OPEN_TASK_MANAGER
could you trace route to a domain,TRACE_ROUTE
please execute dns resolution on github,DNS_LOOKUP
please do nslookup on google,DNS_LOOKUP
could you show memory load to monitor status,CHECK_RESOURCES
go ahead and view process manager,OPEN_TASK_MANAGER
could you turn off pc in 15 mins please,POWER_OFF_TIMER
lock workstation for safety,LOCK_SCREEN
please display background tasks please,SHOW_TASKS
please check latency to 8.8.8.8 to check internet,PING_GOOGLE
i need to get free space for c drive,STORAGE_INFO
can you show active applications list now,OPEN_TASK_MANAGER
i need to secure session right away,LOCK_SCREEN
i need to fix my slow internet,OPEN_NETWORK_SETTINGS
go ahead and open the internet now,OPEN_NET
i want to start monitor lag now,DRIVER_MGMT
go ahead and get free space now,STORAGE_INFO
please manage drivers for lag issues,DRIVER_MGMT
i want to tell me 2 + 2 please,NEUTRAL
manage graphics driver for lag issues,DRIVER_MGMT
go ahead and power cycle machine now,RESTART
i want to open taskmgr to kill procegs,OPEN_TASK_MANAGER
can you perform name resolution for a host,DNS_LOOKUP
stop program immediately,QUIT_PROGRAM
can you get specs for me,SHOW_SYSTEM_INFO
go ahead and open active applications list please,OPEN_TASK_MANAGER
i want to run the internet please,OPEN_NET
i need to set power off in 10 minutes immediately,POWER_OFF_TIMER
could you display hard drive storage for c drive,STORAGE_INFO
can you show background tasks,SHOW_TASKS
go ahead and restart pc instantly,RESTART
i want to switch off machine now,POWER_OFF
reveal system please,SHOW_SYSTEM_INFO
i need to tell me coffee lpease,NEUTRAL
please halt pc now,POWER_OFF
go ahead and exit shellsense now,QUIT_PROGRAM
can you run terminal quickly,OPEN_CMD
please log off computer for safety,LOCK_SCREEN
go ahead and tell me about specs please,SHOW_SYSTEM_INFO
please exit interface,QUIT_PROGRAM
i want to verify cpu and ram info for me,SHOW_SYSTEM_INFO
view running programs now,SHOW_TASKS
can you restart workstation please,RESTART
i need to sign out machine for safety,LOCK_SCREEN
i want to restart workstation instantly,RESTART
can you get active processes on this system,SHOW_TASKS
could you what is 2 + 2 right now,NEUTRAL
can you shut down gui panel now,QUIT_PROGRAM
please map connection route to 8.8.8.8 to debug route,TRACE_ROUTE
get task list please,SHOW_TASKS
i want to force close program please,PROCESS_KILL
go ahead and launch active applications list to end tasks,OPEN_TASK_MANAGER
manage disk management for c drive,STORAGE_INFO
i need to display ram utilization please,CHECK_RESOURCES
i want to track path to a domain now,TRACE_ROUTE
please power cycle computer right away,RESTART
can you tell me about system information,SHOW_SYSTEM_INFO
lock session,LOCK_SCREEN
i want to launch taukmgr to end tasks,OPEN_TASK_MANAGER
timer for shutdown after 1 hour immediately,SHUTDOWN_TIMER
please close process please,PROCESS_KILL
can you track path to 8.8.8.8 to debug route,TRACE_ROUTE
can you verify hardware details,SHOW_SYSTEM_INFO
i want to map connection route to a domain,TRACE_ROUTE
go ahead and explain about yourself right now,NEUTRAL
can you lookup domain ip on 8.8.8.8,DNS_LOOKUP
i need to test connectivity to google please,PING_GOOGLE
can you display running programs on this system,SHOW_TASKS
go ahead and set shutdown timer 30 mins now,SHUTDOWN_TIMER
print network ip on this system,CHECK_IP
go ahead and display tak list please,SHOW_TASKS
"""check the dns for google's homepage ip address",DNS_LOOKUP
i want to set shutdown timer 45 minutes,SHUTDOWN_TIMER
please turn off pc in 45 minutes immediately,POWER_OFF_TIMER
i need to execute teminal please,OPEN_CMD
i need to set shutdown timer an hour now,SHUTDOWN_TIMER
can you verify specs please,SHOW_SYSTEM_INFO
i need to test network on external host now,PING_GOOGLE
can you traecrt to github.com,TRACE_ROUTE
view specs plaese,SHOW_SYSTEM_INFO
launch calculator to calculate numbers,OPEN_CALCULATOR
can you check hard drive storage for c drive,STORAGE_INFO
i want to check resource consumption please,CHECK_RESOURCES
go ahead and open system monitor please,OPEN_TASK_MANAGER
could you reboot workstation pleaes,RESTART
i want to open shell prompt quickly,OPEN_CMD
go ahead and start the net to surf,OPEN_NET
could you open sharing centr please,OPEN_NETWORK_SETTINGS
i need to terminate pid with force,PROCESS_KILL
i need to view process manager now,OPEN_TASK_MANAGER
please hsut down the application now,QUIT_PROGRAM
i want to get disk capacity on this pc,STORAGE_INFO
i need to execute calcuator,OPEN_CALCULATOR
go ahead and display storage info,STORAGE_INFO
go ahead and open taskmgr now,OPEN_TASK_MANAGER
i want to map connection route to server,TRACE_ROUTE
resolve hdmi lag to fix displays,DRIVER_MGMT
can you show details of os details of this machine,SHOW_SYSTEM_INFO
access internet settings now,OPEN_NETWORK_SETTINGS
go ahead and test network on external host for latency check,PING_GOOGLE
could you switch off computer please,POWER_OFF
could you ping external host now,PING_GOOGLE
kqll pid,PROCESS_KILL
could you schedule pc turn off after 1 hour,SHUTDOWN_TIMER
please track ram utilization,CHECK_RESOURCES
go ahead and go to wifi settings please,OPEN_NETWORK_SETTINGS
reset pc immediately,RESTART
go ahead and force quit app please,PROCESS_KILL
go ahead and power cycle computer instantly,RESTART
i want to test network on google.com please,PING_GOOGLE
please bring up calculator utility,OPEN_CALCULATOR
fix my hdmi connection to fix displays,DRIVER_MGMT
can you show connection speed,OPEN_NETWORK_SETTINGS
i want to go to web portal please,OPEN_NET
please start dns info on github,DNS_LOOKUP
could you force quit pid please,PROCESS_KILL
shutdown timer in after 1 hour,SHUTDOWN_TIMER
please ping google,PING_GOOGLE
i need to track system load to monitor status,CHECK_RESOURCES
go ahead and monitor cpu usage on this system,CHECK_RESOURCES
please shutdown timer in 20 minutes now,SHUTDOWN_TIMER
can you test connectivity to 8.8.8.8 for latency check,PING_GOOGLE
can you do some math to verify my pc specs please,SHOW_SYSTEM_INFO
can you show process manager please,OPEN_TASK_MANAGER
could you execute domain ip on google,DNS_LOOKUP
please check partition info,STORAGE_INFO
could you update hdmi driver please,DRIVER_MGMT
i need to force quit app with force,PROCESS_KILL
could you launch process manager to kill process,OPEN_TASK_MANAGER
list active processes please,SHOW_TASKS
can you send packets to external host now,PING_GOOGLE
please terminate frozen app with force,PROCESS_KILL
go ahead and execute nslookup for a website,DNS_LOOKUP
can you turn off pc in 45 minutes immediately,POWER_OFF_TIMER
can you why is with homework today,NEUTRAL
i need to manage connection speed now,OPEN_NETWORK_SETTINGS
please open process manager please,OPEN_TASK_MANAGER
could you open calculatios tool,OPEN_CALCULATOR
can you track path to 8.8.8.8,TRACE_ROUTE
i want to timer for shutdown an hour immediately,SHUTDOWN_TIMER
could you display hardware specs profile please,OPEN_CALCULATOR
please start chrome browser to go online,OPEN_NET
go ahead and do dns resolution for a host,DNS_LOOKUP
troubleshoot my network settings please,OPEN_NETWORK_SETTINGS
i need to traceroute to server,TRACE_ROUTE
can you switch off machine safe shutdown,POWER_OFF
lit running programs now,SHOW_TASKS
quit program,QUIT_PROGRAM
please launch claculator quickly,OPEN_CALCULATOR
i need to auto shutdown in an hour,SHUTDOWN_TIMER
i need to close access to pc immediately,LOCK_SCREEN
i need to query domain ip for google.com,DNS_LOOKUP
go ahead and test network on google.com please,PING_GOOGLE
i want to auto shutdown in 5 minutes,SHUTDOWN_TIMER
i want to tracert to 8.8..88 now,TRACE_ROUTE
i want to list running programs now,SHOW_TASKS
please get system info of this machine,SHOW_SYSTEM_INFO
i need to auto shutdown in 15 mins please,SHUTDOWN_TIMER
please lookup dns info for github.com,DNS_LOOKUP
i need to what is local ip for me,CHECK_IP
i want to run dns resolution for google.com,DNS_LOOKUP
hello the time today,NEUTRAL
can you shutdown timer for 30 mins from now,POWER_OFF_TIMER
could you show system monitor now,OPEN_TASK_MANAGER
could you execute shell prompt,OPEN_CMD
please view free space now,STORAGE_INFO
go ahead and open slow internet,OPEN_NETWORK_SETTINGS
i want to get running programs please,SHOW_TASKS
i need to get free space,STORAGE_INFO
please log off windows screen immediately,LOCK_SCREEN
can you test connectivity to 8.8.8.8,PING_GOOGLE
i want to run display drivers now,DRIVER_MGMT
could you kill running process please,PROCESS_KILL
i need to fix my slow internet please,OPEN_NETWORK_SETTINGS
can you resolve drivers now,DRIVER_MGMT
go ahead and check latency to google please,PING_GOOGLE
i need to tracert to server now,TRACE_ROUTE
please view current ip now,CHECK_IP
please halt windows desktop right away,POWER_OFF
can you how are the weather please,NEUTRAL
can you reveal local ip now,CHECK_IP
could you check ip please,CHECK_IP
could you reboot systxm immediately,RESTART
i need to map connection route to github.com to debug route,TRACE_ROUTE
could you explain about yourself today,NEUTRAL
set power off in 30 mins from now,POWER_OFF_TIMER
i need to launch active applications list to end tasks,OPEN_TASK_MANAGER
could you start task manager to kill process,OPEN_TASK_MANAGER
can you check latency to external host now,PING_GOOGLE
please start calculations tool now,OPEN_CALCULATOR
i want to shutdown timer for 15 mins please,POWER_OFF_TIMER
could you secure pc right away,LOCK_SCREEN
i want to force close program now,PROCESS_KILL
can you close shellsense instantly,QUIT_PROGRAM
can you kill power to windows desktop immediately,POWER_OFF
could you run claculator please,OPEN_CALCULATOR
please reset workstation now,RESTART
can you power cycle system right away,RESTART
please auto shutdown in 10 minutes,SHUTDOWN_TIMER
could you power off computer right away,POWER_OFF
could you list running tasks on this system,SHOW_TASKS
i want to test netork on 8.8.8.8,PING_GOOGLE
i need to shutdown timer for 15 mins,POWER_OFF_TIMER
please shutdown timer for 5 minutes immediately,POWER_OFF_TIMER
go ahead and start default browser,OPEN_NET
please what is your name right now,NEUTRAL
please turn off computer righi away,POWER_OFF
i need to halt machine right away,POWER_OFF
open web browser to go online,OPEN_NET
please close gui panel instantly,QUIT_PROGRAM
please test connectivity to external host to check internet,PING_GOOGLE
i want to go to slow wifi,OPEN_NETWORK_SETTINGS
go ahead and why is 2 + 2 for me,NEUTRAL
go ahead and monitor drive allocation on this pc,STORAGE_INFO
go ahead and do dns resolution for google.com,DNS_LOOKUP
could you start display drivers please,DRIVER_MGMT
i want to show specs profile of thcs machine,SHOW_SYSTEM_INFO
shutdown timer in 45 minutes please,SHUTDOWN_TIMER
i need to power cycle pc now,RESTART
could you execue calclator,OPEN_CALCULATOR
i want to test connectivity to google.com now,PING_GOOGLE
please opwer cycle machine immediately,RESTART
go ahead and timer for shutdown after 1 hour immediately,SHUTDOWN_TIMER
please check system resources on this system,CHECK_RESOURCES
execute teminal now,OPEN_CMD
i need to exit shellsense instantly,QUIT_PROGRAM
tell me about yourself for me,NEUTRAL
i want to show task list on this system,SHOW_TASKS
could you launch claculator now,OPEN_CALCULATOR
i need to tell me about specs profile for me,SHOW_SYSTEM_INFO
could you get partition info for c drive,STORAGE_INFO
i need to view system of this machine,SHOW_SYSTEM_INFO
traceroute to github.com,TRACE_ROUTE
i need to reset computer immediately,RESTART
traceroute to a domain,TRACE_ROUTE
please execute shell prompt,OPEN_CMD
i need to quit interface,QUIT_PROGRAM
please troubleshoot drivers,DRIVER_MGMT
i need to update hdmi connection now,DRIVER_MGMT
set shutdown timer 5 minutes immediately,SHUTDOWN_TIMER
go ahead and veew wifi settings,OPEN_NETWORK_SETTINGS
can you manage hdmi driver please,DRIVER_MGMT
could you schedule pc turn off 10 minutes now,SHUTDOWN_TIMER
protect windows screen immediaely,LOCK_SCREEN
go ahead and run dns records for a host,DNS_LOOKUP
i need to terminate frozen app,PROCESS_KILL
can you show system processes now,SHOW_TASKS
i need to set a shutdown timer 20 minutes immediately,POWER_OFF_TIMER
could you track path to host,TRACE_ROUTE
display calclator please,OPEN_CALCULATOR
check domain ip for a website,DNS_LOOKUP
what is the news today,NEUTRAL
could you lock pc now,LOCK_SCREEN
go ahead and execute calculator utility,OPEN_CALCULATOR
can you swicth off workstation immediately,POWER_OFF
i need to access taskmgr,OPEN_TASK_MANAGER
i want to troubleshoot hdmi lag issues now,DRIVER_MGMT
go ahead and terminate program now,PROCESS_KILL
go ahead and power cycle system immediately,RESTART
can you check disk capacity please,STORAGE_INFO
could you tell me universe right now,NEUTRAL
i need to stop operations,QUIT_PROGRAM
go ahead and sign out workstation right away,LOCK_SCREEN
please troubleshoot my connection speed now,OPEN_NETWORK_SETTINGS
i want to show details of pc specifications of this machine,SHOW_SYSTEM_INFO
can you set a shutdown timer 20 minutes,POWER_OFF_TIMER
i need to show wifi panel now,OPEN_NETWORK_SETTINGS
i want to auto shutdown in 10 minutes please,SHUTDOWN_TIMER
secure session please,LOCK_SCREEN
can you start command shell please,OPEN_CMD
i need to run web browser to surf,OPEN_NET
could you hi you doing today,NEUTRAL
i want to set shutdown timer 10 minutes,SHUTDOWN_TIMER
could you run command line,OPEN_CMD
can you map connection route to host now,TRACE_ROUTE
please test network on google servers,PING_GOOGLE
go ahead and power off pc now,POWER_OFF
i want to quit gui panel now,QUIT_PROGRAM
i need to send packets to external host for latency check,PING_GOOGLE
please get storage details on this pc,STORAGE_INFO
i want to resolve drivers now,DRIVER_MGMT
go ahead and print ip address of my machine,CHECK_IP
go ahead and track hardware utilization on this system,CHECK_RESOURCES
i want to turn off pc in 10 minutes,POWER_OFF_TIMER
go ahead and run domain ip for google.com,DNS_LOOKUP
i need to set a shutdown thmer 15 mins immediately,POWER_OFF_TIMER
please open default browser to go online,OPEN_NET
manage wifi panel to check connections,OPEN_NETWORK_SETTINGS
can you auto shutdown in 15 mins now,SHUTDOWN_TIMER
i need to show slow wifi to fix wifi,OPEN_NETWORK_SETTINGS
i need to power cylce system immediately,RESTART
i need to reset pc instantly,RESTART
can you set a shutdown timer after 1 hour,POWER_OFF_TIMER
i want to display hardware utilization on this system,CHECK_RESOURCES
i want to shutdown timer in 45 minutes immediately,SHUTDOWN_TIMER
i want to reveal os details of this machine,SHOW_SYSTEM_INFO
i need to shut down program instantly,QUIT_PROGRAM
i need to send packets to google servers,PING_GOOGLE
please view memory load on this system,CHECK_RESOURCES
ping google servers for latency check,PING_GOOGLE
can you tracert to 8.88..8 please,TRACE_ROUTE
execute commnad prompt please,OPEN_CMD
manage slow wifi please,OPEN_NETWORK_SETTINGS
can you restart workstation right away,RESTART
could you view disk capacity now,STORAGE_INFO
could you access the internet to go online,OPEN_NET
i want to do some math to verify my system now,SHOW_SYSTEM_INFO
please start termnial please,OPEN_CMD
please send packets to external host for latency check,PING_GOOGLE
i want to troubleshoot my network connections to fix wifi,OPEN_NETWORK_SETTINGS
please run calculator,OPEN_CALCULATOR
i need to schedule shutdown 30 mins immediately,POWER_OFF_TIMER
can you close app by pid,PROCESS_KILL
i want to get hardware details of this machine,SHOW_SYSTEM_INFO
please restart machine right away,RESTART
can you protect computer please,LOCK_SCREEN
go ahead and start task manager to kill process,OPEN_TASK_MANAGER
go ahead and get system processes please,SHOW_TASKS
could you open web portal to go online,OPEN_NET
run calculations tool to calculate numbers,OPEN_CALCULATOR
can you test connectivity to google servers,PING_GOOGLE
i want to print pc specifications now,SHOW_SYSTEM_INFO
could you open default browser please,OPEN_NET
i need to schedule shutdown 10 minutes immediately,POWER_OFF_TIMER
can you show ram usage load,CHECK_RESOURCES
launch cmd quickly,OPEN_CMD
please run chrome browser to surf,OPEN_NET
quit shellsense immediately,QUIT_PROGRAM
please tracert to google.com to debug route,TRACE_ROUTE
i need to schedule shutdown after 1 hour,POWER_OFF_TIMER
please open web browser now,OPEN_NET
go ahead and can you you doing,NEUTRAL
display calclator now,OPEN_CALCULATOR
can you bring up command line,OPEN_CMD
i need to start nslookup for github.com,DNS_LOOKUP
can you sign out machine now,LOCK_SCREEN
please sign out session,LOCK_SCREEN
please test network on 8.8.8.8,PING_GOOGLE
i want to open terminal please,OPEN_CMD
can you set a shutdown timer 5 minutes please,POWER_OFF_TIMER
i want to run cmd quickly,OPEN_CMD
i want to print internal ip on this system,CHECK_IP
go ahead and open active applications list to end tasks,OPEN_TASK_MANAGER
i need to force quit app please,PROCESS_KILL
can you display current ip of this pc,CHECK_IP
set power off in 10 minutes,POWER_OFF_TIMER
i want to show ip please,CHECK_IP
cold you force quit program by pid,PROCESS_KILL
go ahead and display system details for me,SHOW_SYSTEM_INFO
please execute calculator,OPEN_CALCULATOR
can you reset system now,RESTART
access chrome browser please,OPEN_NET
go ahead and restart workstation instantly,RESTART
how do i make your name right now,NEUTRAL
can you display hard drive storage for c drive,STORAGE_INFO
can you manage hdmi lag for lag issues,DRIVER_MGMT
go ahead and switch off system now,POWER_OFF
go ahead and do some math to verify specs now,SHOW_SYSTEM_INFO
i want to open wifi panel now,OPEN_NETWORK_SETTINGS
can you tracert to host now,TRACE_ROUTE
can you get storage info please,STORAGE_INFO
could you bring up calclator for some math,OPEN_CALCULATOR
could you close cacess to session now,LOCK_SCREEN
go ahead and tracert to server please,TRACE_ROUTE
i want to configure network settings to fix wifi,OPEN_NETWORK_SETTINGS
could you open calcuator utility to calculate numbers,OPEN_CALCULATOR
go ahead and check latency to google to check internet,PING_GOOGLE
can you query dns resolution for a host,DNS_LOOKUP
can you start active applications list now,OPEN_TASK_MANAGER
go ahead and shutdown timer for after 1 hour please,POWER_OFF_TIMER
can you exit shellsense instantly,QUIT_PROGRAM
could you show hardware details of this machine,SHOW_SYSTEM_INFO
can you configure adapter properties please,OPEN_NETWORK_SETTINGS
i need to sign out screen for safety,LOCK_SCREEN
could you manage free space,STORAGE_INFO
please force close frozen app please,PROCESS_KILL
go ahead and execute name resolution on google,DNS_LOOKUP
go ahead and hi coffee please,NEUTRAL
shutdown timer for 45 minutes please,POWER_OFF_TIMER
go ahead and launch hdmi lag please,DRIVER_MGMT
i need to kill running process immediately,PROCESS_KILL
i need to view running tasks now,SHOW_TASKS
tracert to 8.8.8.8 to debug route,TRACE_ROUTE
please restart computer instantly,RESTART
i want to do some math to verify pc specifications please,SHOW_SYSTEM_INFO
could you print system details of this machine,SHOW_SYSTEM_INFO
i need to auto shutdown in 20 minutes immediately,SHUTDOWN_TIMER
please shutdown computer immediately,POWER_OFF
please power off system now,POWER_OFF
i need to print ip on this system,CHECK_IP
secure windows screen right away,LOCK_SCREEN
ping google please,PING_GOOGLE
i want to shutdown machine instantly,POWER_OFF
halt pc plese,POWER_OFF
go ahead and launch commnad prompt please,OPEN_CMD
i need to get task list on this ssytem,SHOW_TASKS
i need to view memory load,CHECK_RESOURCES
could you shutdown machine please,POWER_OFF
i need to how are a joke right now,NEUTRAL
i want to explain with homework please,NEUTRAL
i want to power off workstation right away,POWER_OFF
could you ping 8.8.8.8 for latency check,PING_GOOGLE
can you power cycle workstation please,RESTART
i need to display running programs on this system,SHOW_TASKS
go ahead and end application now,PROCESS_KILL
i want to open calculator utility now,OPEN_CALCULATOR
kill application immediately,PROCESS_KILL
please modify network settings to check connections,OPEN_NETWORK_SETTINGS
go ahead and fix my network connections to check connections,OPEN_NETWORK_SETTINGS
go ahead and protect computer right away,LOCK_SCREEN
can you schedule pc turn off 5 minutes immediately,SHUTDOWN_TIMER
i want to show calclator please,OPEN_CALCULATOR
i want to pwoer off machine right away,POWER_OFF
go ahead and trace route to 8.8.8.8,TRACE_ROUTE
log off session please,LOCK_SCREEN
please print running tasks please,SHOW_TASKS
i need to protect windows screen please,LOCK_SCREEN
go ahead and do some math to verify specs profile now,SHOW_SYSTEM_INFO
start shell prompt lease,OPEN_CMD
can you update hdmi lag to fix displays,DRIVER_MGMT
lookup dns records for github.com,DNS_LOOKUP
check local ip of my machine,CHECK_IP
go ahead and end avplication by pid,PROCESS_KILL
go ahead and kill frozen app immediately,PROCESS_KILL
could you auto shutdown in 20 minutes immedaitely,SHUTDOWN_TIMER
could you execute nslookup for google.com,DNS_LOOKUP
can you troubleshoot my slow connection,OPEN_NETWORK_SETTINGS
i want to execute dns records for github.com,DNS_LOOKUP
turn off computer now,POWER_OFF
go ahead and force close program with frce,PROCESS_KILL
can you protect screen now,LOCK_SCREEN
could you hello a joke,NEUTRAL
open taskmgr to kill process,OPEN_TASK_MANAGER
could you halt windows desktop now,POWER_OFF
can you start web portal to go online,OPEN_NET
please start task manager please,OPEN_TASK_MANAGER
can you how are you doing for me,NEUTRAL
go ahead and sign out pc now,LOCK_SCREEN
can you execute calcuator for some math,OPEN_CALCULATOR
could you traceroute to server to debug route,TRACE_ROUTE
start cmd,OPEN_CMD
bring up teminal,OPEN_CMD
i want to timer for shutdown 10 minutes,SHUTDOWN_TIMER
i want to end frozen app now,PROCESS_KILL
go ahead and ikll application,PROCESS_KILL
go ahead and go to web browser to surf,OPEN_NET
go ahead and open calclator for some math,OPEN_CALCULATOR
go ahead and reboot computer now,RESTART
please open slow wifi please,OPEN_NETWORK_SETTINGS
please get hardware details now,SHOW_SYSTEM_INFO
could you protect session please,LOCK_SCREEN
i want to set power off in after 1 hour from now,POWER_OFF_TIMER
could you power cycle workstation instantly,RESTART
sign out dachine immediately,LOCK_SCREEN
i want to start web portal please,OPEN_NET
i need to show internet settings now,OPEN_NETWORK_SETTINGS
trae route to server please,TRACE_ROUTE
could you tracert to server,TRACE_ROUTE
traceroute to a domain to debug route,TRACE_ROUTE
i need to send packets to 8.8.8.8 please,PING_GOOGLE
can you start default browser to surf,OPEN_NET
i want to ping external host now,PING_GOOGLE
view process manager please,OPEN_TASK_MANAGER
could you shut down shellsense now,QUIT_PROGRAM
go ahead and check latency to external host please,PING_GOOGLE
could you display partition info on this pc,STORAGE_INFO
please set a shutdown timer an hour,POWER_OFF_TIMER
i want to reboot workstation instantly,RESTART
go ahead and terminate pid please,PROCESS_KILL
please reveal os details,SHOW_SYSTEM_INFO
view drive allocation now,STORAGE_INFO
"execute ""bash -c 'cd ~ && ls -la'"" to list files in your home directory via bash.",OPEN_CMD
can you print current ip,CHECK_IP
could you close shellsense now,QUIT_PROGRAM
i need to power cycle workstation now,RESTART
i want to shutdown pc please,POWER_OFF
could you launch shell prompt,OPEN_CMD
could you resolve hardware drivers to fix displays,DRIVER_MGMT
i want to timer for shutdown 5 minutes please,SHUTDOWN_TIMER
can you traceroute to google.com now,TRACE_ROUTE
please launch cli console quickly,OPEN_CMD
please show active applications list,OPEN_TASK_MANAGER
could you send packets to google.com now,PING_GOOGLE
i need to stop the application please,QUIT_PROGRAM
can you manage network connections please,OPEN_NETWORK_SETTINGS
go ahead and view specs profile of this machine,SHOW_SYSTEM_INFO
i need to query nslookup for github.com,DNS_LOOKUP
get network ip,CHECK_IP
can you perform domain ip for a website,DNS_LOOKUP
i need to check latency to google servers please,PING_GOOGLE
please run the net,OPEN_NET
please log off machine now,LOCK_SCREEN
please monitor storage details please,STORAGE_INFO
could you switch off workstation immediately,POWER_OFF
could you run device manager now,DRIVER_MGMT
list abckground tasks now,SHOW_TASKS
please close access to pc immediately,LOCK_SCREEN
go ahead and launch taskmgr please,OPEN_TASK_MANAGER
test connectivity to external host please,PING_GOOGLE
please power cycle system right away,RESTART
could you kill program please,QUIT_PROGRAM
please access active applications list to end tasks,OPEN_TASK_MANAGER
i need to get ram utilization,CHECK_RESOURCES
can you launch calclator please,OPEN_CALCULATOR
switch off workstation immediately,POWER_OFF
i want to execute domain ip on 8.8.8.8,DNS_LOOKUP
can you tell me 2 + 2 today,NEUTRAL
please get disk space now,STORAGE_INFO
i want to verify system details for me,SHOW_SYSTEM_INFO
i want to resolve hdmi lag issues now,DRIVER_MGMT
please terminate application by pid,PROCESS_KILL
could you perform name resolution for google.com,DNS_LOOKUP
can you start dns resolution for google.com,DNS_LOOKUP
could you trace route to server now,TRACE_ROUTE
i want to auto shutdown in 5 minutes now,SHUTDOWN_TIMER
can you view cpu usage to monitor status,CHECK_RESOURCES
pleaes launch cmd,OPEN_CMD
can you reveal ip config please,CHECK_IP
i want to go to chrome browser now,OPEN_NET
go ahead and close program please,PROCESS_KILL
could you display specs of this machine,SHOW_SYSTEM_INFO
lookup name resolution for a host,DNS_LOOKUP
go ahead and list system processes on this system,SHOW_TASKS
can you reveal ip config now,CHECK_IP
go ahead and show system processes now,SHOW_TASKS
please trace route to google.com please,TRACE_ROUTE
show os details please,SHOW_SYSTEM_INFO
could you fix my hdmi driver for lag issues,DRIVER_MGMT
go ahead and schedule shutdown 5 minutes,POWER_OFF_TIMER
please start dns records for google.com,DNS_LOOKUP
go ahead and tracert to host to debug route,TRACE_ROUTE
could you launch system monitor,OPEN_TASK_MANAGER
please open calculations tool,OPEN_CALCULATOR
display system processes now,SHOW_TASKS
please run claculator now,OPEN_CALCULATOR
i want to can you the news today,NEUTRAL
can you update device manager now,DRIVER_MGMT
could you exit gui panel immediately,QUIT_PROGRAM
could you end running process with force,PROCESS_KILL
could you secure windows screen for safety,LOCK_SCREEN
i awnt to shut down operations now,QUIT_PROGRAM
could you explain how pc works,NEUTRAL
i want to what is local ip of this pc,CHECK_IP
find local ip now,CHECK_IP
i want to print running programs now,SHOW_TASKS
i want to display free space for c drive,STORAGE_INFO
can you show internal ip of this pc,CHECK_IP
i want to start hdmi lag to fix displays,DRIVER_MGMT
"""open up task manager for quick process view now.",OPEN_TASK_MANAGER
i need to stop the application now,QUIT_PROGRAM
go ahead and print background basks now,SHOW_TASKS
can you close task 1234,PROCESS_KILL
start calculations tool to calculate numbers,OPEN_CALCULATOR
can you monitor storage details on this pc,STORAGE_INFO
i want to check ipv4 address on this system,CHECK_IP
get system information for me,SHOW_SYSTEM_INFO
please access chrome browser please,OPEN_NET
could you set a shutdown timer after 1 hour,POWER_OFF_TIMER
could you reveal os details please,SHOW_SYSTEM_INFO
i want to ping google.com now,PING_GOOGLE
go ahead and trace route to server,TRACE_ROUTE
could you test connectivity to google.com please,PING_GOOGLE
i want to show storage details for c drive,STORAGE_INFO
could you get disk capacity for c drive,STORAGE_INFO
go ahead and shut down program please,QUIT_PROGRAM
can you perform dns records on 8.8.8.8,DNS_LOOKUP
i need to set power off in an hour from now,POWER_OFF_TIMER
go ahead and manage connection speed to check connections,OPEN_NETWORK_SETTINGS
go ahead and show slow network to check connections,OPEN_NETWORK_SETTINGS
please view internal ip now,CHECK_IP
i want to display ipv4 address of my machine,CHECK_IP
please execute math app now,OPEN_CALCULATOR
please force close task by pid,PROCESS_KILL
i need to turn off pc in an hour,POWER_OFF_TIMER
could you set a shutdown timer 30 mins,POWER_OFF_TIMER
i want to traceroute to server,TRACE_ROUTE
i want to terminate running process immediately,PROCESS_KILL
go ahead and start system monitor please,OPEN_TASK_MANAGER
could you send packets to google.com,PING_GOOGLE
i need to run command prompt,OPEN_CMD
start calculator please,OPEN_CALCULATOR
i need to shutdown pc safe shutdown,POWER_OFF
i need to tell me the news,NEUTRAL
could you show calculator utility now,OPEN_CALCULATOR
need it to shutdown in exactly 1 hour?,POWER_OFF_TIMER
could you open web browser to surf,OPEN_NET
i want to force quit app,PROCESS_KILL
go ahead and what is current ip for me,CHECK_IP
please monitor hard drive storage please,STORAGE_INFO
track hardware utilization on this system,CHECK_RESOURCES
i want to quit interface now,QUIT_PROGRAM
i need to set a shutdown timer 10 minutes please,POWER_OFF_TIMER
show os details for me,SHOW_SYSTEM_INFO
i want to how are the news today,NEUTRAL
please kill frozen app please,PROCESS_KILL
can you stop the application immediately,QUIT_PROGRAM
can you shutdown timer for 15 mins please,POWER_OFF_TIMER
please map connection route to host now,TRACE_ROUTE
i want to go to default browser now,OPEN_NET
i need to run command line quicky,OPEN_CMD
please map connection route to host,TRACE_ROUTE
can you display math app please,OPEN_CALCULATOR
"""i'll hit the power button one more time just to be sure it shuts down properly.",POWER_OFF
please troubleshoot my wifi panel to check connections,OPEN_NETWORK_SETTINGS
can you quit the application immediately,QUIT_PROGRAM
can you check latency to 8.8.8.8 for latency check,PING_GOOGLE
please open active applications list to end tasks,OPEN_TASK_MANAGER
go ahead and view internet settings to fix wifi,OPEN_NETWORK_SETTINGS
go ahead and bring up termnial now,OPEN_CMD
i need to display active processes now,SHOW_TASKS
could you ping google servers for latency check,PING_GOOGLE
end frozen app,PROCESS_KILL
can you show os details please,SHOW_SYSTEM_INFO
show hardware specs profile please,SHOW_SYSTEM_INFO
test connectivity to google for latency check,PING_GOOGLE
i want to trace route to a domain to debug route,TRACE_ROUTE
can you display hardware details for me,SHOW_SYSTEM_INFO
go ahead and open task manager to end tasks,OPEN_TASK_MANAGER
can you modify connection speed please,OPEN_NETWORK_SETTINGS
go ahead and secure workstation now,LOCK_SCREEN
go ahead and reveal specs,SHOW_SYSTEM_INFO
"""trying to get out of this shellsense program now - any tips?",QUIT_PROGRAM
tracert to host to debug route,TRACE_ROUTE
configure internet setitngs now,OPEN_NETWORK_SETTINGS
please view my system for me,SHOW_SYSTEM_INFO
go ahead and tracert to github.com please,TRACE_ROUTE
i want to turn off windows desktop now,POWER_OFF
can you what is current ip for me,CHECK_IP
perhorm dns resolution for github.com,DNS_LOOKUP
i need to what is life right now,NEUTRAL
i want to check disk management for c drive,STORAGE_INFO
i want to execute calc now,OPEN_CALCULATOR
can you view hardware details for me,SHOW_SYSTEM_INFO
start edge browser now,OPEN_NET
go ahead and query dns resolution for a host,DNS_LOOKUP
i want to log off machine,LOCK_SCREEN
i need to protect computer immediately,LOCK_SCREEN
show calc please,OPEN_CALCULATOR
go ahead and map connection route to server please,TRACE_ROUTE
i need to start calculator quickly,OPEN_CALCULATOR
i want to restart computer right away,RESTART
i need to secure pc please,LOCK_SCREEN
go ahead and start hdmi connection for lag issues,DRIVER_MGMT
i need to show running tasks,SHOW_TASKS
can you explain life,NEUTRAL
could you update drivers for lag issues,DRIVER_MGMT
go ahead and launch process manager please,OPEN_TASK_MANAGER
go ahead and traceroute to host now,TRACE_ROUTE
can you track path to server to debug route,TRACE_ROUTE
reset system immediately,RESTART
go ahead and trace route to google.com to debug route,TRACE_ROUTE
i need to monitor system resources to monitor status,CHECK_RESOURCES
go ahead and execute shell prompt instantly,OPEN_CMD
go ahead and view taskmgr to end tasks,OPEN_TASK_MANAGER
could you shut down operations now,QUIT_PROGRAM
could you lock session right away,LOCK_SCREEN
i need to display memory check now,CHECK_RESOURCES
go ahead and send packets to google.com to check internet,PING_GOOGLE
manage disk management now,STORAGE_INFO
go ahead and show adapter properties,OPEN_NETWORK_SETTINGS
go ahead and lock windows screen now,LOCK_SCREEN
what is a joke right now,NEUTRAL
i need to open task manager to kill process,OPEN_TASK_MANAGER
kill power to system safe shutdown,POWER_OFF
go ahead and access taskmgr to kill process,OPEN_TASK_MANAGER
can you show active processes,SHOW_TASKS
go ahead and reveal hadrware specs profile please,SHOW_SYSTEM_INFO
go ahead and pwoer cycle pc instantly,RESTART
i need to check performance statistics to monitor status,CHECK_RESOURCES
can you open taskmgr to end tasks,OPEN_TASK_MANAGER
run dns resolution for google.com,DNS_LOOKUP
go ahead and shutdown machine immediately,POWER_OFF
could you open wifi panel now,OPEN_NETWORK_SETTINGS
can you who is a joke today,NEUTRAL
i need to force quit pid now,PROCESS_KILL
could you get disk space please,STORAGE_INFO
please perform nslookup on github,DNS_LOOKUP
trying to ping an external website to ensure everything's on track.,PING_GOOGLE
execute shell prompt,OPEN_CMD
i need to show network settings to check connections,OPEN_NETWORK_SETTINGS
can you resolve drivers for lag issues,DRIVER_MGMT
go ahead and log off session now,LOCK_SCREEN
i want to start hdmi lag,DRIVER_MGMT
go ahead and get disk space for c drive,STORAGE_INFO
modify internet settings to fix wifi,OPEN_NETWORK_SETTINGS
can you view system monitor to end tasks,OPEN_TASK_MANAGER
could you resolve hdmi lag now,DRIVER_MGMT
go to slow wifi now,OPEN_NETWORK_SETTINGS
go ahead and access the net to go online,OPEN_NET
go haead and ping google servers,PING_GOOGLE
please track system load please,CHECK_RESOURCES
please show process manager to end tasks,OPEN_TASK_MANAGER
please launch commnad prompt quickly,OPEN_CMD
please check hardware utilization please,CHECK_RESOURCES
please schedule shutdown after 1 hour,POWER_OFF_TIMER
could you list running programs please,SHOW_TASKS
please auto shutdown in after 1 hour,SHUTDOWN_TIMER
could you fix my peripheral devices now,DRIVER_MGMT
i want to turn off pc in 45 minutes from now,POWER_OFF_TIMER
go ahead and check latency to 8.8.8.8 for latency check,PING_GOOGLE
go ahead and close the applicaiton immediately,QUIT_PROGRAM
go ahead and find network ip please,CHECK_IP
i need to open calclator to calculate numbers,OPEN_CALCULATOR
please halt windows desktop immediately,POWER_OFF
can you run web browser please,OPEN_NET
can you get hard drive storage for c drive,STORAGE_INFO
go ahead and run edge browser to go online,OPEN_NET
i need to view drive allocation,STORAGE_INFO
could you check disk management on this pc,STORAGE_INFO
exit shellsense now,QUIT_PROGRAM
i want to bring up calclator now,OPEN_CALCULATOR
i need to check hdmi driver please,DRIVER_MGMT
i want to view task manager now,OPEN_TASK_MANAGER
could you get pc specifications for me,SHOW_SYSTEM_INFO
can you schedule shutdown 5 minutes,POWER_OFF_TIMER
can you kill power to pc instantly,POWER_OFF
can you execute name resolution for google.com,DNS_LOOKUP
i want to start claculator,OPEN_CALCULATOR
i want to hi the ime for me,NEUTRAL
can you restart workstation immediately,RESTART
please puint system processes on this system,SHOW_TASKS
i want to check ahrdware utilization on this system,CHECK_RESOURCES
can you hi life please,NEUTRAL
could you set a shutdown timer 10 minutes,POWER_OFF_TIMER
can you set power off in 45 minutes immediately,POWER_OFF_TIMER
can you timer for shutdown 30 mins please,SHUTDOWN_TIMER
i need to show process manager to end tasks,OPEN_TASK_MANAGER
view background tasks please,SHOW_TASKS
please switch off machine safe shutdown,POWER_OFF
please terminate application with force,PROCESS_KILL
could you switch off workstation instantly,POWER_OFF
i need to print background tasks on this system,SHOW_TASKS
i want to traceroute to server please,TRACE_ROUTE
show network ip,CHECK_IP
troubleshoot peripheral devices for lag issues,DRIVER_MGMT
can you launch calc please,OPEN_CALCULATOR
i need to reset pc right away,RESTART
i want to turn off computer safe shutdown,POWER_OFF
could you who is about yourself for me,NEUTRAL
go ahead and kill the application now,QUIT_PROGRAM
troubleshoot my wifi settings to fix wifi,OPEN_NETWORK_SETTINGS
go ahead and start web browser please,OPEN_NET
can you monitor memory load to monitor status,CHECK_RESOURCES
run teminal now,OPEN_CMD
troubleshoot device manager please,DRIVER_MGMT
go ahead and find ip address,CHECK_IP
can you close access to pc for safety,LOCK_SCREEN
could you test network on google servers for latency check,PING_GOOGLE
i need to run nslookup for google.com,DNS_LOOKUP
go ahead and view hardware utilization to monitor status,CHECK_RESOURCES
run calcuator now,OPEN_CALCULATOR
i want to configure slow wifi to check connections,OPEN_NETWORK_SETTINGS
go ahead and check monitor lag now,DRIVER_MGMT
go ahead and reboot workstation now,RESTART
go ahead and check disk space for c drive,STORAGE_INFO
execute nslookuw for github.com,DNS_LOOKUP
can you ping google servers,PING_GOOGLE
please timer for shutdown an hour immediately,SHUTDOWN_TIMER
switch off system instantly,POWER_OFF
i want to start cli console now,OPEN_CMD
could you resolve device manager now,DRIVER_MGMT
check latency to google for latency check,PING_GOOGLE
go ahead and list task list on this system,SHOW_TASKS
go ahead and turn off machine safe shutdown,POWER_OFF
please protect machine right away,LOCK_SCREEN
i want to shutdown timer in after 1 hour now,SHUTDOWN_TIMER
could you kill power to pc immediately,POWER_OFF
test connectivity to 8.8.8.8,PING_GOOGLE
go ahead and run chrome browser,OPEN_NET
could you show hardware load high,CHECK_RESOURCES
i want to quit interface please,QUIT_PROGRAM
i need to ping 8.8.8.8 to check internet,PING_GOOGLE
can you get ipv4 address of this pc,CHECK_IP
go ahead and protect pc now,LOCK_SCREEN
could you switch off workstation please,POWER_OFF
could you run command prompt quickly,OPEN_CMD
please log off owrkstation please,LOCK_SCREEN
go ahead and manage free space now,STORAGE_INFO
please explain about yourself right now,NEUTRAL
can you tell me your name today,NEUTRAL
i want to traceroute to host to debug route,TRACE_ROUTE
i want to open drivers please,DRIVER_MGMT
go ahead and show pc specifications please,SHOW_SYSTEM_INFO
please dysplay disk capacity on this pc,STORAGE_INFO
could you show network settings now,OPEN_NETWORK_SETTINGS
i want to turn off pc in 15 mins immediately,POWER_OFF_TIMER
please log off pc,LOCK_SCREEN
please whats current ip of this pc,CHECK_IP
please show hardware specs profile,SHOW_SYSTEM_INFO
could you reveal hardware specs profile please,SHOW_SYSTEM_INFO
could you check domain ip for a host,DNS_LOOKUP
get internal ip now,CHECK_IP
please run calculator utility now,OPEN_CALCULATOR
"""need to see if i can connect to the web by sending a ping to google's primary server directly.",PING_GOOGLE
please access network connections to check connections,OPEN_NETWORK_SETTINGS
could you manage partition info on this pc,STORAGE_INFO
please restart system now,RESTART
please fix my display driers,DRIVER_MGMT
view active processes,SHOW_TASKS
can you show task list now,SHOW_TASKS
could you check latency to google.com,PING_GOOGLE
could you force close application,PROCESS_KILL
could you whats ip config on this system,CHECK_IP
i want to view network settings to fix wifi,OPEN_NETWORK_SETTINGS
fix my wifi panel now,OPEN_NETWORK_SETTINGS
could you run cmd instantly,OPEN_CMD
please access the net please,OPEN_NET
lease halt pc please,POWER_OFF
can you shutdown timer for 20 minutes,POWER_OFF_TIMER
i ned to monitor ram utilization,CHECK_RESOURCES
i need to exit the application now,QUIT_PROGRAM
i want to bring up calculator,OPEN_CALCULATOR
please monitor partition info now,STORAGE_INFO
go to chrome browser,OPEN_NET
i need to open sharing center to check connections,OPEN_NETWORK_SETTINGS
could you turn off pc in 10 minuets,POWER_OFF_TIMER
i want to lookup name resolution for a website,DNS_LOOKUP
"start a new cmd session as follows: ""cmd /k echo hello, world! > hello.txt",OPEN_CMD
can you view system monitor now,OPEN_TASK_MANAGER
could you lookup nslookup on 8.8.8.8,DNS_LOOKUP
please update hardware drivers please,DRIVER_MGMT
go ahead and bring up calc quickly,OPEN_CALCULATOR
i want to view disk capacity now,STORAGE_INFO
i need to manage wifi settings now,OPEN_NETWORK_SETTINGS
can you trace route to github.com to debug route,TRACE_ROUTE
could you track path to host now,TRACE_ROUTE
can you view current ip,CHECK_IP
i want to secure machine for safety,LOCK_SCREEN
i need to ping google.com please,PING_GOOGLE
can you monitor disk management on this pc,STORAGE_INFO
could you launch active applications list to end tasks,OPEN_TASK_MANAGER
could you start shell prompt,OPEN_CMD
could you get memory load to monitor status,CHECK_RESOURCES
cold you shutdown workstation now,POWER_OFF
i neez to open edge browser now,OPEN_NET
could you secure screen now,LOCK_SCREEN
please troubleshoot drivers now,DRIVER_MGMT
go ahead and who is the news,NEUTRAL
can you force quit task,PROCESS_KILL
could you force close app immediately,PROCESS_KILL
go ahead and start calculations tool now,OPEN_CALCULATOR
start nslookup for github.com,DNS_LOOKUP
i want to lock pc now,LOCK_SCREEN
i need to view active processes now,SHOW_TASKS
i want to launch hardware specs profile quickly,OPEN_CALCULATOR
go ahead and run dns records for a website,DNS_LOOKUP
view internal ip for me,CHECK_IP
could you can you you doing,NEUTRAL
could you fix my hdmi connection now,DRIVER_MGMT
can you reveal local ip for me,CHECK_IP
i want to track performance statistics on this system,CHECK_RESOURCES
i need to stop process now,PROCESS_KILL
please hello you doing please,NEUTRAL
could you reboot workstation now,RESTART
i want to view system processes on this system,SHOW_TASKS
please print active processes please,SHOW_TASKS
please exit program please,QUIT_PROGRAM
go ahead and quit program now,QUIT_PROGRAM
can you do domain ip for google.com,DNS_LOOKUP
i need to set shutdown timer 15 min immediately,SHUTDOWN_TIMER
luanch task manager please,OPEN_TASK_MANAGER
can you monitor ram utilization please,CHECK_RESOURCES
can you end program by pid,PROCESS_KILL
i need to set a shutdown timer 5 minutes immediately,POWER_OFF_TIMER
can you check system load on this system,CHECK_RESOURCES
can you bring up system monitor please,OPEN_TASK_MANAGER
i want to power off workstation instantly,POWER_OFF
can you run dns records on github,DNS_LOOKUP
i want to can you life,NEUTRAL
go ahead and chck current ip on this system,CHECK_IP
can you bring up command prompt please,OPEN_CMD
track path to a domain please,TRACE_ROUTE
start teminal,OPEN_CMD
please monitor system resources,CHECK_RESOURCES
go ahead and query domain ip on github,DNS_LOOKUP
i want to monitor disk management now,STORAGE_INFO
can you display local ip on this system,CHECK_IP
i need to display running tasks now,SHOW_TASKS
please view background tasks on this system,SHOW_TASKS
i want to execute commnad prompt quickly,OPEN_CMD
go ahead and is my cpu temperature please,CHECK_RESOURCES
go ahead and show me about cpu and ram info,SHOW_SYSTEM_INFO
i need to launch the net please,OPEN_NET
go ahead and troubleshoot my slow internet to check connections,OPEN_NETWORK_SETTINGS
i need to show running tasks now,SHOW_TASKS
please start dns info for a host,DNS_LOOKUP
i need to go to network connections to check connections,OPEN_NETWORK_SETTINGS
i need to sign out session,LOCK_SCREEN
please force quit application with force,PROCESS_KILL
go ahead and turn off machine please,POWER_OFF
can you check latency to 8.8.8.8 to check internet,PING_GOOGLE
show background tasks now,SHOW_TASKS
could you hatl machine immediately,POWER_OFF
go ahead and who is life today,NEUTRAL
go ahead and auto shutdown in 15 mins,SHUTDOWN_TIMER
go ahaad and fix my slow internet,OPEN_NETWORK_SETTINGS
could you timer for shutdown 45 minutes immediately,SHUTDOWN_TIMER
can you start task manager to end tsaks,OPEN_TASK_MANAGER
i need to protect computer please,LOCK_SCREEN
stop shellsense please,QUIT_PROGRAM
go ahead and bring up calculator utility to calculate numbers,OPEN_CALCULATOR
i need to go to web portal now,OPEN_NET
go ahead and check latency to 8.8.8.8 please,PING_GOOGLE
please verify hardware specs profile please,SHOW_SYSTEM_INFO
i need to schedule shutdown 45 minutes from now,POWER_OFF_TIMER
go ahead and reveal system info please,SHOW_SYSTEM_INFO
go ahead and get running tasks now,SHOW_TASKS
i want to access system monitor please,OPEN_TASK_MANAGER
i want to schedule shutdown 30 mins from now,POWER_OFF_TIMER
could you print running tasks,SHOW_TASKS
go ahead and check storage details,STORAGE_INFO
i need to lookup dns info on google,DNS_LOOKUP
i want to launch the internet now,OPEN_NET
can you nind current ip of my machine,CHECK_IP
could you sign out computer for safety,LOCK_SCREEN
go ahead and do some math to verify calculations tool now,OPEN_CALCULATOR
i want to protect screen,LOCK_SCREEN
i want to switch off windows desktop immediately,POWER_OFF
i want to tell me about yourself,NEUTRAL
sign out pc please,LOCK_SCREEN
i want to run hdmi lag for lag issues,DRIVER_MGMT
i want to track ram utilization on this system,CHECK_RESOURCES
i want to view resource consumption on this system,CHECK_RESOURCES
"""quickly shutting down and then restarting.",RESTART
i want to find local ip on this system,CHECK_IP
go ahead and tell me abot cpu and ram info of this machine,SHOW_SYSTEM_INFO
can you get resource consumption to monitor status,CHECK_RESOURCES
can you display math app,OPEN_CALCULATOR
go ahead and shutdown timer for 10 minutes immediately,POWER_OFF_TIMER
i need to check latency to external host now,PING_GOOGLE
can you halt computer now,POWER_OFF
could you set a shutdown timer 5 minutes from now,POWER_OFF_TIMER
could you check graphics driver now,DRIVER_MGMT
can you query domain ip on github,DNS_LOOKUP
can you fix my hdmi lag please,DRIVER_MGMT
please check disk capacity for c drive,STORAGE_INFO
can you run calculations tool quickly,OPEN_CALCULATOR
i need to halt pc please,POWER_OFF
"""immediate shutdown of my computer by hitting the 'power' button twice quickly.",POWER_OFF
go ahead and reset computer please,RESTART
can you what is the meaning of with homework please,NEUTRAL
restart workstation please,RESTART
i need to track path to github.com now,TRACE_ROUTE
i want to view pc specifications please,SHOW_SYSTEM_INFO
please bring up calculations tool to calculate numbers,OPEN_CALCULATOR
please closk access to screen now,LOCK_SCREEN
could you set a shutdown timer an hour please,POWER_OFF_TIMER
plase list task list please,SHOW_TASKS
please shutdown timer for 5 minutes from now,POWER_OFF_TIMER
i want to secure screen for safety,LOCK_SCREEN
go ahead and open taskmgr please,OPEN_TASK_MANAGER
could you reboot system instantly,RESTART
can you map connection route to 8.8.8.8 please,TRACE_ROUTE
could you show task list now,SHOW_TASKS
can you list background tasks,SHOW_TASKS
can you power off machine safe shutdown,POWER_OFF
go ahead and prnt running programs please,SHOW_TASKS
please fix my display drivers please,DRIVER_MGMT
please launch system monitor to kill process,OPEN_TASK_MANAGER
please manage slow connection now,OPEN_NETWORK_SETTINGS
i need to ahlt computer instantly,POWER_OFF
go ahead and run cli console quickly,OPEN_CMD
set a shutdown timer 15 mins immediately,POWER_OFF_TIMER
i wnat to check internal ip for me,CHECK_IP
could you list active processes on this system,SHOW_TASKS
can you can you with homework today,NEUTRAL
monitor performance statistics please,CHECK_RESOURCES
i want to print active processes now,SHOW_TASKS
i want to monitor hardware utilization,CHECK_RESOURCES
i want to verify cpu and ram info please,SHOW_SYSTEM_INFO
can you end application now,PROCESS_KILL
i want to run hdmi driver now,DRIVER_MGMT
secure pc right away,LOCK_SCREEN
cold you halt computer immediately,POWER_OFF
please kill app with force,PROCESS_KILL
go ahead and test connectivity to google for latency check,PING_GOOGLE
please start hardware drivers please,DRIVER_MGMT
can you open graphics driver to fix displays,DRIVER_MGMT
i need to track path to 8.8.8.,TRACE_ROUTE
please reset system right away,RESTART
please shutdown timer for 10 minutes,POWER_OFF_TIMER
whats ip address for me,CHECK_IP
i want to troubleshoot my wifi settings to check connections,OPEN_NETWORK_SETTINGS
please open shell prompt quickly,OPEN_CMD
shutdown machine instantly,POWER_OFF
i want to halt windows desktop please,POWER_OFF
bring up calc please,OPEN_CALCULATOR
i want to display background tasks on this system,SHOW_TASKS
i want to go to network settings to check connections,OPEN_NETWORK_SETTINGS
i need to terminate task taskmgr,PROCESS_KILL
go ahead and view system monitor now,OPEN_TASK_MANAGER
i need to launch default browser to go online,OPEN_NET
please execute command prompt instantly,OPEN_CMD
go ahead and kill power to workstation right away,POWER_OFF
could you can you universe,NEUTRAL
i need to access sharing center to fix wifi,OPEN_NETWORK_SETTINGS
i need to trace route to github.com to debug route,TRACE_ROUTE
please run termnial now,OPEN_CMD
could you reboot system now,RESTART
could you launch command prompt instantly,OPEN_CMD
i want to check hardware utilization,CHECK_RESOURCES
i want to view ip address of my machine,CHECK_IP
go ahead and track path to server please,TRACE_ROUTE
i need to test network on 8.8.8.8 please,PING_GOOGLE
modify slow wifi to fix wifi,OPEN_NETWORK_SETTINGS
i nepd to show disk management on this pc,STORAGE_INFO
go ahead and close program now,QUIT_PROGRAM
please view cpu usage on this system,CHECK_RESOURCES
i need to manage disk space now,STORAGE_INFO
could you timer for shutdown 30 mins immediately,SHUTDOWN_TIMER
i need to how are how pc works right now,NEUTRAL
can you go to the net please,OPEN_NET
can you tracert to github.com,TRACE_ROUTE
go ahead and access network connections,OPEN_NETWORK_SETTINGS
i need to view ip config on this system,CHECK_IP
could you check dns info on github,DNS_LOOKUP
i want to start calc for some math,OPEN_CALCULATOR
can you show cpu and ram info of this machine,SHOW_SYSTEM_INFO
view slow connection to check connections,OPEN_NETWORK_SETTINGS
can you kill power to system instantly,POWER_OFF
run math app for some math,OPEN_CALCULATOR
can you hi about yourself right now,NEUTRAL
please display clacultaor,OPEN_CALCULATOR
show running programs now,SHOW_TASKS
could you troubleshoot my slow network now,OPEN_NETWORK_SETTINGS
go ahead and shut down gui panel,QUIT_PROGRAM
i need to traceroute to server please,TRACE_ROUTE
go ahead and tell me the news for me,NEUTRAL
please sehure pc please,LOCK_SCREEN
i need to monitor free space,STORAGE_INFO
please start calculator for some math,OPEN_CALCULATOR
go ahead and start web browser,OPEN_NET
could you reveal my ystem for me,SHOW_SYSTEM_INFO
please power off workstation safe shutdown,POWER_OFF
launch termnial instantly,OPEN_CMD
go ahead and terminate frozen app by pid,PROCESS_KILL
i want to display running tasks please,SHOW_TASKS
could you launch calc,OPEN_CALCULATOR
i need to schedule shutdown 45 minutes immediately,POWER_OFF_TIMER
i want to sign out machine,LOCK_SCREEN
go ahead and power off workstation instantly,POWER_OFF
close application now,PROCESS_KILL
i want to check drive allocation for c drive,STORAGE_INFO
go aehad and who is how pc works today,NEUTRAL
go ahead and shutdown timer for 15 mins please,POWER_OFF_TIMER
i want to go to web portal now,OPEN_NET
please execute calculator to calculate numbers,OPEN_CALCULATOR
go ahead and what is local ip for me,CHECK_IP
please open claculator for some math,OPEN_CALCULATOR
check ipv4 address,CHECK_IP
i want to shutdown timer in 10 minutes immediately,SHUTDOWN_TIMER
could you run terminal quickly,OPEN_CMD
go ahead and view system processes on this system,SHOW_TASKS
power off pc instantly,POWER_OFF
please view storage details on this pc,STORAGE_INFO
could you tell me about pc specifications please,SHOW_SYSTEM_INFO
display math app to calculate numbers,OPEN_CALCULATOR
could you monitor disk capacity,STORAGE_INFO
i need to show partition info please,STORAGE_INFO
i need to perform name resolution for a website,DNS_LOOKUP
i want to view background tasks now,SHOW_TASKS
log off machine for safety,LOCK_SCREEN
start peripheral devices now,DRIVER_MGMT
could you display calclftor quickly,OPEN_CALCULATOR
could you shutdown timer for 30 mins please,POWER_OFF_TIMER
could you launch claculator for some math,OPEN_CALCULATOR
could you send packets to google servers now,PING_GOOGLE
could you show system processes on this system,SHOW_TASKS
please check latency to 8.8.8.8 for latency check,PING_GOOGLE
i need to schedule pc turn off 10 minutes now,SHUTDOWN_TIMER
can you schedule pc turn off after 1 hour,SHUTDOWN_TIMER
i need to what is the weather please,NEUTRAL
i need to monitor system load to monitor status,CHECK_RESOURCES
i want to open cli console please,OPEN_CMD
update monitor lag for lag issues,DRIVER_MGMT
could you display task list please,SHOW_TASKS
can you stop frozen app please,PROCESS_KILL
can you how are the time please,NEUTRAL
go ahead and show calculator please,OPEN_CALCULATOR
i need to map connection route to server please,TRACE_ROUTE
i need to fix my connection speed please,OPEN_NETWORK_SETTINGS
go ahead and turn off machine now,POWER_OFF
i need to reset workstation immediately,RESTART
could you can you your name please,NEUTRAL
please why is your name right now,NEUTRAL
could you shutdown timer for 15 mins please,POWER_OFF_TIMER
can you reset pc instantly,RESTART
go ahead and start edge browser,OPEN_NET
fix my device manager now,DRIVER_MGMT
please why is how pc works,NEUTRAL
i need to access active applications list to kill process,OPEN_TASK_MANAGER
can you display storage info on thii pc,STORAGE_INFO
please auto shutdown in after 1 hour please,SHUTDOWN_TIMER
configure slow wifi to fix wifi,OPEN_NETWORK_SETTINGS
i want to display resource consumption please,CHECK_RESOURCES
could you check resource consumption to monitor status,CHECK_RESOURCES
please kill power to windows desktop instantly,POWER_OFF
could you schedule shutdown 20 minutes immediately,POWER_OFF_TIMER
launch terminal pqease,OPEN_CMD
i need to execute name resolution for google.com,DNS_LOOKUP
could you close access to session for safety,LOCK_SCREEN
could you run web portal,OPEN_NET
list all programs that consume significant amounts of ram.,CHECK_RESOURCES
could you open slow internet to check connections,OPEN_NETWORK_SETTINGS
pint pc specifications of this machine,SHOW_SYSTEM_INFO
i need to tell me about hardware specs profile of this machine,SHOW_SYSTEM_INFO
can you show disk space for c drive,STORAGE_INFO
can you execute termnial instantly,OPEN_CMD
could you map connection route to google.com please,TRACE_ROUTE
could you close application by pid,PROCESS_KILL
can you luanch command line instantly,OPEN_CMD
i want to display local ip please,CHECK_IP
i want to view local ip of this pc,CHECK_IP
coud you hello you doing right now,NEUTRAL
i want to tracert to a domain to debug route,TRACE_ROUTE
display background taaks,SHOW_TASKS
print active processes on this system,SHOW_TASKS
tell me the weather for me,NEUTRAL
i need to get memory load to monitor status,CHECK_RESOURCES
i need to can you life right now,NEUTRAL
could you kill power to system safe shutdown,POWER_OFF
open terminal plpase,OPEN_CMD
go ahead and run calculations tool now,OPEN_CALCULATOR
i want to troubleshoot drivers for lag issues,DRIVER_MGMT
show network connections to check connections,OPEN_NETWORK_SETTINGS
i whnt to run hardware drivers for lag issues,DRIVER_MGMT
please sign out session immediately,LOCK_SCREEN
could you bring up taskmgr to kill process,OPEN_TASK_MANAGER
go ahead and execute name resolution on github,DNS_LOOKUP
i want to display storage info for c drive,STORAGE_INFO
i need to show task list please,SHOW_TASKS
what is how pc works today,NEUTRAL
please view sharing center,OPEN_NETWORK_SETTINGS
could you access the internet to surf,OPEN_NET
go ahead and open termnial now,OPEN_CMD
could you reveal my pc specs please,SHOW_SYSTEM_INFO
i want to secure windows screen right away,LOCK_SCREEN
i need to reset system please,RESTART
can you bring up commnad prompt instantly,OPEN_CMD
show hardware details please,SHOW_SYSTEM_INFO
i need to list active processes,SHOW_TASKS
could you list active processes please,SHOW_TASKS
go ahead and reboot computer instantly,RESTART
i need to modify slow network to check connections,OPEN_NETWORK_SETTINGS
please access system monitor please,OPEN_TASK_MANAGER
please troubleshoot my connection speed please,OPEN_NETWORK_SETTINGS
can you do some math to verify hardware specs profile,OPEN_CALCULATOR
go ahead and kill frozen app,PROCESS_KILL
run domain ip on google,DNS_LOOKUP
what is ipv4 adress,CHECK_IP
i want to track path to server to debug route,TRACE_ROUTE
can you set a shutdown timer an hour immediately,POWER_OFF_TIMER
i want to power off pc immediately,POWER_OFF
i need to troubleshoot hardware drivers for lag issues,DRIVER_MGMT
send packets to google servers for latency check,PING_GOOGLE
i watn to track path to a domain to debug route,TRACE_ROUTE
i need to secure workstation immediately,LOCK_SCREEN
please access slow internet please,OPEN_NETWORK_SETTINGS
go ahead and why is coffee,NEUTRAL
go ahead and log off computer,LOCK_SCREEN
access default browser to go online,OPEN_NET
i want to print hardware details now,SHOW_SYSTEM_INFO
please show claculator please,OPEN_CALCULATOR
please lock machine now,LOCK_SCREEN
i want to go to defalt browser to go online,OPEN_NET
i need to launch task manager to end tasks,OPEN_TASK_MANAGER
i want to resolve display drivers please,DRIVER_MGMT
i need to run cmd,OPEN_CMD
i want to whats current ip now,CHECK_IP
could you close program,QUIT_PROGRAM
i need to show disk management,STORAGE_INFO
i need to print active processes on this system,SHOW_TASKS
i need to shut down gui panel,QUIT_PROGRAM
i need to check latency to google servers for latency check,PING_GOOGLE
could you set power off in an hour,POWER_OFF_TIMER
please terminate task,PROCESS_KILL
go ahead and close access to session please,LOCK_SCREEN
i need to check disk management,STORAGE_INFO
please shutdown timer in 15 mins now,SHUTDOWN_TIMER
please start process manager please,OPEN_TASK_MANAGER
go ahead and check resource cosnumption on this system,CHECK_RESOURCES
i need to kill the application istantly,QUIT_PROGRAM
can you turn off workstation now,POWER_OFF
launch web browser now,OPEN_NET
go ahead and launch calc,OPEN_CALCULATOR
i want to display math app please,OPEN_CALCULATOR
can you view task manager to kill process,OPEN_TASK_MANAGER
i need to lock wnidows screen right away,LOCK_SCREEN
please what is network ip please,CHECK_IP
do dns records for a website,DNS_LOOKUP
i need to terminate program immediately,PROCESS_KILL
could you start dns resolution for a host,DNS_LOOKUP
can you show ip of my machine,CHECK_IP
can you do some math to verify specs now,SHOW_SYSTEM_INFO
i need to check memory load to monitor status,CHECK_RESOURCES
can you reboot eystem right away,RESTART
timer for shutdown 20 minutes please,SHUTDOWN_TIMER
track path to github.com please,TRACE_ROUTE
i want to view disk space please,STORAGE_INFO
i want to execute dns nifo for google.com,DNS_LOOKUP
ould you send packets to 8.8.8.8 to check internet,PING_GOOGLE
i want to track path to 8.8.8.8 please,TRACE_ROUTE
i need to what is internal ip for me,CHECK_IP
i want to start peripheral devices please,DRIVER_MGMT
check my local ip address!,CHECK_IP
"execute ""start cmd /e:on"" to open the command prompt window with error handling enabled.",OPEN_CMD
i need to monitor drive allocation please,STORAGE_INFO
please shutdown workstation safe shutdown,POWER_OFF
can you sign out screen please,LOCK_SCREEN
go ahead and set a shutdown timer 30 mins,POWER_OFF_TIMER
wfat is local ip,CHECK_IP
go ahead and bring up teminal now,OPEN_CMD
could you erset pc instantly,RESTART
i want to show taskmgr to end tasks,OPEN_TASK_MANAGER
go ahead and schedule pc turn off 5 minutes,SHUTDOWN_TIMER
can you access wifi settings to fix wifi,OPEN_NETWORK_SETTINGS
could you protect computer for safety,LOCK_SCREEN
can you show specs profile now,SHOW_SYSTEM_INFO
how are how pc works right now,NEUTRAL
can you reboot machine please,RESTART
can you troubleshoot hdmi lag to fix displays,DRIVER_MGMT
please print system details please,SHOW_SYSTEM_INFO
please check storgae info please,STORAGE_INFO
can you test network on google servers now,PING_GOOGLE
can you open calculations ool to calculate numbers,OPEN_CALCULATOR
i want to kill power to workstation right away,POWER_OFF
i need to switch off system immediately,POWER_OFF
please bring up task manager to end tasks,OPEN_TASK_MANAGER
please launch web portal,OPEN_NET
i want to open hardware drivers for lag issues,DRIVER_MGMT
could you launch monitor lag to fix displays,DRIVER_MGMT
please monitor disk management please,STORAGE_INFO
explain the weather today,NEUTRAL
i want to auto shutdown in 20 minutes immediately,SHUTDOWN_TIMER
could you can you the weather please,NEUTRAL
run dns resolution for a webmite,DNS_LOOKUP
go ahead and test connectivity to google servers,PING_GOOGLE
i want to run command prompt instantly,OPEN_CMD
could you view taskmgr now,OPEN_TASK_MANAGER
can you display ram utilization,CHECK_RESOURCES
go ahead and set power off in 20 minutes immediately,POWER_OFF_TIMER
i need to manage slow network please,OPEN_NETWORK_SETTINGS
i want to test network on 8.8.8.8 please,PING_GOOGLE
i need to kill frozen app by pid,PROCESS_KILL
i need to do some math to verify specs please,SHOW_SYSTEM_INFO
could you resolve display drivers to fix displays,DRIVER_MGMT
go ahead and power off machine nistantly,POWER_OFF
i need to track path to 8.8.8.8 now,TRACE_ROUTE
print pc specifications please,SHOW_SYSTEM_INFO
can you display memory check load,CHECK_RESOURCES
"""i need to forcefully close that running game app.",PROCESS_KILL
could you timer for shutdown 10 minutes immediately,SHUTDOWN_TIMER
traceroute to host to jebug route,TRACE_ROUTE
could you open active applications list now,OPEN_TASK_MANAGER
close access to windows screen for safety,LOCK_SCREEN
can you get hardware utilization,CHECK_RESOURCES
i need to show me about specs profile for me,SHOW_SYSTEM_INFO
execute cli console please,OPEN_CMD
go ahead and start web browser to go online,OPEN_NET
i want to stop pid by pid,PROCESS_KILL
can you schedule pc turn off fater 1 hour please,SHUTDOWN_TIMER
go ahead and update graphics driver now,DRIVER_MGMT
can you run peripheral devices please,DRIVER_MGMT
i need to test network on external host for latency check,PING_GOOGLE
can you resolve device manager please,DRIVER_MGMT
i need to terminate running process with force,PROCESS_KILL
can you launch task manager to kill process,OPEN_TASK_MANAGER
can you execute command prompt quickly,OPEN_CMD
shoj active processes,SHOW_TASKS
could you show me about system please,SHOW_SYSTEM_INFO
monitor disk space,STORAGE_INFO
could you what is the meaning of universe,NEUTRAL
could you ping google servers now,PING_GOOGLE
please run cmd please,OPEN_CMD
could you force quit task by pid,PROCESS_KILL
please display ip address,CHECK_IP
reset machine please,RESTART
i want to end running irocess by pid,PROCESS_KILL
i want to explain 2 + 2 please,NEUTRAL
please turn off pc in 10 minutes please,POWER_OFF_TIMER
go to web portal,OPEN_NET
i want to who is coffee today,NEUTRAL
can you print os details,SHOW_SYSTEM_INFO
could you stop gui panel instantly,QUIT_PROGRAM
i need to close access to screen please,LOCK_SCREEN
can you execute shell prompt,OPEN_CMD
i need to open commnad prompt now,OPEN_CMD
timer for shutdown an hour,SHUTDOWN_TIMER
shut down program lpease,QUIT_PROGRAM
go ahead and do nslookup for google.com,DNS_LOOKUP
plaese fix my hdmi connection for lag issues,DRIVER_MGMT
schedule pc turn off 45 minutes,SHUTDOWN_TIMER
go ahead and end application explorer.exe,PROCESS_KILL
can you lock screen,LOCK_SCREEN
could you power cycle system now,RESTART
i need to stop app explorer.exe,PROCESS_KILL
go ahead and tracert to a domain to debug route,TRACE_ROUTE
launch math app to calculate numbers,OPEN_CALCULATOR
could you go to edge browser,OPEN_NET
please get ip address on this system,CHECK_IP
i want to display calc please,OPEN_CALCULATOR
i want to set a shutdown timer 10 minutes please,POWER_OFF_TIMER
go ahead and what is about yourself please,NEUTRAL
could you list system processes on this system,SHOW_TASKS
troubleshoot monitor lag please,DRIVER_MGMT
please map connection route to github.com,TRACE_ROUTE
i want to get disk management on this pc,STORAGE_INFO
display hardware details please,SHOW_SYSTEM_INFO
show wifi panel now,OPEN_NETWORK_SETTINGS
i need to run name resolution on 8.8.8.8,DNS_LOOKUP
please tracert to server now,TRACE_ROUTE
could you end pid please,PROCESS_KILL
could you open hdmi connection for lag issues,DRIVER_MGMT
i want to lock computer immediately,LOCK_SCREEN
can you view network connections to check connections,OPEN_NETWORK_SETTINGS
go ahead and check dns info on google,DNS_LOOKUP
please access internet settings,OPEN_NETWORK_SETTINGS
i want to open wifi settings to fix wifi,OPEN_NETWORK_SETTINGS
reset system please,RESTART
can you reboot workstation please,RESTART
schedule shutdown 45 minutes,POWER_OFF_TIMER
could you bring up system monitor please,OPEN_TASK_MANAGER
pleae shutdown timer for an hour please,POWER_OFF_TIMER
please get active processes on this system,SHOW_TASKS
i need to kill application chrome,PROCESS_KILL
go ahead and traceroute to server to debug route,TRACE_ROUTE
force close frozen app immediately,PROCESS_KILL
list task list please,SHOW_TASKS
i want to get system resources please,CHECK_RESOURCES
i want to get current ip of this pc,CHECK_IP
could you perform dns records on google,DNS_LOOKUP
i want to reboot machine please,RESTART
please go to the net,OPEN_NET
sign out pc,LOCK_SCREEN
go ahead and reveal network ip of this pc,CHECK_IP
i need to access slow connection to fix wifi,OPEN_NETWORK_SETTINGS
go ahead and reboot system instantly,RESTART
go ahead and configure wifi panel to check connections,OPEN_NETWORK_SETTINGS
could you get current ip for me,CHECK_IP
go ahead and tracert to host now,TRACE_ROUTE
go ahead and kill power to workstation please,POWER_OFF
i want to open process manager please,OPEN_TASK_MANAGER
please what is the meaning of with homework right now,NEUTRAL
i want to map connection route to server please,TRACE_ROUTE
hi coffee,NEUTRAL
could you kill the application now,QUIT_PROGRAM
pelase auto shutdown in an hour now,SHUTDOWN_TIMER
i need to fix my monitor lag for lag issues,DRIVER_MGMT
ping external host for latency zheck,PING_GOOGLE
open taskmgr,OPEN_TASK_MANAGER
run drivers please,DRIVER_MGMT
please do some math to verify hardware specs profile now,SHOW_SYSTEM_INFO
find ipv4 address of my machine,CHECK_IP
i need to lock screen now,LOCK_SCREEN
can you shutdown pc now,POWER_OFF
i want to manage hdmi lag issues please,DRIVER_MGMT
could you open calculator utility now,OPEN_CALCULATOR
i netd to start nslookup on github,DNS_LOOKUP
could you terminate process,PROCESS_KILL
please query dns resolution for a website,DNS_LOOKUP
can you reboot system right away,RESTART
can you view pc specifications of this machine,SHOW_SYSTEM_INFO
please halt system immediately,POWER_OFF
go ahead and what is the meaning of with homework today,NEUTRAL
what is the news for me,NEUTRAL
i want to why is how pc works right now,NEUTRAL
pleasg launch terminal please,OPEN_CMD
can you reboot pc now,RESTART
can you power off system safe shutdown,POWER_OFF
i need to list task list now,SHOW_TASKS
open terminal now,OPEN_CMD
i want to view active applications list now,OPEN_TASK_MANAGER
list processes that aren't using a significant amount of resources right now.,CHECK_RESOURCES
i need to get local ip please,CHECK_IP
please log off pc now,LOCK_SCREEN
resart workstation immediately,RESTART
please tunr off machine instantly,POWER_OFF
please do domain ip on google,DNS_LOOKUP
go ahead and test connectivity to google.com,PING_GOOGLE
please how are with homework please,NEUTRAL
aunch command line,OPEN_CMD
manage network connections now,OPEN_NETWORK_SETTINGS
please start the internet please,OPEN_NET
shutdown timer for 30 mins from now,POWER_OFF_TIMER
can you start hardware drivers for lag issues,DRIVER_MGMT
could you launch process manager,OPEN_TASK_MANAGER
i need to reboot coxputer please,RESTART
i want to schedule pc turn off 45 minutes immediately,SHUTDOWN_TIMER
can you display active processes please,SHOW_TASKS
need to stop the app in 4 hours.,POWER_OFF_TIMER
could you run hardware specs profile now,OPEN_CALCULATOR
tell me universe,NEUTRAL
could you check ddsk management for c drive,STORAGE_INFO
please launch commnad prompt,OPEN_CMD
prnt local ip please,CHECK_IP
i want to access the internet to surf,OPEN_NET
go ahead and who is your name,NEUTRAL
where do i look for the network and sharing center in windows 7? it should lead to wifi tweaks quickly.,OPEN_NETWORK_SETTINGS
go ahead and shutdown timer in an hour now,SHUTDOWN_TIMER
shutdown timer for 10 minutes from now,POWER_OFF_TIMER
can you show system resources please,CHECK_RESOURCES
please start math app,OPEN_CALCULATOR
can you tell me about specs please,SHOW_SYSTEM_INFO
i want to lcose process,PROCESS_KILL
could you start calculator now,OPEN_CALCULATOR
could you restart machine instantly,RESTART
i need to show active applications likt please,OPEN_TASK_MANAGER
please kill program immediately,QUIT_PROGRAM
could you get active processes now,SHOW_TASKS
go ahead and show free space on this pc,STORAGE_INFO
could you trace route to host to debug route,TRACE_ROUTE
i want to run teminal,OPEN_CMD
please do some math to verify system info for me,SHOW_SYSTEM_INFO
atop process with force,PROCESS_KILL
can you stop pid,PROCESS_KILL
can you get current ip now,CHECK_IP
can you get hadrware utilization to monitor status,CHECK_RESOURCES
i need to display cpu usage,CHECK_RESOURCES
could you restart system immediately,RESTART
view active applications list,OPEN_TASK_MANAGER
i need to turn off pc in after 1 hour,POWER_OFF_TIMER
i want to troubleshoot device manager please,DRIVER_MGMT
verify system information please,SHOW_SYSTEM_INFO
can you lookup name resolution on github,DNS_LOOKUP
shutdown in exactly 90 minutes and don't open anything else.,POWER_OFF_TIMER
i want to execute cmd quickly,OPEN_CMD
please protect pc now,LOCK_SCREEN
please halt machine immediately,POWER_OFF
i need to hello 2 + 2 right now,NEUTRAL
could you check latency to 8.8.8.8 for latency check,PING_GOOGLE
open up that calculator and let's get started with calculations!,OPEN_CALCULATOR
i want to find ip of my machine,CHECK_IP
can you do some math to verify system details please,SHOW_SYSTEM_INFO
i want to traceroute to host now,TRACE_ROUTE
troubleshoot hdmi lag issues to fix displays,DRIVER_MGMT
i want to run command prompt,OPEN_CMD
please show calclator to calculate numbers,OPEN_CALCULATOR
could you turn off pc in after 1 hour from now,POWER_OFF_TIMER
bring up teminal instantly,OPEN_CMD
could you execute name resolution on github,DNS_LOOKUP
set shutdown timer 20 minutes please,SHUTDOWN_TIMER
i want to set shutdown timer 5 minutes,SHUTDOWN_TIMER
can you end application immediately,PROCESS_KILL
could you show wifi settings now,OPEN_NETWORK_SETTINGS
png google servers,PING_GOOGLE
i want to schedule pc turn off 5 minutes please,SHUTDOWN_TIMER
could you show ip address please,CHECK_IP
could you traceroute to google.com,TRACE_ROUTE
i want to force close running process now,PROCESS_KILL
please power off workstation please,POWER_OFF
can you get os details now,SHOW_SYSTEM_INFO
please tell me the time,NEUTRAL
go ahead and sign out workstation immediately,LOCK_SCREEN
kill gui panel immediately,QUIT_PROGRAM
troubleshoot my slow connection to fix wifi,OPEN_NETWORK_SETTINGS
i need to display calculator to calculate numbers,OPEN_CALCULATOR
please ping google servers to check internet,PING_GOOGLE
can you start the internet,OPEN_NET
i want to monitor system load please,CHECK_RESOURCES
could you kill interface,QUIT_PROGRAM
could you start capcuator to calculate numbers,OPEN_CALCULATOR
go ahead and close the application please,QUIT_PROGRAM
please launch web portal please,OPEN_NET
go ahead and hi the time for me,NEUTRAL
could you check latency to google.com please,PING_GOOGLE
i need to display drive allocation on this pc,STORAGE_INFO
go ahead and access edge browser please,OPEN_NET
could you launch commnad prompt please,OPEN_CMD
can you ping google now,PING_GOOGLE
please stop task with force,PROCESS_KILL
please display memory load on this system,CHECK_RESOURCES
please acces wifi panel to fix wifi,OPEN_NETWORK_SETTINGS
please access system monitor to end tasks,OPEN_TASK_MANAGER
could you what is life today,NEUTRAL
i want to reveal system info of this machine,SHOW_SYSTEM_INFO
go ahead and get drive allocation for c drive,STORAGE_INFO
could you view task manager,OPEN_TASK_MANAGER
can you get ip please,CHECK_IP
i need to timer for shutdown 5 minutes,SHUTDOWN_TIMER
can you print hardware details,SHOW_SYSTEM_INFO
could you show resource consumption to monitor status,CHECK_RESOURCES
end program by pid,PROCESS_KILL
i need to track system load,CHECK_RESOURCES
reboot computer immediately,RESTART
i want to kill gui panel please,QUIT_PROGRAM
can you halt windows desktop right away,POWER_OFF
can you access default browser to go online,OPEN_NET
"""tell the system to shut down right now.",POWER_OFF
i need to restart sytsem instantly,RESTART
i want to run calculations tool,OPEN_CALCULATOR
i want to close shellsense please,QUIT_PROGRAM
could you show network ip of my machine,CHECK_IP
can you protect workstation please,LOCK_SCREEN
can you check domain ip for google.com,DNS_LOOKUP
go ahead and monitor ram utilization to monitor status,CHECK_RESOURCES
go ahead and pen sharing center now,OPEN_NETWORK_SETTINGS
i want to power cycle system right away,RESTART
do domain ip on google,DNS_LOOKUP
can you list running programs,SHOW_TASKS
terminate frozen app,PROCESS_KILL
go ahead and test connectivity to google please,PING_GOOGLE
i need to show task manager to end tasks,OPEN_TASK_MANAGER
check hdmi connection now,DRIVER_MGMT
i want to set power off in 15 mins immediately,POWER_OFF_TIMER
could you launch system monitor to ikll process,OPEN_TASK_MANAGER
i want to print system details please,SHOW_SYSTEM_INFO
please reboot system immediately,RESTART
show system load to monitor status,CHECK_RESOURCES
i need to start nslookup on 8.8.8.8,DNS_LOOKUP
reboot workstation now,RESTART
go ahead and execute math app,OPEN_CALCULATOR
could you get system resources,CHECK_RESOURCES
reset pc now,RESTART
could you show task manager please,OPEN_TASK_MANAGER
could you timer for shutdown an hour immediately,SHUTDOWN_TIMER
i need to show network ip,CHECK_IP
please power cycle machine instantly,RESTART
could you run command prompt instantly,OPEN_CMD
why is you doing please,NEUTRAL
get ram utilization,CHECK_RESOURCES
i want to start math app,OPEN_CALCULATOR
shoa active processes,SHOW_TASKS
i need to whats network ip for me,CHECK_IP
i want to reboot pc now,RESTART
go ahead and check partition info on this pc,STORAGE_INFO
please show me about hardware specs profile,SHOW_SYSTEM_INFO
go ahead and restart system please,RESTART
please test network on google.com please,PING_GOOGLE
open the net to surf,OPEN_NET
i need to auto shutdown in 10 minutes,SHUTDOWN_TIMER
i want to log off computer now,LOCK_SCREEN
open shell prompt,OPEN_CMD
launch math app please,OPEN_CALCULATOR
shutdown system immeiately,POWER_OFF
go ahead and auto shutdown in an hour,SHUTDOWN_TIMER
go ahead and set shutdown timer 45 minutes,SHUTDOWN_TIMER
go ahead and map connection route to google.com please,TRACE_ROUTE
go ahead and start command line,OPEN_CMD
kill the application immediately,QUIT_PROGRAM
can you traceroute to server,TRACE_ROUTE
i need to get running programs now,SHOW_TASKS
launch calculator utility quickly,OPEN_CALCULATOR
show details of my system,SHOW_SYSTEM_INFO
i need to schedule pc turn off 15 mins now,SHUTDOWN_TIMER
i need to show hardware utilization on this system,CHECK_RESOURCES
i need to reset workstation now,RESTART
could you go to chrome browser,OPEN_NET
please get disk space on this pc,STORAGE_INFO
lookup domain ip for google.com,DNS_LOOKUP
can you show claculator,OPEN_CALCULATOR
turn off pc in 45 minutes please,POWER_OFF_TIMER
can you track path to server,TRACE_ROUTE
can you close program immediately,PROCESS_KILL
can you exit operations now,QUIT_PROGRAM
resolve hardware drivers for lag issues,DRIVER_MGMT
could you shutdown timer in 45 minutes now,SHUTDOWN_TIMER
go ahead and stop shellsense instantly,QUIT_PROGRAM
can you execute termina,OPEN_CMD
could you close the application instantly,QUIT_PROGRAM
please do some math to verify system details now,SHOW_SYSTEM_INFO
please troubleshoot my network settings,OPEN_NETWORK_SETTINGS
i need to map connection route to a domain to debug route,TRACE_ROUTE
please end pid with force,PROCESS_KILL
please opn task manager now,OPEN_TASK_MANAGER
could you tell me life,NEUTRAL
please track path to server please,TRACE_ROUTE
show storage details,STORAGE_INFO
please show details of hardware details please,SHOW_SYSTEM_INFO
i need to run web browser now,OPEN_NET
shut down program instantly,QUIT_PROGRAM
go ahead and run command shell,OPEN_CMD
can you run teminal,OPEN_CMD
please launch havdware drivers now,DRIVER_MGMT
i need to schedule pc turn off 15 mins,SHUTDOWN_TIMER
go ahead and access the internet to surf,OPEN_NET
go ahead and get hunning tasks now,SHOW_TASKS
get pv4 address,CHECK_IP
what is nuiverse,NEUTRAL
i need to query dns info for a host,DNS_LOOKUP
get system resources to monitor status,CHECK_RESOURCES
i need to force close application by pid,PROCESS_KILL
i need to check partition info now,STORAGE_INFO
i want to schedule pc turn off 20 minutes now,SHUTDOWN_TIMER
i need to perform domain ip for a website,DNS_LOOKUP
go ahead and reset pc please,RESTART
i need to turn off pc in 30 mins immediately,POWER_OFF_TIMER
i want to show memory load to monitor status,CHECK_RESOURCES
can you restart computer instantly,RESTART
please get free space please,STORAGE_INFO
i want to show me about os details for me,SHOW_SYSTEM_INFO
please run calculator quickly,OPEN_CALCULATOR
can you display ipv4 address on this system,CHECK_IP
i want to restart machine instantly,RESTART
go ahead and what is current ip of this pc,CHECK_IP
can you run the net now,OPEN_NET
can you force qit app by pid,PROCESS_KILL
i want to resolve hdmi driver,DRIVER_MGMT
i want to quit operations immediately,QUIT_PROGRAM
can you power off machine now,POWER_OFF
could you check ip now,CHECK_IP
i want to access adapter properties please,OPEN_NETWORK_SETTINGS
"""i need to restart the computer as soon as possible.",RESTART
please ping google servers,PING_GOOGLE
i want to monitor hard drive storage on this pc,STORAGE_INFO
go ahead and bring up task manager please,OPEN_TASK_MANAGER
i want to start taskmgr now,OPEN_TASK_MANAGER
can you stop running process please,PROCESS_KILL
can you launch web portal now,OPEN_NET
i need to go to default browser,OPEN_NET
i want to run terminal instantly,OPEN_CMD
go ahead and hi 2 + 2 for me,NEUTRAL
please access the net to sur,OPEN_NET
i want to troubleshoot my connection speed please,OPEN_NETWORK_SETTINGS
can you run default browser now,OPEN_NET
go ahead and force quit process please,PROCESS_KILL
go ahead and end process with force,PROCESS_KILL
go ahead and timer for shutdown 20 minutes please,SHUTDOWN_TIMER
i want to perform dns records for a website,DNS_LOOKUP
i need to get running tasks please,SHOW_TASKS
please stop frozen app now,PROCESS_KILL
go aead and whats ipv4 address please,CHECK_IP
please execute name resolution on github,DNS_LOOKUP
i need to switch off pc immediately,POWER_OFF
go ahead and set a shutdown timer 15 mins from now,POWER_OFF_TIMER
i want to launch hdmi lag issues,DRIVER_MGMT
please view system information of this machine,SHOW_SYSTEM_INFO
could you close shellsense instantly,QUIT_PROGRAM
i want to open command prompt instantly,OPEN_CMD
i need to reboot machine immediately,RESTART
go ahead and bring up terminal quickly,OPEN_CMD
display storae details for c drive,STORAGE_INFO
i need to show hardware specs profile now,SHOW_SYSTEM_INFO
go ahead and view taskmgr now,OPEN_TASK_MANAGER
please test connectivity to external host,PING_GOOGLE
pleaes view task manager please,OPEN_TASK_MANAGER
could you check performance statistics on ths system,CHECK_RESOURCES
i want to tell me a joke right now,NEUTRAL
i want to print system processes,SHOW_TASKS
show hard drive storage,STORAGE_INFO
launch the internet to go online,OPEN_NET
please force quit program now,PROCESS_KILL
please set a shutdown timer 5 minutes from now,POWER_OFF_TIMER
i want to shutdown timer in after 1 hour immediately,SHUTDOWN_TIMER
can you tell me about cpu and ram info,SHOW_SYSTEM_INFO
protect machine right away,LOCK_SCREEN
display network ip now,CHECK_IP
could you shutdown timer for after 1 hour please,POWER_OFF_TIMER
could you list running tasks now,SHOW_TASKS
secure session right away,LOCK_SCREEN
go ahead and timer for shutdown 45 minutes please,SHUTDOWN_TIMER
i want to stop interface immediately,QUIT_PROGRAM
please view disk space please,STORAGE_INFO
please terminate running process with force,PROCESS_KILL
can you configure wifi settings please,OPEN_NETWORK_SETTINGS
activate command prompt for next step swiftly.,OPEN_CMD
i need to close program please,QUIT_PROGRAM
i want to open monitor lag now,DRIVER_MGMT
could you what is your name for me,NEUTRAL
could you show pc specifications of this machine,SHOW_SYSTEM_INFO
view specs profile,SHOW_SYSTEM_INFO
please check network ip please,CHECK_IP
please power cycle machine please,RESTART
go ahead and terminate application please,PROCESS_KILL
i need to close interface,QUIT_PROGRAM
could you staro commnad prompt,OPEN_CMD
restart machine please,RESTART
can you view running tasks on this system,SHOW_TASKS
could you modify sharing center now,OPEN_NETWORK_SETTINGS
go ahead and view free space please,STORAGE_INFO
i need to auto shutdown in after 1 hour please,SHUTDOWN_TIMER
please shut down the application immediately,QUIT_PROGRAM
bring up system monitor now,OPEN_TASK_MANAGER
please bring up commnad prompt please,OPEN_CMD
go ahead and show specs profile please,SHOW_SYSTEM_INFO
please display ip config now,CHECK_IP
could you get partition info now,STORAGE_INFO
go ahead and log off screen please,LOCK_SCREEN
shutdown timer for an hour from now,POWER_OFF_TIMER
display hard drive storage now,STORAGE_INFO
can you trace route to 8.8.8.8,TRACE_ROUTE
could you kill power to system now,POWER_OFF
please launch calculations tool,OPEN_CALCULATOR
i want to ping google.com for latency chcek,PING_GOOGLE
could you show taskmgr to kill process,OPEN_TASK_MANAGER
please shut down shellsense immediately,QUIT_PROGRAM
can you test network on google.com for latency check,PING_GOOGLE
can you reset computer please,RESTART
go ahead and quit operations instantly,QUIT_PROGRAM
i want to query name resolution for github.com,DNS_LOOKUP
go ahead and shutdown timer for 5 minutes please,POWER_OFF_TIMER
please force quit running process with force,PROCESS_KILL
i need to turn off computer now,POWER_OFF
can you view hardware specs profile of this machine,SHOW_SYSTEM_INFO
please get performance statistics on this system,CHECK_RESOURCES
i need to turn off pc in 45 minutes please,POWER_OFF_TIMER
go ahead and shutdown windows desktop please,POWER_OFF
go ahead and what is the meaning of you doing today,NEUTRAL
i want to start command prompt,OPEN_CMD
go ahead and quit interface please,QUIT_PROGRAM
i need to tracert to github.com,TRACE_ROUTE
could you show running programs,SHOW_TASKS
go ahead and open system monitor,OPEN_TASK_MANAGER
go ahead and show ram usage now,CHECK_RESOURCES
could you sut down gui panel instantly,QUIT_PROGRAM
could you show drive allocation now,STORAGE_INFO
could you how do i makd universe,NEUTRAL
please view hardware details of this machine,SHOW_SYSTEM_INFO
please test connectivity to google to check internet,PING_GOOGLE
i need to view specs please,SHOW_SYSTEM_INFO
show system load pease,CHECK_RESOURCES
could you schedule pc turn off an hour please,SHUTDOWN_TIMER
could you update monitor lag,DRIVER_MGMT
please close access to windows screen,LOCK_SCREEN
go ahead and shut down the application please,QUIT_PROGRAM
please view free space on this pc,STORAGE_INFO
please set a shutdown timer after 1 hour,POWER_OFF_TIMER
go ahead and terminate frozen app immediately,PROCESS_KILL
could you shutdown pc please,POWER_OFF
bring up claculator,OPEN_CALCULATOR
i want to reset machine please,RESTART
open calculations tool quickly,OPEN_CALCULATOR
go ahead and schedul shutdown 15 mins please,POWER_OFF_TIMER
i need to end frozen app,PROCESS_KILL
can you bring up calculator to calculate numbers,OPEN_CALCULATOR
can you query nslookup on github,DNS_LOOKUP
i need to launch edge browser,OPEN_NET
i need to execute calc please,OPEN_CALCULATOR
go ahead and open edge browser please,OPEN_NET
please show hardware utilization please,CHECK_RESOURCES
i need to get system processes please,SHOW_TASKS
can you kill power to computer right away,POWER_OFF
could you isgn out windows screen right away,LOCK_SCREEN
please lookup name resolution for a website,DNS_LOOKUP
can you uqit shellsense immediately,QUIT_PROGRAM
go ahead and reveal ipv4 address of this pc,CHECK_IP
run hdmi driver now,DRIVER_MGMT
i need to switch off machine immediately,POWER_OFF
fix my drivers to fix displays,DRIVER_MGMT
can you lock screen now,LOCK_SCREEN
i want to troubleshoot my adapter properties to check connections,OPEN_NETWORK_SETTINGS
could you query dns records for a website,DNS_LOOKUP
go ahead and track performance statistics,CHECK_RESOURCES
i want to get performance statistics please,CHECK_RESOURCES
can you traceroute to host please,TRACE_ROUTE
can you launch web browser to go online,OPEN_NET
i need to restart computer now,RESTART
please hello the weather,NEUTRAL
please resolve graphics driver now,DRIVER_MGMT
can you lookup dns records on github,DNS_LOOKUP
can you shutdown timer in 45 minutes immediately,SHUTDOWN_TIMER
i need to manage hdmi connection for lag issues,DRIVER_MGMT
i need to query dns records for github.com,DNS_LOOKUP
quit shellsense please,QUIT_PROGRAM
i need to kill operations instantly,QUIT_PROGRAM
i want to schdeule shutdown after 1 hour immediately,POWER_OFF_TIMER
please launch the internet please,OPEN_NET
go aheda and schedule shutdown 10 minutes immediately,POWER_OFF_TIMER
could you query nslookup for a host,DNS_LOOKUP
i need to display active processes on this system,SHOW_TASKS
go ahead and do some math to verify my pc specs,SHOW_SYSTEM_INFO
could you display memory check now,CHECK_RESOURCES
go ahead and turn off pc in 15 mins,POWER_OFF_TIMER
i need to manage device manager,DRIVER_MGMT
please tracert to 8.8.8.8 now,TRACE_ROUTE
please manage peripheral devices to fix displays,DRIVER_MGMT
can you start calculator utility for some math,OPEN_CALCULATOR
i need to hsow running tasks,SHOW_TASKS
i want to view slow connection to check connections,OPEN_NETWORK_SETTINGS
check the system's battery temperature now.,CHECK_RESOURCES
please track path to server,TRACE_ROUTE
can you shkt down program immediately,QUIT_PROGRAM
launch active applications list,OPEN_TASK_MANAGER
please what is universe,NEUTRAL
can you launch drivers please,DRIVER_MGMT
please protect session,LOCK_SCREEN
go ahead and monitor storage info now,STORAGE_INFO
could you run termnial,OPEN_CMD
go ahead and show network ip,CHECK_IP
can you switch off system now,POWER_OFF
i need to open terminal,OPEN_CMD
please display system load to monitor status,CHECK_RESOURCES
i want to show running tasks,SHOW_TASKS
oculd you shutdown pc now,POWER_OFF
reboot machine now,RESTART
could you stop the application immediately,QUIT_PROGRAM
could you shutdown pc right away,POWER_OFF
go ahead and start name resolution on 8.8.8.8,DNS_LOOKUP
i want to power off workstation now,POWER_OFF
go ahead and turn off pc in 5 minutes,POWER_OFF_TIMER
could you go to network connections please,OPEN_NETWORK_SETTINGS
could you kill power to windows desktop now,POWER_OFF
"in task manager, type ""lock desktop"" under process",LOCK_SCREEN
please explain coffee for me,NEUTRAL
log off computer please,LOCK_SCREEN
can you shutdown timer in after 1 hor please,SHUTDOWN_TIMER
i need to display calculator utility please,OPEN_CALCULATOR
i need to execute command shell quickly,OPEN_CMD
go ahead and launch termnial instantly,OPEN_CMD
could you shut down gui panel immediately,QUIT_PROGRAM
go ahead and execute name resolution on 8.8.8.8,DNS_LOOKUP
go ahead and fix my peripheral devices now,DRIVER_MGMT
could you track path to a domain please,TRACE_ROUTE
i want to can you universe right now,NEUTRAL
check ip now,CHECK_IP
please vew system processes,SHOW_TASKS
i want to start cli console please,OPEN_CMD
could you force quit task with force,PROCESS_KILL
open shell prompt now,OPEN_CMD
i want to trace route to google.com now,TRACE_ROUTE
i want to start hdmi lag issues for lag issues,DRIVER_MGMT
could you display calculations tool for some math,OPEN_CALCULATOR
go ahead and close shellsense please,QUIT_PROGRAM
i need to power cycle system immediately,RESTART
can you test connectivity to google.com please,PING_GOOGLE
could you do name resolution for google.com,DNS_LOOKUP
strat task manager,OPEN_TASK_MANAGER
could you birng up active applications list now,OPEN_TASK_MANAGER
can you start web browser please,OPEN_NET
i want to stop program now,PROCESS_KILL
power cycle wokrstation instantly,RESTART
shutdown timer for 45 minutes immediately,POWER_OFF_TIMER
could you start task manager to end tasks,OPEN_TASK_MANAGER
please get disk management for c drive,STORAGE_INFO
could you bring up cli console instantly,OPEN_CMD
could you display calcuator now,OPEN_CALCULATOR
open chrome browser,OPEN_NET
i want to what is the meaning of coffee right now,NEUTRAL
could you display my system,SHOW_SYSTEM_INFO
show task list,SHOW_TASKS
please display active processes on this system,SHOW_TASKS
i want to sign out machine now,LOCK_SCREEN
please nisplay free space please,STORAGE_INFO
could you access task manager,OPEN_TASK_MANAGER
i want to set a shutdown timer 30 mins,POWER_OFF_TIMER
go ahead and get performance statistius on this system,CHECK_RESOURCES
turn off pc in after 1 hour please,POWER_OFF_TIMER
please cgeck drive allocation for c drive,STORAGE_INFO
close application by pid,PROCESS_KILL
go ahead and get hardware specs profile for me,SHOW_SYSTEM_INFO
open command shell please,OPEN_CMD
can you lock workstation right away,LOCK_SCREEN
i need to check hard drive storage now,STORAGE_INFO
could you get harwdare utilization,CHECK_RESOURCES
could you open wifi panel,OPEN_NETWORK_SETTINGS
can you show wifi panel,OPEN_NETWORK_SETTINGS
please check ip config,CHECK_IP
i want to trace route to host now,TRACE_ROUTE
i need to tell me about yourself right now,NEUTRAL
i need to access process manager,OPEN_TASK_MANAGER
i want to list running tasks now,SHOW_TASKS
i need to show local ip,CHECK_IP
could you set a shutdown timer 45 minutes from now,POWER_OFF_TIMER
i need to timer for shutdown after 1 hour immediately,SHUTDOWN_TIMER
can you track path to github.com to debug route,TRACE_ROUTE
reveal ip address please,CHECK_IP
can you print ipv4 address now,CHECK_IP
go ahead and force quit application immediately,PROCESS_KILL
i need to run calculations tool to calculate numbers,OPEN_CALCULATOR
go ahead and get disk capacity now,STORAGE_INFO
i need to troubleshoot my network settings please,OPEN_NETWORK_SETTINGS
can you reboot workstation right away,RESTART
stop spotify from playing while i'm working and close it right away.,PROCESS_KILL
please open calculator now,OPEN_CALCULATOR
i need to close frozen app by pid,PROCESS_KILL
resolve hdmi lag now,DRIVER_MGMT
please troubleshoot hdmi driver for lag issues,DRIVER_MGMT
please view network connections,OPEN_NETWORK_SETTINGS
explain the time please,NEUTRAL
i need to start web portal to surf,OPEN_NET
can you open internet settings,OPEN_NETWORK_SETTINGS
please bring up taskmgr,OPEN_TASK_MANAGER
go ahead and hi with homework for me,NEUTRAL
could you show ip address of this pc,CHECK_IP
go ahaed and track resource consumption to monitor status,CHECK_RESOURCES
can you timer for shutdown 15 mins,SHUTDOWN_TIMER
get hardware specs profile now,SHOW_SYSTEM_INFO
i want to print ipv4 address,CHECK_IP
please perform dns info on 8.8.8.8,DNS_LOOKUP
i want to view taskmgr now,OPEN_TASK_MANAGER
please test connectivity to 8.8.8.8 please,PING_GOOGLE
i need to launch calcuator to calculate numbers,OPEN_CALCULATOR
check latency to external host now,PING_GOOGLE
please send packets to google servers for latency check,PING_GOOGLE
go ahead and terminate running process now,PROCESS_KILL
could you display disk health,STORAGE_INFO
could you display disk space now,STORAGE_INFO
i need to exit program instantly,QUIT_PROGRAM
can you query dns info for a website,DNS_LOOKUP
lease exit the application please,QUIT_PROGRAM
i need to map connection route to host please,TRACE_ROUTE
please display calculator for some math,OPEN_CALCULATOR
can you test network on google for latency check,PING_GOOGLE
can you get system resources on this system,CHECK_RESOURCES
can you launch shell prompt,OPEN_CMD
please view internal ip,CHECK_IP
check system load to monitor status,CHECK_RESOURCES
could you set shutdown timer an hour,SHUTDOWN_TIMER
go ahead and view background tasks on this system,SHOW_TASKS
please view hard drive storage on this pc,STORAGE_INFO
can you run the net to surf,OPEN_NET
please explain the news right now,NEUTRAL
go ahead and launch command shell instantly,OPEN_CMD
please sqow storage details for c drive,STORAGE_INFO
i need to force close process,PROCESS_KILL
please reboot computer now,RESTART
i need to end application please,PROCESS_KILL
go ahead and exit operations,QUIT_PROGRAM
view my system of this machine,SHOW_SYSTEM_INFO
go ahead and force quit frozen app please,PROCESS_KILL
go ahead and print specs please,SHOW_SYSTEM_INFO
please test connectivity to 8.8.8.8 now,PING_GOOGLE
i want to start chrome browser,OPEN_NET
i need to reset pc immediately,RESTART
i want to fix my sharing center please,OPEN_NETWORK_SETTINGS
please set a shutdown timer 45 minutes,POWER_OFF_TIMER
i want to traceroute to a domain please,TRACE_ROUTE
i need to list task list,SHOW_TASKS
please view resource consumption to monitor status,CHECK_RESOURCES
please close shellsense now,QUIT_PROGRAM
i need to execute dns resolution for a host,DNS_LOOKUP
please kill app,PROCESS_KILL
can you log off session please,LOCK_SCREEN
go ahead and tell me a joke right now,NEUTRAL
i need to log off machine immediately,LOCK_SCREEN
can you access slow network now,OPEN_NETWORK_SETTINGS
i want to open taskmgr to end tasks,OPEN_TASK_MANAGER
i need to set power off in 20 minutes please,POWER_OFF_TIMER
ping google.com please,PING_GOOGLE
i need to timer for shutdown 10 minutes immediately,SHUTDOWN_TIMER
i need to manage disk space please,STORAGE_INFO
i want to terminate running process by pid,PROCESS_KILL
can you manage hard drive storage now,STORAGE_INFO
go ahead and launch web browser please,OPEN_NET
can you stop shellsense now,QUIT_PROGRAM
can you view resource consumption,CHECK_RESOURCES
i want to close gui panel now,QUIT_PROGRAM
i need to execute cli console instantly,OPEN_CMD
schedule shutdown 15 mins,POWER_OFF_TIMER
i want to set power off in 15 mins please,POWER_OFF_TIMER
please verify hardware details of this machine,SHOW_SYSTEM_INFO
i need to test connectivity to google,PING_GOOGLE
please find network ip of this pc,CHECK_IP
what's the current temperature in the server room?,CHECK_RESOURCES
can you view system processes please,SHOW_TASKS
could you set shutdown timer 45 minutes please,SHUTDOWN_TIMER
close access to computer for safety,LOCK_SCREEN
i need to open chrome browser,OPEN_NET
i need to get cpu usage please,CHECK_RESOURCES
please hello with homework toay,NEUTRAL
can you open process mnaager to kill process,OPEN_TASK_MANAGER
i want to show task list please,SHOW_TASKS
please reset pc right away,RESTART
can you query dns info on 8.8.8.8,DNS_LOOKUP
i want to display calculator quickly,OPEN_CALCULATOR
i ant to switch off system safe shutdown,POWER_OFF
go ahead and auto shutdown in 30 ins please,SHUTDOWN_TIMER
could you access task manager to end tasks,OPEN_TASK_MANAGER
i need to close access to machine right away,LOCK_SCREEN
show drive allocation now,STORAGE_INFO
i want to view memorl load,CHECK_RESOURCES
i want to set power off in 45 minutbs from now,POWER_OFF_TIMER
go haead and open the internet to surf,OPEN_NET
could you map connection route to host now,TRACE_ROUTE
can you view sharing center to fix wifi,OPEN_NETWORK_SETTINGS
can you schedule pc turn off 10 minutes,SHUTDOWN_TIMER
please shutdown timer for after 1 hour please,POWER_OFF_TIMER
could you kill shellsense now,QUIT_PROGRAM
please do dns info on google,DNS_LOOKUP
can you display ip address now,CHECK_IP
could you reset workstation please,RESTART
could you close running process by pid,PROCESS_KILL
could you set power off in 45 minutes from now,POWER_OFF_TIMER
check local ip of this pc,CHECK_IP
could you check storage info for c drive,STORAGE_INFO
could you launch claculator quickly,OPEN_CALCULATOR
go ahead and perform dns records on github,DNS_LOOKUP
could you send packets to google to check internet,PING_GOOGLE
what is internal ip on this system,CHECK_IP
please set power off in 15 mins please,POWER_OFF_TIMER
go ahead and execute domain ip for google.com,DNS_LOOKUP
can you restart computer now,RESTART
can you view wifi settings to check connections,OPEN_NETWORK_SETTINGS
ould you turn off workstation now,POWER_OFF
i want to check free space,STORAGE_INFO
i ant to ping 8.8.8.8,PING_GOOGLE
i want to stop shellsense instantly,QUIT_PROGRAM
can you set power off in an hour,POWER_OFF_TIMER
could you get partition info,STORAGE_INFO
can you launch process manager please,OPEN_TASK_MANAGER
please power cycle pc right away,RESTART
close process by pid,PROCESS_KILL
can you display resource consumption on this system,CHECK_RESOURCES
can you terminate frozen app with force,PROCESS_KILL
i need to schedule shutdown 15 mins,POWER_OFF_TIMER
could you launch hdmi driver,DRIVER_MGMT
can you stop program please,PROCESS_KILL
please send packets to google.com,PING_GOOGLE
could you print running tasks please,SHOW_TASKS
please resolve hdmi lag please,DRIVER_MGMT
can you reboot pc right away,RESTART
go ahead and do some math to verify specs profile for me,SHOW_SYSTEM_INFO
please force close app by pid,PROCESS_KILL
can you reveal hardware details of this machine,SHOW_SYSTEM_INFO
"""to exit shellsense program, just say so.",QUIT_PROGRAM
could you traceroute to google.com now,TRACE_ROUTE
go ahead and test connectivity to external host please,PING_GOOGLE
can you power cycle pc right away,RESTART
i want to check dns info on 8.8.8.8,DNS_LOOKUP
please launch active applications list to kill process,OPEN_TASK_MANAGER
please shutdown timer in 5 minutes,SHUTDOWN_TIMER
go ahead and reveal ipv4 address now,CHECK_IP
could you view wifi panel,OPEN_NETWORK_SETTINGS
i need to access connection speed to fix wifi,OPEN_NETWORK_SETTINGS
can you display memory load on this system,CHECK_RESOURCES
ping external host now,PING_GOOGLE
can you force quit prodram with force,PROCESS_KILL
go ahead and go to web portal to go online,OPEN_NET
i need to launch device manager plwase,DRIVER_MGMT
could you power off workstation instantly,POWER_OFF
could you schedule shutdown 30 mins please,POWER_OFF_TIMER
could you start dns info for google.com,DNS_LOOKUP
display local ip of my machine,CHECK_IP
can you restart computer please,RESTART
get running programs now,SHOW_TASKS
close operations please,QUIT_PROGRAM
modify network connections to fix wifi,OPEN_NETWORK_SETTINGS
i want to list task list please,SHOW_TASKS
i want to view task manager to end tasks,OPEN_TASK_MANAGER
can you show hardware details of this machine,SHOW_SYSTEM_INFO
go ahead and reset system immediately,RESTART
go ahead and what is ipv4 address for me,CHECK_IP
please what is the weather please,NEUTRAL
show ipv4 address for me,CHECK_IP
go ahead and display resource consumption to monitor status,CHECK_RESOURCES
i need to show task manager now,OPEN_TASK_MANAGER
please why is the time today,NEUTRAL
go ahead and check ip config of my machine,CHECK_IP
can you start task manager,OPEN_TASK_MANAGER
get internal ip,CHECK_IP
could you display calculator quickly,OPEN_CALCULATOR
i need to launch command prompt now,OPEN_CMD
force close the last instance of adobe photoshop.,PROCESS_KILL
i want to launch web browser,OPEN_NET
could you launch termnial please,OPEN_CMD
log off pc for sfaety,LOCK_SCREEN
could you manage slow internet now,OPEN_NETWORK_SETTINGS
could you xesolve hdmi connection to fix displays,DRIVER_MGMT
update graphics driver to fix displays,DRIVER_MGMT
go ahead and protect machine for safety,LOCK_SCREEN
i need to show hard drive capacity,STORAGE_INFO
can you reveal system details of this machine,SHOW_SYSTEM_INFO
please query domain ip for a website,DNS_LOOKUP
go ahead and view partition info,STORAGE_INFO
can you test connectivity to google servers now,PING_GOOGLE
could you kill program please,PROCESS_KILL
i want to log off windows screen right away,LOCK_SCREEN
can you reveal ip config of this pc,CHECK_IP
please access the net to surf,OPEN_NET
"""please tell me if there's a way to stop this command generator?",QUIT_PROGRAM
i need to set shutdown timer an hour please,SHUTDOWN_TIMER
could you start chrome browser please,OPEN_NET
could you manage sharing center,OPEN_NETWORK_SETTINGS
can you turn off pc in 5 minutes,POWER_OFF_TIMER
map connection route to a domain to debug route,TRACE_ROUTE
could you show running programs on this system,SHOW_TASKS
go ahead and open network settings please,OPEN_NETWORK_SETTINGS
go ahead and open slow connection please,OPEN_NETWORK_SETTINGS
please list running tasks please,SHOW_TASKS
could you tracert to 8.8.8.8 now,TRACE_ROUTE
i need to reset pc now,RESTART
please reveal system now,SHOW_SYSTEM_INFO
could you show specs now,SHOW_SYSTEM_INFO
can you display calc quickly,OPEN_CALCULATOR
i need to timer for shutdown an hour immediately,SHUTDOWN_TIMER
please bring up taskmgr to end tasks,OPEN_TASK_MANAGER
please test connectivijy to google.com now,PING_GOOGLE
i need to map connection route to google.com,TRACE_ROUTE
please test network on google.com for latency check,PING_GOOGLE
what's the free disk space available on my system?,STORAGE_INFO
could you fix my adapter properties please,OPEN_NETWORK_SETTINGS
test connectivity to external host now,PING_GOOGLE
i need to show task manager to kill process,OPEN_TASK_MANAGER
i need to run dns info on google,DNS_LOOKUP
could you monitor storage info now,STORAGE_INFO
please bring up process manager please,OPEN_TASK_MANAGER
please close access to session,LOCK_SCREEN
could you close interface please,QUIT_PROGRAM
execute calcuator please,OPEN_CALCULATOR
access active applications list now,OPEN_TASK_MANAGER
could you ping google servers please,PING_GOOGLE
kheck drivers,DRIVER_MGMT
i need to shutdown timer for 5 minutes,POWER_OFF_TIMER
show system monitor now,OPEN_TASK_MANAGER
i want to shutdown windows desktop instantly,POWER_OFF
can you protect session for safety,LOCK_SCREEN
please reset machine now,RESTART
can you shutdown windows desktop right away,POWER_OFF
start the net please,OPEN_NET
please kill gui panel instantly,QUIT_PROGRAM
please display calclator for some math,OPEN_CALCULATOR
i want to power cycle workstation immediately,RESTART
get disk capacity now,STORAGE_INFO
please check free space please,STORAGE_INFO
i need to force quit program immediately,PROCESS_KILL
can you find local ip for me,CHECK_IP
could you log off session right away,LOCK_SCREEN
could you get active processes on this system,SHOW_TASKS
i want to turn off pc in 10 minutes from now,POWER_OFF_TIMER
go ahead and restart computer immediately,RESTART
go ahead and launch system monitor to end tasks,OPEN_TASK_MANAGER
manage device manager for lag issues,DRIVER_MGMT
go ahead and stop program instantly,QUIT_PROGRAM
please stop atsk please,PROCESS_KILL
could you schedule shutdown 45 minutes from now,POWER_OFF_TIMER
can you print specs for me,SHOW_SYSTEM_INFO
ping google.com to check internet,PING_GOOGLE
could you traceroute to github.com,TRACE_ROUTE
i need to troubleshoot hdmi driver,DRIVER_MGMT
check system load on this system,CHECK_RESOURCES
go ahead and tracert to a domain now,TRACE_ROUTE
i need to set power off in 30 mins,POWER_OFF_TIMER
i need to go to web portal to go online,OPEN_NET
can you switch off system safe shutdown,POWER_OFF
shut down the application now,QUIT_PROGRAM
run chrome browser,OPEN_NET
i want to set power off in 30 mins,POWER_OFF_TIMER
i want to how are life today,NEUTRAL
go ahead and display system processes,SHOW_TASKS
i need to power cycle pc right away,RESTART
why is how pc works today,NEUTRAL
restart workstation right away,RESTART
please tell me about system for me,SHOW_SYSTEM_INFO
please launch shell prompt,OPEN_CMD
halt machine now,POWER_OFF
display claculator now,OPEN_CALCULATOR
go ahead and protect session immediately,LOCK_SCREEN
please view hard drive storage please,STORAGE_INFO
could you bring up calculator for some math,OPEN_CALCULATOR
please run termnial quickly,OPEN_CMD
check latency to google servers for latency check,PING_GOOGLE
please shutdown timer for 20 minutes immediately,POWER_OFF_TIMER
i want to execute dns resolution on github,DNS_LOOKUP
sign out session right away,LOCK_SCREEN
send packets to google.com to check internet,PING_GOOGLE
could you check internal ip please,CHECK_IP
can you eit shellsense,QUIT_PROGRAM
i need to launch hdmi lag issues to fix displays,DRIVER_MGMT
can you ping google servers to check internet,PING_GOOGLE
go ahead and get internal ip of my machine,CHECK_IP
ptease power off workstation right away,POWER_OFF
please start taskmgr now,OPEN_TASK_MANAGER
please start cmd instantly,OPEN_CMD
can you start hardware specs profile to calculate numbers,OPEN_CALCULATOR
can you access process manager to kill process,OPEN_TASK_MANAGER
could you close access to machine for safety,LOCK_SCREEN
can you launch taskmgr now,OPEN_TASK_MANAGER
i need to print urnning programs please,SHOW_TASKS
please do domain ip on .8.8.8,DNS_LOOKUP
i need to protect workstation now,LOCK_SCREEN
could you run calclator to calculate numbers,OPEN_CALCULATOR
please shutdown timer for an hour immediately,POWER_OFF_TIMER
i need to test network on google,PING_GOOGLE
could you run shell prompt please,OPEN_CMD
i want to secure windows screen now,LOCK_SCREEN
can you check latency to google.com for latency check,PING_GOOGLE
could you shutdown timer in 20 minutes please,SHUTDOWN_TIMER
go ahead and view network ip now,CHECK_IP
could you monitor performance statistics to monitor status,CHECK_RESOURCES
could you show disk space please,STORAGE_INFO
can you reboot computer immediately,RESTART
go ahead and execute commnad prompt please,OPEN_CMD
please secure windows screen right away,LOCK_SCREEN
can you close task by pid,PROCESS_KILL
could you hi life,NEUTRAL
i need to track resource consumption on this system,CHECK_RESOURCES
i want to display cpu usage please,CHECK_RESOURCES
could you schedule pc turn off 5 minutes now,SHUTDOWN_TIMER
list background tasks on this system,SHOW_TASKS
i want to reboot system right away,RESTART
i need to lock pc immediately,LOCK_SCREEN
could you track lystem load,CHECK_RESOURCES
reboot system right away,RESTART
i want to list system processes on this system,SHOW_TASKS
could you view sharing center please,OPEN_NETWORK_SETTINGS
can you set power off in after 1 hour,POWER_OFF_TIMER
i need to view actie processes on this system,SHOW_TASKS
please power cycle system please,RESTART
can you map connection route to github.com please,TRACE_ROUTE
please display partition info,STORAGE_INFO
lock workstation please,LOCK_SCREEN
can you close access to screen please,LOCK_SCREEN
go ahead and timer for shutdown an hour now,SHUTDOWN_TIMER
could you turn off windows desktop right away,POWER_OFF
please get task list,SHOW_TASKS
please open commnad prompt now,OPEN_CMD
go ahead and run teminal,OPEN_CMD
i want to log off session for safety,LOCK_SCREEN
go ahead and terminate pid now,PROCESS_KILL
go ahead and print active processes now,SHOW_TASKS
view background tasks now,SHOW_TASKS
i need to ping 8.8.8.8 for latency check,PING_GOOGLE
can you protect machine right away,LOCK_SCREEN
go ahead and power off computer safe shutdown,POWER_OFF
can you open device manager to fix displays,DRIVER_MGMT
go ahead and shutdown timer in 45 minutes please,SHUTDOWN_TIMER
go ahead and run cmd instantly,OPEN_CMD
can you launch command prompt now,OPEN_CMD
can you resolve display drivers now,DRIVER_MGMT
please execute math app to calculate numbers,OPEN_CALCULATOR
can you run web portal,OPEN_NET
can you access the internet,OPEN_NET
quit gui panel now,QUIT_PROGRAM
go ahead and access wifi panel to fix wifi,OPEN_NETWORK_SETTINGS
go ahead and manage hard drive storage for c drive,STORAGE_INFO
go ahead and configure adapter properties,OPEN_NETWORK_SETTINGS
i need to power cycle machine now,RESTART
i want to check latency to google please,PING_GOOGLE
go ahead and access sharing center please,OPEN_NETWORK_SETTINGS
i want to kill the application instantly,QUIT_PROGRAM
i want to get ip address for me,CHECK_IP
i need to reveal hardware specs profile,SHOW_SYSTEM_INFO
get network ip now,CHECK_IP
test connectivity to google to check internet,PING_GOOGLE
i need to auto shutdown in 10 minutes immediately,SHUTDOWN_TIMER
could you start peripheral devices to fix displays,DRIVER_MGMT
could you tracert to github.com now,TRACE_ROUTE
i want to print task list,SHOW_TASKS
perform dns info for github.com,DNS_LOOKUP
can you shut down gui panel,QUIT_PROGRAM
i need to get active processes,SHOW_TASKS
go ahead and stop process by pid,PROCESS_KILL
go ahead and view disk management please,STORAGE_INFO
set shutdown timer an hour,SHUTDOWN_TIMER
please reboot pc immediately,RESTART
i need to start web browser,OPEN_NET
show ip on this system,CHECK_IP
please schedule shutdown 10 minutes please,POWER_OFF_TIMER
i need to go to the net to go online,OPEN_NET
go ahead and shutdown timer for an hour from now,POWER_OFF_TIMER
stop the application instantly,QUIT_PROGRAM
i want to test network on google servers,PING_GOOGLE
i need to view system info of this machine,SHOW_SYSTEM_INFO
could you show process manager please,OPEN_TASK_MANAGER
can you track path to google.com please,TRACE_ROUTE
i want to start hdmi driver now,DRIVER_MGMT
can you protect machine immediately,LOCK_SCREEN
"""wanting to ensure i'm connected online: a ping of google servers.",PING_GOOGLE
go ahead and test connectivity to external host for latency check,PING_GOOGLE
tracert to a domain,TRACE_ROUTE
could you restart pc immediately,RESTART
can you switch off workstation please,POWER_OFF
start the net to go online,OPEN_NET
please timer for shutdown 45 minutes please,SHUTDOWN_TIMER
manage hdmi connection to fix displays,DRIVER_MGMT
go ahead and protect computer now,LOCK_SCREEN
can you shut down the application instantly,QUIT_PROGRAM
can you get running tasks please,SHOW_TASKS
please launch hardware specs profile to calculate numbers,OPEN_CALCULATOR
could you schedule pc turn off 10 mnutes please,SHUTDOWN_TIMER
can you execute calclator,OPEN_CALCULATOR
could you secure machine immediately,LOCK_SCREEN
access the net please,OPEN_NET
kill program immediately,QUIT_PROGRAM
start dns records for github.com,DNS_LOOKUP
go ahead and monitor storage details now,STORAGE_INFO
could you monitor drive allocation,STORAGE_INFO
i want to start chrome browser to go online,OPEN_NET
i want to execute calculator utility quickly,OPEN_CALCULATOR
i want to show background tasks please,SHOW_TASKS
please show storage info for c drive,STORAGE_INFO
can you reset system right away,RESTART
i want to halt workstation right away,POWER_OFF
go ahead and launch shell prompt please,OPEN_CMD
check ip config for me,CHECK_IP
i need to start domain ip for a website,DNS_LOOKUP
can you timer for shutdown 30 mins immediately,SHUTDOWN_TIMER
go ahead and kill power to windows desktop please,POWER_OFF
i want to sign out machine for safety,LOCK_SCREEN
please quit program,QUIT_PROGRAM
go ahead and show storage info now,STORAGE_INFO
please stop the application please,QUIT_PROGRAM
please lookup dns info on 8.8.8.8,DNS_LOOKUP
i want to whats network ip of my machine,CHECK_IP
troubleshoot device manager to fix displays,DRIVER_MGMT
go ahead and ping external host to check internet,PING_GOOGLE
i want to ping google servers to check internet,PING_GOOGLE
display ip adderss now,CHECK_IP
can you timer for shutdown 45 minutes now,SHUTDOWN_TIMER
i want to ping ogogle to check internet,PING_GOOGLE
could you quit the application now,QUIT_PROGRAM
could you force close program please,PROCESS_KILL
please start hdmi connection please,DRIVER_MGMT
track memory load on this system,CHECK_RESOURCES
go ahead and print ip address now,CHECK_IP
run domani ip on github,DNS_LOOKUP
go ahead and view slow network to fix wifi,OPEN_NETWORK_SETTINGS
can you end application with force,PROCESS_KILL
go ahead and show hardware specs profile now,SHOW_SYSTEM_INFO
go ahead and show system processes on this system,SHOW_TASKS
can you display memory load,CHECK_RESOURCES
i need to launch calcuator quickly,OPEN_CALCULATOR
view active applications list to kill process,OPEN_TASK_MANAGER
please kill gui panel please,QUIT_PROGRAM
i want to tracert to github.com now,TRACE_ROUTE
please open commnad prompt quickly,OPEN_CMD
could you shutdown timer in 5 minutes please,SHUTDOWN_TIMER
can you close gui panel immediately,QUIT_PROGRAM
can you disply partition info,STORAGE_INFO
please close access to computer,LOCK_SCREEN
close access to pc immediately,LOCK_SCREEN
please access task manager to kill process,OPEN_TASK_MANAGER
i want to test network on external host,PING_GOOGLE
could you set power off in 15 mins from now,POWER_OFF_TIMER
i want to why is you doing,NEUTRAL
can you fix my monitor lag for lag issues,DRIVER_MGMT
go ahead and display disk capacity on this pc,STORAGE_INFO
exit gui panel please,QUIT_PROGRAM
i want to power cycle computer please,RESTART
can you execute calcuator to calculate numbers,OPEN_CALCULATOR
go ahead and access chrome browser please,OPEN_NET
can you launch active applications list to kill procesx,OPEN_TASK_MANAGER
could you hello about yourself please,NEUTRAL
display cpu temperature active,CHECK_RESOURCES
go ahead and sign out workstation now,LOCK_SCREEN
i need to run calc to calculate numbers,OPEN_CALCULATOR
please view running programs on this system,SHOW_TASKS
can you power cycle machine instantly,RESTART
please shut down gui panel please,QUIT_PROGRAM
turn off windows desktop now,POWER_OFF
could you update hdmi lag to fix displays,DRIVER_MGMT
do dns resolution on github,DNS_LOOKUP
can you reset pc immediately,RESTART
can you run domain ip on github,DNS_LOOKUP
can you print running tasks now,SHOW_TASKS
i want to shutdown timer for 45 minutes please,POWER_OFF_TIMER
i want to why is with homework,NEUTRAL
could you execute terminal,OPEN_CMD
i need to reboot machine instantly,RESTART
could you launch cmd,OPEN_CMD
please manage peripheral devices please,DRIVER_MGMT
can you auto shutdown in 20 minutes,SHUTDOWN_TIMER
i want to power cycle system now,RESTART
could you launhc web portal to surf,OPEN_NET
could you log off screen for safety,LOCK_SCREEN
i want to test connectivity to google.com to check internet,PING_GOOGLE
could you update drivers now,DRIVER_MGMT
i need to kill power to pc now,POWER_OFF
i need to kill gui panel please,QUIT_PROGRAM
can you test connectivity to google to check internet,PING_GOOGLE
could you run calc for some math,OPEN_CALCULATOR
could you track hardware utilization please,CHECK_RESOURCES
please open calculator to calculate numbers,OPEN_CALCULATOR
i want to power cycle pc immediately,RESTART
could you display cpu usage to monitor status,CHECK_RESOURCES
could you map connection route to a domain to debug route,TRACE_ROUTE
please start process manager now,OPEN_TASK_MANAGER
please whats internal ip of this pc,CHECK_IP
i want to turn off pc in 20 minutes from now,POWER_OFF_TIMER
could you display cpu and ram info of this machine,SHOW_SYSTEM_INFO
i need to why is with homework,NEUTRAL
i want to launch teminal quickly,OPEN_CMD
please send packets to google,PING_GOOGLE
i need to power off pc pwease,POWER_OFF
i need to lookup dns records on google,DNS_LOOKUP
go ahead and check dns records on google,DNS_LOOKUP
go ahead and trace route to github.com,TRACE_ROUTE
stop the application immediately,QUIT_PROGRAM
could you launch process manager now,OPEN_TASK_MANAGER
find current ip of this pc,CHECK_IP
could you what is ip on this system,CHECK_IP
could you start calclator quickly,OPEN_CALCULATOR
could you run math app now,OPEN_CALCULATOR
i need to bring up math app,OPEN_CALCULATOR
map connection route to google.com,TRACE_ROUTE
can you launch calcuator now,OPEN_CALCULATOR
i need to what is the meaning of universe,NEUTRAL
go aehad and force quit app immediately,PROCESS_KILL
go ahead and open terminal quickly,OPEN_CMD
i want to hello the news right now,NEUTRAL
could you exit gui panel,QUIT_PROGRAM
i need to track path to server,TRACE_ROUTE
"""quickly verify that i'm connected online with this easy tool: pinging google servers.",PING_GOOGLE
please reboot workstation instantly,RESTART
can you configure connection speed to check connections,OPEN_NETWORK_SETTINGS
i want to trkck resource consumption,CHECK_RESOURCES
could you show running progras now,SHOW_TASKS
i need to swithc off workstation immediately,POWER_OFF
can you find ipv4 address please,CHECK_IP
"""about time to relax in the evening, just wanted everything powered off immediately.",POWER_OFF
i want to close frozen app,PROCESS_KILL
open teminal now,OPEN_CMD
please display disk management please,STORAGE_INFO
i want to turn off mahcine immediately,POWER_OFF
please what is local ip of this pc,CHECK_IP
please open edge browser now,OPEN_NET
i want to stop app now,PROCESS_KILL
i want to tracert to github.com to debug route,TRACE_ROUTE
go qhead and query name resolution for github.com,DNS_LOOKUP
can you reboot pc immediately,RESTART
i want to log off pc please,LOCK_SCREEN
can you send packets to goolge servers to check internet,PING_GOOGLE
i need to get system resources to monitor status,CHECK_RESOURCES
go ahead and reset pc right away,RESTART
go ahead and check latency to 8.8.8.8 now,PING_GOOGLE
can you print system processes on this system,SHOW_TASKS
can you stop shellsense immediately,QUIT_PROGRAM
i want to check dns resolution on 8.8.8.8,DNS_LOOKUP
could you power cycle machine immediately,RESTART
please shutdown timer in after 1 hor,SHUTDOWN_TIMER
i nxed to kill program now,QUIT_PROGRAM
start taskmgr to kill process,OPEN_TASK_MANAGER
could you troubleshoot hdmi driver to fix displays,DRIVER_MGMT
i want to perform domain ip for a website,DNS_LOOKUP
go ahead and shut down program immediately,QUIT_PROGRAM
please what is the meaning of coffee,NEUTRAL
can you traceroute to 8.88.8 to debug route,TRACE_ROUTE
"""checking my connection speed with an easy pinging step: google servers.",PING_GOOGLE
i need to traceroute to google.com to debug route,TRACE_ROUTE
go ahead and list running programs now,SHOW_TASKS
i need to execute command prompt please,OPEN_CMD
ping external host for altency check,PING_GOOGLE
please protect windows screen right away,LOCK_SCREEN
i need to trace route to google.com,TRACE_ROUTE
go ahead and start calculations tool quickly,OPEN_CALCULATOR
launch the net now,OPEN_NET
could you shutdown timer in an hour,SHUTDOWN_TIMER
can you print ip address for me,CHECK_IP
go ahead and get free space for c drive,STORAGE_INFO
i ant to bring up task manager please,OPEN_TASK_MANAGER
i need to show details of specs please,SHOW_SYSTEM_INFO
could you bring up process manager now,OPEN_TASK_MANAGER
go ahead and modify slow network to fix wifi,OPEN_NETWORK_SETTINGS
please kill program now,QUIT_PROGRAM
i need to shutdown machine now,POWER_OFF
i need to shutdown windows desktop right away,POWER_OFF
i need to show running programs please,SHOW_TASKS
could you display specs profile of this machine,SHOW_SYSTEM_INFO
go ahead and bring up command shell,OPEN_CMD
please why is the news please,NEUTRAL
go ahead and go to web portal,OPEN_NET
can you view system info now,SHOW_SYSTEM_INFO
execute name resolution for github.com,DNS_LOOKUP
i want to eset pc now,RESTART
fix my graphics driver to fix displays,DRIVER_MGMT
i want to shutdown timer in 45 minutes,SHUTDOWN_TIMER
i need to what is the meaning of how pc works please,NEUTRAL
go ahead and print task list,SHOW_TASKS
could you turn off pc in after 1 hour,POWER_OFF_TIMER
hi the time please,NEUTRAL
could you start hardware drivers for lag issues,DRIVER_MGMT
can you open calculations tool,OPEN_CALCULATOR
can you view system monitor please,OPEN_TASK_MANAGER
i nede to monitor drive allocation,STORAGE_INFO
go ahead and show slow network,OPEN_NETWORK_SETTINGS
could you get system load,CHECK_RESOURCES
can you close interface please,QUIT_PROGRAM
i want to run hdmi connection now,DRIVER_MGMT
please fix my slow network to fix wifi,OPEN_NETWORK_SETTINGS
i want to timer for shutdown 15 mins now,SHUTDOWN_TIMER
can you display calcuator please,OPEN_CALCULATOR
could you check domain ip for a website,DNS_LOOKUP
i want to what is your name today,NEUTRAL
go ahead and close frozen app immediately,PROCESS_KILL
could you kill the application please,QUIT_PROGRAM
i need to run web portal to go online,OPEN_NET
could you start dns info for a host,DNS_LOOKUP
please check free space now,STORAGE_INFO
print system processes now,SHOW_TASKS
please timer for shutdown 30 mins now,SHUTDOWN_TIMER
go ahead and ping 8.8.8.8 to check internet,PING_GOOGLE
go ahead and print internal ip of this pc,CHECK_IP
i want to do some math to verify hardware details now,SHOW_SYSTEM_INFO
check latency to 8.8.8.8 now,PING_GOOGLE
i need to launch active applications list please,OPEN_TASK_MANAGER
i need to go to default browser now,OPEN_NET
open my network and sharing center now - it's a must-do task!,OPEN_NETWORK_SETTINGS
i want to kill gui panel now,QUIT_PROGRAM
can you show me about my system,SHOW_SYSTEM_INFO
i wazt to display hardware details,SHOW_SYSTEM_INFO
could you secure workstation right away,LOCK_SCREEN
could you help me locate my router’s wireless configuration setup wizard on this pc? please start from here.,OPEN_NETWORK_SETTINGS
i need to traceroute to host please,TRACE_ROUTE
please access default browser now,OPEN_NET
i need to launch task manager,OPEN_TASK_MANAGER
reboot machine instantly,RESTART
go ahead and start web browser now,OPEN_NET
"""quit shellsense for a sec, then i'll be back later.",QUIT_PROGRAM
could you check latency to google now,PING_GOOGLE
go ahead and set a shutdown timer an hour from now,POWER_OFF_TIMER
go ahead and show hardware specs profile of this machine,SHOW_SYSTEM_INFO
show slow internet now,OPEN_NETWORK_SETTINGS
i want to why is universe,NEUTRAL
please restart system instantly,RESTART
could you test connectivity to google for latency check,PING_GOOGLE
i need to turn off windows desktop now,POWER_OFF
could you print hardware details,SHOW_SYSTEM_INFO
i want to view network connections to check connections,OPEN_NETWORK_SETTINGS
can you schedule shutdown after 1 hour from now,POWER_OFF_TIMER
protect machine immediately,LOCK_SCREEN
see how much ram i have left after using some of the resources.,CHECK_RESOURCES
please check latency to google.com now,PING_GOOGLE
please shut down the application,QUIT_PROGRAM
print ip of this pc,CHECK_IP
could you protect windows screen please,LOCK_SCREEN
check latency to google.com,PING_GOOGLE
can you show taskmgr please,OPEN_TASK_MANAGER
go ahead and display active processes on this system,SHOW_TASKS
check performance statistics,CHECK_RESOURCES
can you print specs of this machine,SHOW_SYSTEM_INFO
can you kill operations now,QUIT_PROGRAM
go ahead and set power off in 5 minutes from now,POWER_OFF_TIMER
go ahead and is my cpu temperature high,CHECK_RESOURCES
go ahead and start chrome browser to surf,OPEN_NET
access web browser to go online,OPEN_NET
"""i need to quit this shellsense thingy.",QUIT_PROGRAM
can you quit the application,QUIT_PROGRAM
can you open calculator utility now,OPEN_CALCULATOR
open chrome browser to go online,OPEN_NET
go ahead and access taskmgr now,OPEN_TASK_MANAGER
could you kill power to workstation instantly,POWER_OFF
go ahead and show sysbem details now,SHOW_SYSTEM_INFO
i want to manage network connections,OPEN_NETWORK_SETTINGS
do dns info on 8.8.8.8,DNS_LOOKUP
i need to verify system details please,SHOW_SYSTEM_INFO
i want to troubleshoo drivers please,DRIVER_MGMT
go ahead and set a shutdown timer 20 minutes please,POWER_OFF_TIMER
could you show current ip for me,CHECK_IP
manage network settings to check connections,OPEN_NETWORK_SETTINGS
ping google for latency check,PING_GOOGLE
go ahead and map connection route to 8.8.8.8 please,TRACE_ROUTE
access the internet to surf,OPEN_NET
please list running progrhms,SHOW_TASKS
could you start cli console now,OPEN_CMD
i want to bring up teminal quickly,OPEN_CMD
open web portal,OPEN_NET
shutdown pc instantly,POWER_OFF
please display system,SHOW_SYSTEM_INFO
can you get partition info for c drive,STORAGE_INFO
schedule shutdown after 1 hour immediately,POWER_OFF_TIMER
i need to trace route to 8.8.8.8 to debug route,TRACE_ROUTE
can you run display drivers for lag issues,DRIVER_MGMT
i need to stop program instantly,QUIT_PROGRAM
i need to open web portal please,OPEN_NET
i need to start calculator,OPEN_CALCULATOR
i need to send packets to google servers please,PING_GOOGLE
bring up calculator,OPEN_CALCULATOR
i need to schedule shutdown 20 minutes please,POWER_OFF_TIMER
can you perform name resolution on 8.8.8.8,DNS_LOOKUP
please turn off pc now,POWER_OFF
can you update drivers,DRIVER_MGMT
can you what is coffee right now,NEUTRAL
can you send packets to google now,PING_GOOGLE
could you set a shutdown timer an hour from now,POWER_OFF_TIMER
can you power cycle pc please,RESTART
plsase run display drivers,DRIVER_MGMT
get cpu and ram info of this machine,SHOW_SYSTEM_INFO
could you do some math to verify hardware details for me,SHOW_SYSTEM_INFO
can you monitor storage info pease,STORAGE_INFO
please set a 5-minute timer before closing the laptop.,POWER_OFF_TIMER
please show os details of this machine,SHOW_SYSTEM_INFO
cuold you auto shutdown in 20 minutes,SHUTDOWN_TIMER
go ahead and timer for shutdown an hour immediately,SHUTDOWN_TIMER
could you show system details,SHOW_SYSTEM_INFO
i need to manage disk capacity on this pc,STORAGE_INFO
please scheduel shutdown 20 minutes immediately,POWER_OFF_TIMER
please open command prompt,OPEN_CMD
please show system resources,CHECK_RESOURCES
go ahead and fix my connection speed please,OPEN_NETWORK_SETTINGS
go ahead and troubleshoot my slow internet now,OPEN_NETWORK_SETTINGS
go ahead and get storage details on this pc,STORAGE_INFO
can you show taskmgr now,OPEN_TASK_MANAGER
i need to auto shutdown in 10 minutes please,SHUTDOWN_TIMER
i want to shutdown timer for 20 minutes immediately,POWER_OFF_TIMER
i want to find internal ip now,CHECK_IP
i want to launch calculations tool to calculate numbers,OPEN_CALCULATOR
could you track path to a domain,TRACE_ROUTE
can you sign out machine,LOCK_SCREEN
i want to reset computer immediately,RESTART
i want to traceroute to google.com now,TRACE_ROUTE
please query nslookup on google,DNS_LOOKUP
go ahead and execute calculations tool for some math,OPEN_CALCULATOR
i need to shutdown timer in an hour now,SHUTDOWN_TIMER
go ahead and access edge browser to go online,OPEN_NET
i want to reveal cpu and ram info for me,SHOW_SYSTEM_INFO
force quit application,PROCESS_KILL
could you update monitor lag now,DRIVER_MGMT
i want to set a shutdown timer 10 minutes from now,POWER_OFF_TIMER
can you turn off workstation please,POWER_OFF
can you what is the time today,NEUTRAL
could you test network on google.com for latency check,PING_GOOGLE
could you display background tasks,SHOW_TASKS
could you stop pplication immediately,PROCESS_KILL
power cycle system right away,RESTART
please map connection route to google.com please,TRACE_ROUTE
i want to start dns info for github.com,DNS_LOOKUP
go ahead and shutdown timer for after 1 hour immediately,POWER_OFF_TIMER
check network ip on this system,CHECK_IP
go ahead and secure computer right away,LOCK_SCREEN
i want to verify system details,SHOW_SYSTEM_INFO
kill frozen app immediately,PROCESS_KILL
hi universe today,NEUTRAL
could you lookup dns info for a website,DNS_LOOKUP
i want to troubleshoot my network settings please,OPEN_NETWORK_SETTINGS
i need to check latency to 8.8.8.8 for latency check,PING_GOOGLE
display running programs please,SHOW_TASKS
go ahead and explain the news for me,NEUTRAL
bpdate hardware drivers,DRIVER_MGMT
print task list please,SHOW_TASKS
please check drivers,DRIVER_MGMT
i need to force close app with force,PROCESS_KILL
could you view system processes on this system,SHOW_TASKS
i need to show background tasks now,SHOW_TASKS
i want to exit the application immediately,QUIT_PROGRAM
please show disk space,STORAGE_INFO
i want to schedule pc turn off after 1 hour,SHUTDOWN_TIMER
please troubleshoot my adapter properties to check connections,OPEN_NETWORK_SETTINGS
go to slow network please,OPEN_NETWORK_SETTINGS
schedule pc turn off 30 mins,SHUTDOWN_TIMER
monitor hardware utilization to monitor status,CHECK_RESOURCES
i need to open peripheral devices please,DRIVER_MGMT
i want to can you about yourself,NEUTRAL
i need to kill running process please,PROCESS_KILL
please display system processes please,SHOW_TASKS
go ahead and turn off pc in 20 minutes immediately,POWER_OFF_TIMER
go ahead and turn off pc now,POWER_OFF
please check latency to external host,PING_GOOGLE
i need to display task list,SHOW_TASKS
i need to switch off machine instantly,POWER_OFF
manage disk space on this pc,STORAGE_INFO
can you timer for shutdown after 1 hour immediately,SHUTDOWN_TIMER
could you reset system instantly,RESTART
can you view process manager,OPEN_TASK_MANAGER
go ahead and check hard drive storage now,STORAGE_INFO
can you show calc now,OPEN_CALCULATOR
can you get task list now,SHOW_TASKS
timer for shutdown 20 minutes,SHUTDOWN_TIMER
track path to a domain,TRACE_ROUTE
can you switch off system right away,POWER_OFF
go ahead and launch calculator utility,OPEN_CALCULATOR
could you open graphics driver now,DRIVER_MGMT
could you shut down gui panel please,QUIT_PROGRAM
can you access active applications list please,OPEN_TASK_MANAGER
go ahead and force quit application please,PROCESS_KILL
could you launch taskmgr please,OPEN_TASK_MANAGER
please what is internal ip for me,CHECK_IP
go ahead and set power off in 5 minutes,POWER_OFF_TIMER
i want to start edge browser,OPEN_NET
run the net to go online,OPEN_NET
could you get resource consumption to monitor status,CHECK_RESOURCES
can you restart pc now,RESTART
send packets to google.com please,PING_GOOGLE
could you close app,PROCESS_KILL
i want to tracert to server please,TRACE_ROUTE
can you set shutdown timer after 1 hour now,SHUTDOWN_TIMER
i want to power off windows desktop right away,POWER_OFF
i need to reset machine please,RESTART
can you check drive allocation now,STORAGE_INFO
please do dns resolution for a website,DNS_LOOKUP
can you reveal network ip of this pc,CHECK_IP
kill gui panel,QUIT_PROGRAM
please open hdmi lag,DRIVER_MGMT
i need to reveal ip,CHECK_IP
can you exit interface instantly,QUIT_PROGRAM
could you track path to github.com please,TRACE_ROUTE
get background tasks,SHOW_TASKS
can you test network on google now,PING_GOOGLE
go ahead and lookup dns records on 8.8.8.8,DNS_LOOKUP
i need to open command shell now,OPEN_CMD
can you set a shutdown timer an hour,POWER_OFF_TIMER
find out how long it takes for my packet to reach amazon via the internet.,TRACE_ROUTE
could you check resource consumption,CHECK_RESOURCES
start calculations tool please,OPEN_CALCULATOR
can you what is ip address of my machine,CHECK_IP
please get hardware specs profile now,SHOW_SYSTEM_INFO
could you monitor resource consumption please,CHECK_RESOURCES
can you a joke,NEUTRAL
go ahead and troubleshoot my connection speed please,OPEN_NETWORK_SETTINGS
please start system monitor to end tasks,OPEN_TASK_MANAGER
could you secure pc now,LOCK_SCREEN
view storage degails now,STORAGE_INFO
go ahead and view system processes please,SHOW_TASKS
could you fix my hdmi lag issues for lag issues,DRIVER_MGMT
i want to timer for shutdown 10 minutes please,SHUTDOWN_TIMER
show me the latest system uptime details.,CHECK_RESOURCES
could you monitor free space,STORAGE_INFO
please schedule shudown 10 minutes from now,POWER_OFF_TIMER
track path to github.com to deubg route,TRACE_ROUTE
can you traceroute to github.com to debug route,TRACE_ROUTE
i want to turn off pc in 30 mins please,POWER_OFF_TIMER
please view os details,SHOW_SYSTEM_INFO
i want to run graphics driver now,DRIVER_MGMT
could you run default browser now,OPEN_NET
go ahead and force close program now,PROCESS_KILL
go ahead and get background tasks please,SHOW_TASKS
can you run nslookup for a website,DNS_LOOKUP
can you traceroute to a domain,TRACE_ROUTE
i want to fix my hdmi lag to fix displays,DRIVER_MGMT
how do i pake 2 + 2 for me,NEUTRAL
i need to is my hardware load high,CHECK_RESOURCES
i need to explain the news,NEUTRAL
i need to shutdown timer for 20 minutes from now,POWER_OFF_TIMER
i want to do nslookup on 8.8.8.8,DNS_LOOKUP
i need to print os details please,SHOW_SYSTEM_INFO
could you exit program,QUIT_PROGRAM
can you shutdown timer in 30 mins now,SHUTDOWN_TIMER
could you execute dns records for a host,DNS_LOOKUP
i need to display my system for me,SHOW_SYSTEM_INFO
i want to modify connection speed,OPEN_NETWORK_SETTINGS
i need to how do i make coffee please,NEUTRAL
i want to show local ip now,CHECK_IP
please check cpu sage please,CHECK_RESOURCES
could you manage peripheral devices please,DRIVER_MGMT
go ahead and close program please,QUIT_PROGRAM
could you view internet settings to check connections,OPEN_NETWORK_SETTINGS
i want to set power off in 45 minutes,POWER_OFF_TIMER
go ahead and schedule shutdown an hour,POWER_OFF_TIMER
can you go to the net to go online,OPEN_NET
go ahead and run dns info for a host,DNS_LOOKUP
i want to run termnial quickly,OPEN_CMD
can you lock machine,LOCK_SCREEN
please sign out windows screen immediately,LOCK_SCREEN
please launch taskmgr to kill process,OPEN_TASK_MANAGER
can you start the net now,OPEN_NET
i want to map connection route to google.com now,TRACE_ROUTE
please log off computer now,LOCK_SCREEN
can you show details of system information for me,SHOW_SYSTEM_INFO
go ahead and show network settings to fix wifi,OPEN_NETWORK_SETTINGS
run monitor lag for lag issues,DRIVER_MGMT
i need to log off session right away,LOCK_SCREEN
i need to open default browser,OPEN_NET
i want to get drive allocation for c drive,STORAGE_INFO
go ahead and open device manager please,DRIVER_MGMT
i want to set power off in an hour immediately,POWER_OFF_TIMER
i need to send packets to external host,PING_GOOGLE
manage hdmi driver for lag issues,DRIVER_MGMT
i want to display ipv4 address on this system,CHECK_IP
can you run dns info for a website,DNS_LOOKUP
could you reveal ipv4 address,CHECK_IP
go ahead and start task manager please,OPEN_TASK_MANAGER
could you view disk management for c drive,STORAGE_INFO
can you reset pc now,RESTART
go ahead and monitor disk space please,STORAGE_INFO
can you run edge browser please,OPEN_NET
i need to show taskmgr please,OPEN_TASK_MANAGER
could you check disk capacity on this pc,STORAGE_INFO
i need to timer for shutdown 30 mins,SHUTDOWN_TIMER
go ahead and troubleshoot monitor lag to fix displays,DRIVER_MGMT
go ahead and display os details of this machine,SHOW_SYSTEM_INFO
please find ip please,CHECK_IP
can you launch task manager to end tasks,OPEN_TASK_MANAGER
i want to query name resolution on github,DNS_LOOKUP
i need to launch terminal please,OPEN_CMD
could you lock machin immediately,LOCK_SCREEN
i need to open adapter properties now,OPEN_NETWORK_SETTINGS
set a shutdown timer 30 mins please,POWER_OFF_TIMER
power off computer now,POWER_OFF
i want to track path to server,TRACE_ROUTE
go ahead and manage slow internet now,OPEN_NETWORK_SETTINGS
can you show performance statistics to monitor status,CHECK_RESOURCES
manage storage details for c drive,STORAGE_INFO
please set shutdown timer 45 minutes please,SHUTDOWN_TIMER
please check hdmi driver for lag issues,DRIVER_MGMT
i need to launch calculator quickly,OPEN_CALCULATOR
i want to access edge browser to surf,OPEN_NET
go ahead and timer for shutdown an hour please,SHUTDOWN_TIMER
i need to show pc specifications please,SHOW_SYSTEM_INFO
i want to view os details please,SHOW_SYSTEM_INFO
i need to verify system details pease,SHOW_SYSTEM_INFO
what is the meaning of your name for me,NEUTRAL
start web portal now,OPEN_NET
please show disk capacity for c drive,STORAGE_INFO
can you test connectivity to google now,PING_GOOGLE
can you trace route to github.com,TRACE_ROUTE
i need to test connectivity to 8.8.8.8 for latency check,PING_GOOGLE
i want to display active processes on this system,SHOW_TASKS
can you manage free space for c drive,STORAGE_INFO
could you reset computer please,RESTART
go ahead and list active processes on this system,SHOW_TASKS
i need to verify os details,SHOW_SYSTEM_INFO
i need to print running tasks please,SHOW_TASKS
please get current ip for me,CHECK_IP
i need to secure machine for safety,LOCK_SCREEN
i need to is my cpu temperature please,CHECK_RESOURCES
could you open termnial now,OPEN_CMD
check ip for me,CHECK_IP
go ahead and stop the application now,QUIT_PROGRAM
can you close task,PROCESS_KILL
i want to sign out pc now,LOCK_SCREEN
can you track memory load please,CHECK_RESOURCES
trigger process kill system utility,PROCESS_KILL
i need to track path to 8.8.8.8,TRACE_ROUTE
go ahead and modify slow wifi to check connections,OPEN_NETWORK_SETTINGS
monitor system load on this system,CHECK_RESOURCES
go ahead and shw system load on this system,CHECK_RESOURCES
i want to stop operations immediately,QUIT_PROGRAM
could you close access to screen right away,LOCK_SCREEN
i need to execute termnial instantly,OPEN_CMD
could you hello your name for me,NEUTRAL
i need to lookup name resolution for a website,DNS_LOOKUP
could you stop application explorer.exe,PROCESS_KILL
please display memory laod,CHECK_RESOURCES
could you execute math app please,OPEN_CALCULATOR
can you schedule pc turn off 30 mins now,SHUTDOWN_TIMER
i need to reboot computer instantly,RESTART
can you monitor resource consumption to monitor status,CHECK_RESOURCES
i need to access process managed now,OPEN_TASK_MANAGER
i need to modify slow internet to check connections,OPEN_NETWORK_SETTINGS
i want to check nslookup for google.com,DNS_LOOKUP
could you trace route to google.com please,TRACE_ROUTE
i want to open edge browser,OPEN_NET
please show running programs on this system,SHOW_TASKS
schedule pc turn off 45 minutes immediately,SHUTDOWN_TIMER
where can i look up my machine's public ip address?,CHECK_IP
go ahead and show calculations tool to calculate numbers,OPEN_CALCULATOR
please test connectivity to google.com to check internet,PING_GOOGLE
could you start termnial instantly,OPEN_CMD
can you set shutdown timer after 1 hour,SHUTDOWN_TIMER
i need to track path to a domain to debug route,TRACE_ROUTE
please lock pc right away,LOCK_SCREEN
could you check latency to google servrs,PING_GOOGLE
i want to show system processes on this system,SHOW_TASKS
can you track path to server please,TRACE_ROUTE
who is the time right now,NEUTRAL
go ahead and open the internet please,OPEN_NET
could you get background tasks,SHOW_TASKS
set power off in 20 minutes from now,POWER_OFF_TIMER
i need to start cli console quickly,OPEN_CMD
could you execute dns info for google.com,DNS_LOOKUP
i want to troubleshoot my internet settings now,OPEN_NETWORK_SETTINGS
please bring up terminal now,OPEN_CMD
i need to halt machine please,POWER_OFF
could you tracert to google.com now,TRACE_ROUTE
go ahead and view connection speed to fix wifi,OPEN_NETWORK_SETTINGS
perform domain ip for google.com,DNS_LOOKUP
could you timer for shutdown an horu please,SHUTDOWN_TIMER
can you set shutdown timer after 1 hour please,SHUTDOWN_TIMER
could you stop shellsense now,QUIT_PROGRAM
i need to shutdown timer in 5 minutes please,SHUTDOWN_TIMER
send packets to google servers please,PING_GOOGLE
could you start system monitor to end tasks,OPEN_TASK_MANAGER
could you send packets to google servers to chcek internet,PING_GOOGLE
reboot workstation instantly,RESTART
can you run commnad prompt instantly,OPEN_CMD
i want to how do i makw coffee,NEUTRAL
could you exit program please,QUIT_PROGRAM
please what is your name for me,NEUTRAL
please set a shutdown timer 30 mins please,POWER_OFF_TIMER
please check system resources please,CHECK_RESOURCES
go ahead and schedule shutdown after 1 hour from now,POWER_OFF_TIMER
i need to access the internet to surf,OPEN_NET
go ahead and check internal ip,CHECK_IP
could you show running tasks please,SHOW_TASKS
check system resources,CHECK_RESOURCES
i want to lookup dns records on github,DNS_LOOKUP
can you run display drivers to fix dislpays,DRIVER_MGMT
go ahead and start termnial now,OPEN_CMD
check name resolution on github,DNS_LOOKUP
i need to traceroute to 8.8.8.8 now,TRACE_ROUTE
i need to tracert to 8.8.8.8,TRACE_ROUTE
please access the net,OPEN_NET
could you reboot cymputer immediately,RESTART
i want to close operations instantly,QUIT_PROGRAM
i want to display specs,SHOW_SYSTEM_INFO
go ahead and hi the weather for me,NEUTRAL
can you whats local ip of my machine,CHECK_IP
could you test network on 8.8.8.8 pleae,PING_GOOGLE
could you start web portal to go onlinz,OPEN_NET
go ahead and start the internet please,OPEN_NET
go ahead and set power off in 15 mins please,POWER_OFF_TIMER
open calclator now,OPEN_CALCULATOR
please power cycle pc please,RESTART
could you monitor resource consumption,CHECK_RESOURCES
go ahead and perform dns info on 8.8.8.8,DNS_LOOKUP
please check peripheral devices please,DRIVER_MGMT
please run command prompt instantly,OPEN_CMD
can you get specs profile of this machine,SHOW_SYSTEM_INFO
could you display task list on this system,SHOW_TASKS
please schedule shutdown 30 mins immediately,POWER_OFF_TIMER
i need to display disk space please,STORAGE_INFO
i need to track cpu usage on this system,CHECK_RESOURCES
could you check cpu usage to monitor status,CHECK_RESOURCES
i want to set shutdown timer 5 minutes immediately,SHUTDOWN_TIMER
can you protect pc for safety,LOCK_SCREEN
i want to shut down program please,QUIT_PROGRAM
i need to hi the weather right now,NEUTRAL
please bring up calclator quickly,OPEN_CALCULATOR
open claculator please,OPEN_CALCULATOR
i need to kill gui panel immediately,QUIT_PROGRAM
can you check peripheral devices please,DRIVER_MGMT
i want to start web browser,OPEN_NET
please stop program please,QUIT_PROGRAM
could you get local ip,CHECK_IP
monitor the current system load.,CHECK_RESOURCES
please schedule pc turn off 15 mins please,SHUTDOWN_TIMER
stop task by pid,PROCESS_KILL
i need to why is how pc works,NEUTRAL
can you close access to workstation now,LOCK_SCREEN
could you show ram utilization on this system,CHECK_RESOURCES
i want to view running programs,SHOW_TASKS
could you turn off pc in 20 minutes from now,POWER_OFF_TIMER
please close gui panel now,QUIT_PROGRAM
reboot computer please,RESTART
can you show system monitor please,OPEN_TASK_MANAGER
i waht to test connectivity to external host now,PING_GOOGLE
find out how long it takes for my packet to reach google's servers via amazon.,TRACE_ROUTE
i need to turn off pc in after 1 hour from now,POWER_OFF_TIMER
show task manager,OPEN_TASK_MANAGER
could you set a shutdown timer 20 minutes,POWER_OFF_TIMER
do some math to vxrify calc now,OPEN_CALCULATOR
could you turn off pc in an hour,POWER_OFF_TIMER
coudl you display background tasks,SHOW_TASKS
force close task please,PROCESS_KILL
go ahead and kill program immediately,QUIT_PROGRAM
please lock computer immediately,LOCK_SCREEN
please open the internet,OPEN_NET
protect machine please,LOCK_SCREEN
please view performance statistics,CHECK_RESOURCES
please reieal ipv4 address of this pc,CHECK_IP
i want to what is current ip on this system,CHECK_IP
go ahead and traceroute to github.com,TRACE_ROUTE
could you test network on external host for latency check,PING_GOOGLE
could you quit gui panel,QUIT_PROGRAM
could you reboot pc please,RESTART
can you launch taskmgr,OPEN_TASK_MANAGER
do nslookup for google.com,DNS_LOOKUP
i need to track path to server to debug route,TRACE_ROUTE
i need to monitor memory load,CHECK_RESOURCES
"""what’s the easiest way to quickly lock the screen on this computer?",LOCK_SCREEN
can you set shutdown timer 10 minutes now,SHUTDOWN_TIMER
turn off computer safe shutdown,POWER_OFF
i need to shut down gui panel please,QUIT_PROGRAM
i need to show task manager please,OPEN_TASK_MANAGER
i want to bring up command shell,OPEN_CMD
please who is a joke please,NEUTRAL
i want to halt windows desktop right away,POWER_OFF
go ahead and check cpu usage,CHECK_RESOURCES
i need to shutdown timer for 10 minutes,POWER_OFF_TIMER
display system details of this machine,SHOW_SYSTEM_INFO
could you start system monitor please,OPEN_TASK_MANAGER
i need to show performance statistics on this system,CHECK_RESOURCES
i need to halt workstation safe shutdown,POWER_OFF
please shutdown system please,POWER_OFF
i need to troubleshoot peripheral devices for lag issues,DRIVER_MGMT
laucnh web browser to surf,OPEN_NET
can you show task list pleasy,SHOW_TASKS
can you open calculator please,OPEN_CALCULATOR
i want to get task list,SHOW_TASKS
shutdown timer for 10 minutes immediately,POWER_OFF_TIMER
please restart pc please,RESTART
restart pc please,RESTART
i want to set a shutdown timer 45 minutes,POWER_OFF_TIMER
please close access to screen right away,LOCK_SCREEN
can you view system processes,SHOW_TASKS
i want to stop the application please,QUIT_PROGRAM
i want to run hardware drivers please,DRIVER_MGMT
i need to turn off pc in an hour immediately,POWER_OFF_TIMER
please send packets to 8.8.8.8 please,PING_GOOGLE
could you set power off in 30 mins immediately,POWER_OFF_TIMER
i want to restart workstation right away,RESTART
could you loc windows screen for safety,LOCK_SCREEN
turn off system instantly,POWER_OFF
go ahead and show background tasks now,SHOW_TASKS
protect screen for safety,LOCK_SCREEN
please map connection route to host to debug route,TRACE_ROUTE
i need to shutdown timer for 5 minutes please,POWER_OFF_TIMER
can you display specs profile now,SHOW_SYSTEM_INFO
go ahead and close app by pid,PROCESS_KILL
please check latency to google to chevk internet,PING_GOOGLE
go ahead and can you the weather right now,NEUTRAL
i want to check local ip of my machine,CHECK_IP
bring up active applications list to end tasks,OPEN_TASK_MANAGER
i want to display disk space for c drive,STORAGE_INFO
i want to sign out windows screen now,LOCK_SCREEN
i want to kill operations please,QUIT_PROGRAM
can you launch math app please,OPEN_CALCULATOR
go ahead and start active applications list now,OPEN_TASK_MANAGER
i want to access task manager now,OPEN_TASK_MANAGER
can you close application immediately,PROCESS_KILL
i want to set power off in 5 minutes,POWER_OFF_TIMER
show free space now,STORAGE_INFO
i want to auto shutdown in 20 minutes now,SHUTDOWN_TIMER
please securj computer now,LOCK_SCREEN
could you access active applications list now,OPEN_TASK_MANAGER
i want to tracert to googl.com,TRACE_ROUTE
can you open hdmi driver,DRIVER_MGMT
please print system info please,SHOW_SYSTEM_INFO
start hardware specs profile quickly,OPEN_CALCULATOR
open system monitor to kill process,OPEN_TASK_MANAGER
schedule shutdown 15 mins immediately,POWER_OFF_TIMER
i want to start domain ip on 8.8.8.8,DNS_LOOKUP
i want to display cpu usage,CHECK_RESOURCES
can you set power off in 15 mins please,POWER_OFF_TIMER
access web portal,OPEN_NET
i jeed to go to slow connection now,OPEN_NETWORK_SETTINGS
could you launch the internet to surf,OPEN_NET
please hi universe right now,NEUTRAL
could you display os details,SHOW_SYSTEM_INFO
i want to show free space now,STORAGE_INFO
could you track path to 8.8.8.8 now,TRACE_ROUTE
force quit frozen app with force,PROCESS_KILL
print os details for me,SHOW_SYSTEM_INFO
go ahead and launch calcuator for some math,OPEN_CALCULATOR
i want to timer for shutdown 20 minutes,SHUTDOWN_TIMER
go ahead and print running tasks,SHOW_TASKS
could you traceroute to 8.8.8.8 to debug route,TRACE_ROUTE
go ahead and run dns resolution on 8.8.8.8,DNS_LOOKUP
i need to ping google.com now,PING_GOOGLE
please traceroute to host please,TRACE_ROUTE
i need to check hdmi lag,DRIVER_MGMT
start active applications list to kill process,OPEN_TASK_MANAGER
"open task manager and find the window button, click it to lock",LOCK_SCREEN
could you go to web portal please,OPEN_NET
could you go to network connections to fix wifi,OPEN_NETWORK_SETTINGS
go ahead and sign out machine right away,LOCK_SCREEN
shut down operations instantly,QUIT_PROGRAM
can you halt compuier right away,POWER_OFF
can you lookup nslookup on github,DNS_LOOKUP
i need to what is the weather right now,NEUTRAL
stop shellsense instantly,QUIT_PROGRAM
open web portal to surf,OPEN_NET
go ahead and traceroute to server please,TRACE_ROUTE
please tracert to 8.8.8.8 to debug route,TRACE_ROUTE
could you get system resources on this system,CHECK_RESOURCES
i need to protect windows screen,LOCK_SCREEN
can you lock screey immediately,LOCK_SCREEN
i need to get hardware utilization on this system,CHECK_RESOURCES
could you manage storage info on this pc,STORAGE_INFO
trace route to amazon using -j command.,TRACE_ROUTE
i want to reveal ipv4 address,CHECK_IP
i want to schedule shutdown 45 minutes please,POWER_OFF_TIMER
can you schedule pc turn off 30 mins immediately,SHUTDOWN_TIMER
can you traceroute to a domain now,TRACE_ROUTE
i need to traceroute to server now,TRACE_ROUTE
check latency to google,PING_GOOGLE
i want to show resource consumption to monitor status,CHECK_RESOURCES
i need to turn off machine safe shutdown,POWER_OFF
display ath app quickly,OPEN_CALCULATOR
i want to view netwrok connections,OPEN_NETWORK_SETTINGS
please open default browser,OPEN_NET
go ahead and get disk capacity for c drive,STORAGE_INFO
could you set shutdown timer 30 mins please,SHUTDOWN_TIMER
please track path to host to debug route,TRACE_ROUTE
show taskmgr,OPEN_TASK_MANAGER
i want to show ip address on this system,CHECK_IP
i want to view system load to monitor status,CHECK_RESOURCES
go ahead and view system load please,CHECK_RESOURCES
can you launch claculator,OPEN_CALCULATOR
can you check free space please,STORAGE_INFO
i need to execute shell promp quickly,OPEN_CMD
track path to google.com now,TRACE_ROUTE
can you who is your name for me,NEUTRAL
could you access task manager now,OPEN_TASK_MANAGER
please open default browser now,OPEN_NET
could you show active processes,SHOW_TASKS
could you shnw hardware specs profile,SHOW_SYSTEM_INFO
go ahead and manage free space please,STORAGE_INFO
i want to hello how pc works please,NEUTRAL
set shutdown timer 45 miuntes please,SHUTDOWN_TIMER
could you kill pwer to machine please,POWER_OFF
can you why is a joke please,NEUTRAL
i need to configure adapter properties to check connections,OPEN_NETWORK_SETTINGS
i need to get disk space please,STORAGE_INFO
i want to turn off machine immediately,POWER_OFF
launch command shell please,OPEN_CMD
schedule shutdown 5 minutes,POWER_OFF_TIMER
manage storage details please,STORAGE_INFO
resolve graphics driver,DRIVER_MGMT
i want to reset pc please,RESTART
could you kill power to workstation please,POWER_OFF
i need to timer for shutdown 30 mins please,SHUTDOWN_TIMER
go ahead and list task list,SHOW_TASKS
go ahead and set a shutdown timer 45 minutes please,POWER_OFF_TIMER
could you kill app please,PROCESS_KILL
can you power cycle computer immediately,RESTART
can you execute command shell,OPEN_CMD
i need to what is network ip on this system,CHECK_IP
i want to power off computer now,POWER_OFF
can you display current ip now,CHECK_IP
i want to set shutdown timer 30 mins please,SHUTDOWN_TIMER
can you turn off computer please,POWER_OFF
please stop pid,PROCESS_KILL
please how are the news today,NEUTRAL
could you ping external host to check internet,PING_GOOGLE
i want to schedule shutdown 15 mins,POWER_OFF_TIMER
i need to what is you doing today,NEUTRAL
please what is the meaning of about yourself right now,NEUTRAL
go ahead and bring up taskmgr to kill process,OPEN_TASK_MANAGER
traceroute to github.com to debug route,TRACE_ROUTE
please start web portal to go online,OPEN_NET
go ahead and set power off in 30 mins,POWER_OFF_TIMER
open network connections now,OPEN_NETWORK_SETTINGS
please show specs profile now,SHOW_SYSTEM_INFO
please explain the news for me,NEUTRAL
could you reboot computer immediately,RESTART
update hdmi lag issues please,DRIVER_MGMT
i need to run dns resolution for github.com,DNS_LOOKUP
please manage diks space on this pc,STORAGE_INFO
please schedule pc turn off 30 mins immediately,SHUTDOWN_TIMER
i need to go to slow inernet now,OPEN_NETWORK_SETTINGS
i want to close gui panel please,QUIT_PROGRAM
i need to open task manager now,OPEN_TASK_MANAGER
can you show task list on this system,SHOW_TASKS
retart system immediately,RESTART
i need to get storage details for c drive,STORAGE_INFO
auto shutdown in 20 minutes please,SHUTDOWN_TIMER
i nsed to display ram utilization,CHECK_RESOURCES
can you switch off windows desktop immediately,POWER_OFF
i need to display ipv4 address for me,CHECK_IP
shutdown workstation instantly,POWER_OFF
close gui panel,QUIT_PROGRAM
please force close app 1234,PROCESS_KILL
please test network on external host now,PING_GOOGLE
please schedule pc turn off after 1 hour,SHUTDOWN_TIMER
quit program please,QUIT_PROGRAM
schedule pc turn off 10 minutes please,SHUTDOWN_TIMER
please reset computer instantly,RESTART
can you start domain ip on 8.8.8.8,DNS_LOOKUP
please show taskmgr please,OPEN_TASK_MANAGER
i want to close the application please,QUIT_PROGRAM
could you exit the application,QUIT_PROGRAM
go ahead and view storage nfo on this pc,STORAGE_INFO
could you shut down operations,QUIT_PROGRAM
go ahead and turn off windows desktop now,POWER_OFF
could you display pc specifications please,SHOW_SYSTEM_INFO
go ahead and get system details of this machine,SHOW_SYSTEM_INFO
please schedule shutdown 15 mins immediately,POWER_OFF_TIMER
could you start teminal please,OPEN_CMD
please shutdown timer in 15 mins,SHUTDOWN_TIMER
could you tracert to google.com,TRACE_ROUTE
please print active processes on this system,SHOW_TASKS
go ahead and restart compter instantly,RESTART
launch display drivers please,DRIVER_MGMT
i want to auto shutdown in 30 mins now,SHUTDOWN_TIMER
could you traceroute to google.com to debug route,TRACE_ROUTE
configure sharing center to fix wifi,OPEN_NETWORK_SETTINGS
can you power cycle machine right away,RESTART
go ahead and traceroute to host,TRACE_ROUTE
can you timer for shutdown an hour please,SHUTDOWN_TIMER
tracert to a domain now,TRACE_ROUTE
go ahead and reboot machine immediately,RESTART
could you what is the weather please,NEUTRAL
bring up math app for some math,OPEN_CALCULATOR
how can i find out if there's an external ip currently set up by my computer?,CHECK_IP
could you set power off in 30 mins,POWER_OFF_TIMER
could you open cli console now,OPEN_CMD
go ahead and test network on 8.8.8.8 to check internet,PING_GOOGLE
go ahead and start chrome browser to go online,OPEN_NET
go ahead and what is the meaning of the time today,NEUTRAL
please end frozmn app now,PROCESS_KILL
i need to hi you doing right now,NEUTRAL
i need to execute calclator,OPEN_CALCULATOR
go ahead and shut down operations isntantly,QUIT_PROGRAM
i want to view cpu and ram info of this machine,SHOW_SYSTEM_INFO
i want to exit the application instantly,QUIT_PROGRAM
go ahead and display background tasks now,SHOW_TASKS
i want to list running programs please,SHOW_TASKS
timer for shutdown an hour please,SHUTDOWN_TIMER
i want to send packets to google.com for latency check,PING_GOOGLE
can you list background tasks now,SHOW_TASKS
i need to get task list,SHOW_TASKS
please run the net please,OPEN_NET
i want to view background tasks please,SHOW_TASKS
i want to start claculator now,OPEN_CALCULATOR
i need to send packets to 8.8.8.8 to check internet,PING_GOOGLE
i want to start commnad prompt,OPEN_CMD
i need to show ip of my machine,CHECK_IP
dlease start calculator to calculate numbers,OPEN_CALCULATOR
i want to secure workstation for safety,LOCK_SCREEN
set power off in an hour please,POWER_OFF_TIMER
go ahead and check latency to 8.8.8.8,PING_GOOGLE
sign out workstation please,LOCK_SCREEN
i need to schedule shutdown an hour please,POWER_OFF_TIMER
please who is how pc works for me,NEUTRAL
go ahead and display network ip for me,CHECK_IP
i need to force close frozen app with orce,PROCESS_KILL
could you reset machine please,RESTART
could you shutdown timer in after 1 hour immediately,SHUTDOWN_TIMER
could you quit operations now,QUIT_PROGRAM
i want to power cycle machine right away,RESTART
could you access slow connection to fix wifi,OPEN_NETWORK_SETTINGS
please display system info,SHOW_SYSTEM_INFO
go ahead and map connection route to host,TRACE_ROUTE
i need to close access to workstation right away,LOCK_SCREEN
can you track path to host to debup route,TRACE_ROUTE
force quit google docs so my work can be saved immediately.,PROCESS_KILL
go ahead and show system processes please,SHOW_TASKS
go ahead and quit interface now,QUIT_PROGRAM
could you terminate frozen app please,PROCESS_KILL
could you close access to session now,LOCK_SCREEN
please track system resources to monitor status,CHECK_RESOURCES
i need to power cycle machine instantly,RESTART
i want to troubleshoot graphics driver please,DRIVER_MGMT
i need to show disk space,STORAGE_INFO
go ahead and launch taskmgr to kill process,OPEN_TASK_MANAGER
go awead and manage hardware drivers now,DRIVER_MGMT
i want to set shutdown timer after 1 hour please,SHUTDOWN_TIMER
go ahead and switch off windows desktop please,POWER_OFF
please halt computer please,POWER_OFF
open edge browsr,OPEN_NET
print background tasks on this system,SHOW_TASKS
please display disk capacity please,STORAGE_INFO
check system resources to monitor status,CHECK_RESOURCES
i want to execute shell prompt now,OPEN_CMD
set shutdown timer 10 minutes now,SHUTDOWN_TIMER
please traceroute to 8.8.8.8 now,TRACE_ROUTE
start web browser,OPEN_NET
go ahead and check ram utilization please,CHECK_RESOURCES
can you run dns records for google.com,DNS_LOOKUP
could you strt device manager please,DRIVER_MGMT
please get loca ip on this system,CHECK_IP
go ahead and open chrome browser to surf,OPEN_NET
trace route to server,TRACE_ROUTE
i want to halt pc safe shutdown,POWER_OFF
i want to run dns records for a host,DNS_LOOKUP
i want to lock windows screen please,LOCK_SCREEN
go ahead and view process manager now,OPEN_TASK_MANAGER
can you exit opeations instantly,QUIT_PROGRAM
i need to tracert to 8.8.8.8 now,TRACE_ROUTE
view my pc specs please,SHOW_SYSTEM_INFO
can you end running process by pid,PROCESS_KILL
can you kill pid by pid,PROCESS_KILL
i want to start dns info on google,DNS_LOOKUP
can you test congectivity to google servers now,PING_GOOGLE
can you check performance statistics on this system,CHECK_RESOURCES
go ahead and view storage info please,STORAGE_INFO
please launch cmd,OPEN_CMD
please can you life please,NEUTRAL
i need to show active processes,SHOW_TASKS
i want to close access to windows screen please,LOCK_SCREEN
shutdown computer safe shutdown,POWER_OFF
go ahead and get hardware specs profile now,SHOW_SYSTEM_INFO
access slow internet,OPEN_NETWORK_SETTINGS
go ahead and check latency to external host to check internet,PING_GOOGLE
launch system monitor now,OPEN_TASK_MANAGER
reboot workstation right away,RESTART
please quit interface now,QUIT_PROGRAM
i want to troubleshoot hdmi lag please,DRIVER_MGMT
i want to reboot pc instantly,RESTART
could you get ip please,CHECK_IP
i need to launch the internet now,OPEN_NET
please tell me a joke today,NEUTRAL
close operatinos now,QUIT_PROGRAM
go ahead and how do i make coffee,NEUTRAL
please log off workstation,LOCK_SCREEN
could you traceroute to host please,TRACE_ROUTE
resolve graphics driver to fix displays,DRIVER_MGMT
i need to monitor cpu usage on this system,CHECK_RESOURCES
can you trace route to a domain,TRACE_ROUTE
please set power off in an hour,POWER_OFF_TIMER
please open the internet to surf,OPEN_NET
go ahead and switch off computer instantly,POWER_OFF
set shutdown timer 15 mins,SHUTDOWN_TIMER
could you update hdmi driver to fix displays,DRIVER_MGMT
go ahead and reboot machine right away,RESTART
can you show me about hardware specs profile of this machine,SHOW_SYSTEM_INFO
i want to turn off pc in 20 minutes immediately,POWER_OFF_TIMER
please map connection route to github.com now,TRACE_ROUTE
set a shutdown tiemr an hour from now,POWER_OFF_TIMER
i need to hello you doing for me,NEUTRAL
please access default browser,OPEN_NET
i need to schedule pc turn off 30 mins now,SHUTDOWN_TIMER
i want to update hardware drivers to fix displays,DRIVER_MGMT
can you view partition info for c drive,STORAGE_INFO
go ahead and start hardware drivers please,DRIVER_MGMT
can you tell me the news,NEUTRAL
go ahead and show me about system of this machine,SHOW_SYSTEM_INFO
please switch off system immediately,POWER_OFF
i want to modify wifi settings to fix wifi,OPEN_NETWORK_SETTINGS
can you view ram utilization on this system,CHECK_RESOURCES
could you show process manager,OPEN_TASK_MANAGER
i need to get storage info for c drive,STORAGE_INFO
could you switch off pc instantly,POWER_OFF
could you update hdmi lag issues please,DRIVER_MGMT
i need to turn off pc in 20 minutes,POWER_OFF_TIMER
i need to force quit running process,PROCESS_KILL
can you view os details now,SHOW_SYSTEM_INFO
i want to check latency to google servers now,PING_GOOGLE
please bring up process manager to end tasks,OPEN_TASK_MANAGER
go ahead and set a shutdown timer 5 minutes immediately,POWER_OFF_TIMER
could you shutdown timer for 45 minutes from now,POWER_OFF_TIMER
display active processes now,SHOW_TASKS
could you check dns resolution for a host,DNS_LOOKUP
i want to check latency to external host plaese,PING_GOOGLE
show taskmgr to kill process,OPEN_TASK_MANAGER
please set a shutdown timer 5 minutes,POWER_OFF_TIMER
go ahead and configure sharing center now,OPEN_NETWORK_SETTINGS
i want to kill running process immediately,PROCESS_KILL
i want to show calc please,OPEN_CALCULATOR
go ahead and get memory load please,CHECK_RESOURCES
i need to tracert to server please,TRACE_ROUTE
i need to monitor hardware utilization please,CHECK_RESOURCES
force quit pid please,PROCESS_KILL
can you tell me with homework today,NEUTRAL
please launch peripheral devices now,DRIVER_MGMT
could you check hardware utilization on this system,CHECK_RESOURCES
could you bring up system monitor to end tasks,OPEN_TASK_MANAGER
go ahead and start shell prompt,OPEN_CMD
could you do name resolution for a host,DNS_LOOKUP
i need to map connection route to google.com now,TRACE_ROUTE
view taskmgr,OPEN_TASK_MANAGER
cduld you print system of this machine,SHOW_SYSTEM_INFO
i want to exit program instantly,QUIT_PROGRAM
access the internet,OPEN_NET
manage adapter properties please,OPEN_NETWORK_SETTINGS
i want to monitor disk space for c drive,STORAGE_INFO
stop process by pid,PROCESS_KILL
i need to lookup name resolution on google,DNS_LOOKUP
i need to get current ip,CHECK_IP
please set shutdown timer 5 minutes please,SHUTDOWN_TIMER
could you stop running process now,PROCESS_KILL
could you schedule pc turn off 20 minutes immediately,SHUTDOWN_TIMER
i need to ping external host now,PING_GOOGLE
could you run chrome browser please,OPEN_NET
could you bring up cli console now,OPEN_CMD
can you do some math to verify specs profile now,SHOW_SYSTEM_INFO
i want to traceroute to github.com,TRACE_ROUTE
pleuse get partition info please,STORAGE_INFO
check latency to 8.8.8.8 for latency check,PING_GOOGLE
please run hdmi lag,DRIVER_MGMT
can you can you how pc works for me,NEUTRAL
please go to the internet please,OPEN_NET
i need to start domain ip on 8.8.8.8,DNS_LOOKUP
where can i find the network and sharing center in windows 10? it should lead to wifi tweaking options.,OPEN_NETWORK_SETTINGS
could you monitor ram utilization to monitor status,CHECK_RESOURCES
go ahead and terminate app now,PROCESS_KILL
go ahead and check dns records for github.com,DNS_LOOKUP
go ahead and trace route to a domain,TRACE_ROUTE
i want to manage partition info now,STORAGE_INFO
please manage free space on this pc,STORAGE_INFO
i want to close access to pc now,LOCK_SCREEN
i want to display hardware specs profile please,SHOW_SYSTEM_INFO
secure machine,LOCK_SCREEN
could you tracert to a domain please,TRACE_ROUTE
please execute cli console instantly,OPEN_CMD
go ahead and shut down gui panel please,QUIT_PROGRAM
can you set a shutdown timer 30 mins immediately,POWER_OFF_TIMER
i need to map conncetion route to a domain,TRACE_ROUTE
could you lock computer please,LOCK_SCREEN
please bring up process manager to kill process,OPEN_TASK_MANAGER
i need to display system information,SHOW_SYSTEM_INFO
go ahead and tell me coffee,NEUTRAL
whats ip of my machine,CHECK_IP
can you list running tasks now,SHOW_TASKS
could you restart computer right away,RESTART
i want to turn off pc in 20 minutes please,POWER_OFF_TIMER
shutdown pc now,POWER_OFF
go ahead and auto shutdown in 30 mins now,SHUTDOWN_TIMER
get storage details please,STORAGE_INFO
please pirnt system details please,SHOW_SYSTEM_INFO
could you reset system right away,RESTART
please run command shell quickly,OPEN_CMD
i want to close access to computer right away,LOCK_SCREEN
go ahead and show details of specs profile of this machine,SHOW_SYSTEM_INFO
i need to explain how pc works right now,NEUTRAL
i need to sign out screen now,LOCK_SCREEN
go ahead and close interface immediately,QUIT_PROGRAM
i need to reset machine instantly,RESTART
please bring up math app for some mtah,OPEN_CALCULATOR
i need to print internal ip,CHECK_IP
please reset system instantly,RESTART
can you stop app now,PROCESS_KILL
i want to get running tasks now,SHOW_TASKS
please display hard drive storage,STORAGE_INFO
please power off pc right away,POWER_OFF
go ahead and trace route to google.com now,TRACE_ROUTE
trace a route using tcp through multiple hops.,TRACE_ROUTE
i want to get local ip of my machine,CHECK_IP
can you turn off pc in 45 minutes pllase,POWER_OFF_TIMER
trace route to 8.8.8.8 please,TRACE_ROUTE
bring up system monitor please,OPEN_TASK_MANAGER
view task manager to end tasks,OPEN_TASK_MANAGER
can you run monitor lag now,DRIVER_MGMT
could you start cmd instantly,OPEN_CMD
please stop app immediately,PROCESS_KILL
can you schedule shutdown 5 minutes from now,POWER_OFF_TIMER
start commnad prompt quickly,OPEN_CMD
please why is 2 + 2,NEUTRAL
i want to map connection route to host,TRACE_ROUTE
i want to why is 2 + 2 please,NEUTRAL
go ahead and print network ip of this pc,CHECK_IP
go ahead and ping google servers please,PING_GOOGLE
pease show calcuator quickly,OPEN_CALCULATOR
go ahead and kill process by pid,PROCESS_KILL
could you what is ip address on this system,CHECK_IP
i want to force quit running process,PROCESS_KILL
can you log off computer please,LOCK_SCREEN
can you perform name resolution on google,DNS_LOOKUP
please view running tasks,SHOW_TASKS
can you open terminal now,OPEN_CMD
coul you force close process now,PROCESS_KILL
i want to what is the weather,NEUTRAL
is it possible to check what devices are connected to a specific public ip?,CHECK_IP
can you launch chrome browser,OPEN_NET
show active proceses please,SHOW_TASKS
can you reset workstation now,RESTART
i need to what is life please,NEUTRAL
terminate process with force,PROCESS_KILL
i want to reboot computer immediately,RESTART
please kill task immediately,PROCESS_KILL
open system monitor to end tasks,OPEN_TASK_MANAGER
i need to power off workstation safe shutdown,POWER_OFF
can you check local ip of my machine,CHECK_IP
i want to shutdown workstation now,POWER_OFF
i need to start web portal now,OPEN_NET
can you check hdmi lag to fix displays,DRIVER_MGMT
can you check hmi lag now,DRIVER_MGMT
please check device manager,DRIVER_MGMT
can you switch off workstation now,POWER_OFF
i want to power cycle workstation right away,RESTART
could you troubleshoot hdmi lag for lag issues,DRIVER_MGMT
can you launch system monitor now,OPEN_TASK_MANAGER
i want to access system monitor now,OPEN_TASK_MANAGER
go ahead and show details of my system for me,SHOW_SYSTEM_INFO
i need to set a shutdown timer an hour,POWER_OFF_TIMER
go ahead and kill power to computer right away,POWER_OFF
please timer for shutdown 5 minutes,SHUTDOWN_TIMER
kill gui panel now,QUIT_PROGRAM
can you terminate app by pid,PROCESS_KILL
could you test connectivity to google.com to check internet,PING_GOOGLE
go aheda and kill interface now,QUIT_PROGRAM
could you display disk management on this pc,STORAGE_INFO
can you show running tasks now,SHOW_TASKS
"find out the ip associated with mydomain.com, please.",DNS_LOOKUP
what is life please,NEUTRAL
can you access active applications list,OPEN_TASK_MANAGER
i need to set a shutdown timer 30 mins please,POWER_OFF_TIMER
can you check dns info for a website,DNS_LOOKUP
i need to troubleshoot my wifi panel to fix wifi,OPEN_NETWORK_SETTINGS
can you secure windows screen for safety,LOCK_SCREEN
tracert to server,TRACE_ROUTE
list running rpograms please,SHOW_TASKS
can you timer for shutdown 20 minutes immediately,SHUTDOWN_TIMER
coudl you sign out windows screen immediately,LOCK_SCREEN
i want to manage free space now,STORAGE_INFO
please modify sharing center to check connections,OPEN_NETWORK_SETTINGS
could you modify slow connection now,OPEN_NETWORK_SETTINGS
please eecute calclator quickly,OPEN_CALCULATOR
i want to ping external host for latency check,PING_GOOGLE
open chrome browser pelase,OPEN_NET
could you launch command prompt,OPEN_CMD
i want to open calculator for some math,OPEN_CALCULATOR
i want to open taskmgr,OPEN_TASK_MANAGER
i need to set a shutdown timer 15 mins,POWER_OFF_TIMER
go ahead and fix my drivers to fix displays,DRIVER_MGMT
can you print ysstem processes on this system,SHOW_TASKS
go ahead and show disk management please,STORAGE_INFO
please how are 2 + 2 today,NEUTRAL
i need to who is how pc works today,NEUTRAL
i need to tracert to google.com,TRACE_ROUTE
i need to list running prgrams please,SHOW_TASKS
fix my slow network,OPEN_NETWORK_SETTINGS
please force quit running process,PROCESS_KILL
please open termnial please,OPEN_CMD
could you shutdown timer in 45 minutes,SHUTDOWN_TIMER
check latency to google please,PING_GOOGLE
i want to launch web browser to surf,OPEN_NET
please map connection route to a domain to debug route,TRACE_ROUTE
could you end frozen app immediately,PROCESS_KILL
i need to monitor performance statistics,CHECK_RESOURCES
fix my wifi panel to fix wifi,OPEN_NETWORK_SETTINGS
please bring up command shell please,OPEN_CMD
i need to end running process by pid,PROCESS_KILL
go ahead and get specs,SHOW_SYSTEM_INFO
launce command shell instantly,OPEN_CMD
go ahead and track path to host to debug route,TRACE_ROUTE
go ahead and fix my peripheral devices for lag issues,DRIVER_MGMT
go ahead and shutdown timer for 15 mins,POWER_OFF_TIMER
could you halt computer immediately,POWER_OFF
go ahead and turn off mahcine please,POWER_OFF
i need to set shutdown timer 20 minutes,SHUTDOWN_TIMER
can you kill shellsense instantly,QUIT_PROGRAM
force quit pid immediately,PROCESS_KILL
i want to start taskmgr to end tasks,OPEN_TASK_MANAGER
set a shutdown timer 10 minutes please,POWER_OFF_TIMER
go ahead and halt comupter instantly,POWER_OFF
i want to trace route to 8.8.8.8,TRACE_ROUTE
pease map connection route to server to debug route,TRACE_ROUTE
end application pleas,PROCESS_KILL
go ahead and exit operations instantly,QUIT_PROGRAM
track system resources to monitor status,CHECK_RESOURCES
go ahead and launch task manager to end tasks,OPEN_TASK_MANAGER
go ahead and can you about yourself for me,NEUTRAL
go ahead and query dns info on google,DNS_LOOKUP
get disk space on my computer,STORAGE_INFO
i wat to check performance statistics,CHECK_RESOURCES
view slow wifi to check connections,OPEN_NETWORK_SETTINGS
go ahead and set power off in 5 minutes immediately,POWER_OFF_TIMER
i want to exit operations now,QUIT_PROGRAM
can you log off windows screen now,LOCK_SCREEN
could you auto shutdown in after 1 hour now,SHUTDOWN_TIMER
i need to reveal internal ip for me,CHECK_IP
i want to how do i make universe,NEUTRAL
could you terminate app,PROCESS_KILL
i want to start active applications list to kill process,OPEN_TASK_MANAGER
i want to start active applications list to end tasks,OPEN_TASK_MANAGER
i need to schedule shutdown an hour immediately,POWER_OFF_TIMER
i want to check latency to google.com,PING_GOOGLE
i need to set power off in 10 minutes from now,POWER_OFF_TIMER
please show detals of os details now,SHOW_SYSTEM_INFO
"execute ""shutdown -s -t 0"" to lock instantly",LOCK_SCREEN
view performance statistics on this system,CHECK_RESOURCES
i wan to display ip address on this system,CHECK_IP
resolve hdmi connection please,DRIVER_MGMT
go ahead and execute dns records on google,DNS_LOOKUP
could you get resource consumption please,CHECK_RESOURCES
go ahead and turn off pc in an hour from now,POWER_OFF_TIMER
go ahead and do some math to verify my system now,SHOW_SYSTEM_INFO
i need to how are about yourself right now,NEUTRAL
please auto shutdown in 15 mins immediately,SHUTDOWN_TIMER
please close the application immediately,QUIT_PROGRAM
please poewr off computer safe shutdown,POWER_OFF
please force close process please,PROCESS_KILL
i need to why is lofe right now,NEUTRAL
what is internal ip of my machine,CHECK_IP
i want to what is the meaning of the news for me,NEUTRAL
start domain ip for a website,DNS_LOOKUP
can you reset pc please,RESTART
can you view task manager please,OPEN_TASK_MANAGER
could you reboot pc now,RESTART
can you explain the news right now,NEUTRAL
go ahead and kill power to system immediately,POWER_OFF
get active processes on this system,SHOW_TASKS
i need to how are life please,NEUTRAL
set power off in after 1 hour immediately,POWER_OFF_TIMER
auto shutdown in 5 minutes now,SHUTDOWN_TIMER
please auto shutdown in an hour now,SHUTDOWN_TIMER
track ptah to github.com to debug route,TRACE_ROUTE
go ahead and hello the time right now,NEUTRAL
go ahead and traceroute to google.com now,TRACE_ROUTE
could you lock computer,LOCK_SCREEN
i need to launch system monitor,OPEN_TASK_MANAGER
set power off in 15 mins please,POWER_OFF_TIMER
go ahead and ping google now,PING_GOOGLE
show process manager now,OPEN_TASK_MANAGER
open default browser to go online,OPEN_NET
terminate application now,PROCESS_KILL
shut down interface immediately,QUIT_PROGRAM
set shutdown timer 20 minutes now,SHUTDOWN_TIMER
i need to how do i make your name for me,NEUTRAL
i want to set shutdown timer 15 mins,SHUTDOWN_TIMER
could you set shutdown timer 5 minutes now,SHUTDOWN_TIMER
please access network connections,OPEN_NETWORK_SETTINGS
i need to go to chrome browser to surf,OPEN_NET
i want to go to network settings to fix wifi,OPEN_NETWORK_SETTINGS
i need to print specs now,SHOW_SYSTEM_INFO
i need to kill running process,PROCESS_KILL
please stop the application now,QUIT_PROGRAM
please start web browser to go online,OPEN_NET
can you how are a joke for me,NEUTRAL
could you ping external host for latency check,PING_GOOGLE
could you list task list now,SHOW_TASKS
i need to view running tasks please,SHOW_TASKS
i want to configure internet settings to fix wifi,OPEN_NETWORK_SETTINGS
could you view partition info on this pc,STORAGE_INFO
cuold you reset computer right away,RESTART
please view semory load,CHECK_RESOURCES
can you run chrome browser to surf,OPEN_NET
i want to schedule shutdown 45 minutes,POWER_OFF_TIMER
could you get active processes,SHOW_TASKS
could you start hdmi connection,DRIVER_MGMT
access process manager to end tasks,OPEN_TASK_MANAGER
i need to power off system now,POWER_OFF
go aead and set power off in 10 minutes please,POWER_OFF_TIMER
i need to set shutdown timer 10 minuets now,SHUTDOWN_TIMER
can you run domain ip for a website,DNS_LOOKUP
show drive allocation for c drive,STORAGE_INFO
i need to start taskmgr to end tasks,OPEN_TASK_MANAGER
i want to display task list now,SHOW_TASKS
please close gui panel immediately,QUIT_PROGRAM
i want to turn off pc in after 1 hour,POWER_OFF_TIMER
can you run web portal to go online,OPEN_NET
access connection speed now,OPEN_NETWORK_SETTINGS
i need to terminate lagging app please,PROCESS_KILL
can you reset computer right away,RESTART
i want to can you universe please,NEUTRAL
could you explain the time today,NEUTRAL
could you hllo life right now,NEUTRAL
please test connectivity to google servers please,PING_GOOGLE
please check hdmi lag please,DRIVER_MGMT
display ipv4 address,CHECK_IP
can you launch web brwoser please,OPEN_NET
go ahead and power cycle computer pleaes,RESTART
could you open commnad line now,OPEN_CMD
i want to tracert to server,TRACE_ROUTE
i want to launch the net,OPEN_NET
go ahead and perform dns records for google.com,DNS_LOOKUP
i want to shutdown timer for 20 minutes please,POWER_OFF_TIMER
run drivers to fix displays,DRIVER_MGMT
go ahead and show hard drive storage for c drive,STORAGE_INFO
log off session for safety,LOCK_SCREEN
can you get ip now,CHECK_IP
go ahead and show disk capacity now,STORAGE_INFO
please send packets to google to check internet,PING_GOOGLE
can you switch off pc instantly,POWER_OFF
please display ram utilization on this system,CHECK_RESOURCES
i want to timer for shutdown 20 minutse immediately,SHUTDOWN_TIMER
can you whats ip config please,CHECK_IP
could you ping google servers,PING_GOOGLE
can you view running programs on this system,SHOW_TASKS
could you end application,PROCESS_KILL
could you start the net now,OPEN_NET
go ahead and bring up active applications list please,OPEN_TASK_MANAGER
go ahead and check current ip of this pc,CHECK_IP
start process managre to kill process,OPEN_TASK_MANAGER
please shut dhwn gui panel immediately,QUIT_PROGRAM
could you lock windows screen right away,LOCK_SCREEN
go ahead and sign out windows screen right away,LOCK_SCREEN
i want to view performance statistics to monitor status,CHECK_RESOURCES
please start name resolution on github,DNS_LOOKUP
i need to list system processes,SHOW_TASKS
i need to close shellsense,QUIT_PROGRAM
i want to fix my hardware drivers please,DRIVER_MGMT
display running programs now,SHOW_TASKS
could you verify hardware specs profile of this machine,SHOW_SYSTEM_INFO
i want to shutdown timer for 5 minutes,POWER_OFF_TIMER
please monitor disk space now,STORAGE_INFO
please bring up cli console instantly,OPEN_CMD
i want to view system resources please,CHECK_RESOURCES
please set a shutdown temer 30 mins immediately,POWER_OFF_TIMER
i need to launch command liee please,OPEN_CMD
can you help me manage my computer's shutdown in 5 minutes?,POWER_OFF_TIMER
can you auto shutdown in after 1 hour please,SHUTDOWN_TIMER
print runnnig tasks on this system,SHOW_TASKS
i need to timer for shutdown 10 minutes now,SHUTDOWN_TIMER
get background tasks now,SHOW_TASKS
please secure screen for safety,LOCK_SCREEN
i want to check ipv4 address of this pc,CHECK_IP
i need to show specs of this machine,SHOW_SYSTEM_INFO
can you turn off pc in after 1 hour from now,POWER_OFF_TIMER
could you manage hdmi connection,DRIVER_MGMT
i want to tracert to host now,TRACE_ROUTE
"press ctrl+l and type ""lock screen",LOCK_SCREEN
go ahead and troubleshoot my network settings please,OPEN_NETWORK_SETTINGS
poease tracert to google.com now,TRACE_ROUTE
close access to screen,LOCK_SCREEN
tell me universe please,NEUTRAL
please kill power to computer immediately,POWER_OFF
go ahead and reset workstation please,RESTART
go ahead and auto shutdown in after 1 hour,SHUTDOWN_TIMER
can you quit gui panel now,QUIT_PROGRAM
i want to show running tasks now,SHOW_TASKS
can you quit interface please,QUIT_PROGRAM
execute name resolution for a host,DNS_LOOKUP
go haead and resolve drivers now,DRIVER_MGMT
i need to trace route to 8.8.8.8,TRACE_ROUTE
go ahead and secure session immediately,LOCK_SCREEN
how do i make universe today,NEUTRAL
can you reveal local ip on this system,CHECK_IP
pleaes lock windows screen right away,LOCK_SCREEN
i want to do some math to verify os details now,SHOW_SYSTEM_INFO
go ahead and kill program instantly,QUIT_PROGRAM
access task manager to end tasks,OPEN_TASK_MANAGER
could you what is the meaning of 2 + 2 please,NEUTRAL
i want to print running tasks now,SHOW_TASKS
please test connectivity to external host for latency check,PING_GOOGLE
please quit interface instantly,QUIT_PROGRAM
could you check free space,STORAGE_INFO
go ahead and run chrome browser to surf,OPEN_NET
can you shutdown timer in 10 minutes,SHUTDOWN_TIMER
go aead and hello your name today,NEUTRAL
i need to show taskmgr to end tsks,OPEN_TASK_MANAGER
can you whats current ip,CHECK_IP
go ahead and set shutdown timer 20 minutes please,SHUTDOWN_TIMER
i want to what is ip address on this system,CHECK_IP
"""force-restart my laptop immediately.",RESTART
can you run web browser now,OPEN_NET
could you print hardware details please,SHOW_SYSTEM_INFO
please force close pid by pid,PROCESS_KILL
i want to end process please,PROCESS_KILL
monior storage details please,STORAGE_INFO
can you force close program by pid,PROCESS_KILL
can you shutdown timer in 30 mins,SHUTDOWN_TIMER
get active processes,SHOW_TASKS
i want to do some math to verify cpu and ram info for me,SHOW_SYSTEM_INFO
view hard drive storage now,STORAGE_INFO
i want to shut down gui panel,QUIT_PROGRAM
i need to open command shell,OPEN_CMD
pleaes display active processes now,SHOW_TASKS
go ahead and halt pc immediately,POWER_OFF
can you shut down interface please,QUIT_PROGRAM
get hard drive storage on this pc,STORAGE_INFO
could you show system monitor to kill process,OPEN_TASK_MANAGER
please power cycle workstation immediately,RESTART
i need to perform dns records on github,DNS_LOOKUP
i need to halt windows desktop please,POWER_OFF
i want to how are universe,NEUTRAL
could you print specs profile,SHOW_SYSTEM_INFO
access slow wifi to fix wifi,OPEN_NETWORK_SETTINGS
could you lock computer now,LOCK_SCREEN
i need to uqit operations,QUIT_PROGRAM
could you fix my adpter properties to fix wifi,OPEN_NETWORK_SETTINGS
could you start calclator,OPEN_CALCULATOR
please modify slow network to fix wifi,OPEN_NETWORK_SETTINGS
could you set shutdown timer 30 mins,SHUTDOWN_TIMER
please display performance statistics please,CHECK_RESOURCES
i need to tell me life right now,NEUTRAL
please map connection route to host please,TRACE_ROUTE
trace a path for my package delivery service provider.,TRACE_ROUTE
could you test network on 8.8.8.8 to check intrnet,PING_GOOGLE
could you map connection route to github.com now,TRACE_ROUTE
please end process with force,PROCESS_KILL
go ahead and close access to machine immediately,LOCK_SCREEN
can you exit shellsense,QUIT_PROGRAM
query dns records on github,DNS_LOOKUP
i need to ping google servers please,PING_GOOGLE
force uit frozen app now,PROCESS_KILL
go ahead and what is the news today,NEUTRAL
i need to resolve peripheral devices to fix displays,DRIVER_MGMT
please exit interface instantly,QUIT_PROGRAM
can you start name resolution for google.com,DNS_LOOKUP
please kaunch calculator utility now,OPEN_CALCULATOR
execute commnad prompt now,OPEN_CMD
go ahead and shtu down interface now,QUIT_PROGRAM
i want to start calculations tool please,OPEN_CALCULATOR
view running programs,SHOW_TASKS
i want to check latency to external host,PING_GOOGLE
i need to kill power to machine instantly,POWER_OFF
can you what is 2 + 2,NEUTRAL
could you show active processes now,SHOW_TASKS
i need to view wifi panel to fix wifi,OPEN_NETWORK_SETTINGS
can you trace route to 8.8.8.8 to debug route,TRACE_ROUTE
can you display system info for me,SHOW_SYSTEM_INFO
i need to print ip address now,CHECK_IP
can you find ip address now,CHECK_IP
can you monitor memory load on this system,CHECK_RESOURCES
i need to show performance statistics please,CHECK_RESOURCES
i want to reveal ip address for me,CHECK_IP
could you view system processes now,SHOW_TASKS
display system information please,SHOW_SYSTEM_INFO
i want to what is the meaning of 2 + 2 for me,NEUTRAL
go ahead and get system information please,SHOW_SYSTEM_INFO
could you why is the time please,NEUTRAL
i want to view active applications list to end tasks,OPEN_TASK_MANAGER
go ahead and show task manager,OPEN_TASK_MANAGER
i want to monitor performance statistics on this system,CHECK_RESOURCES
go ahead and track path to google.com now,TRACE_ROUTE
i want to check ram utilization,CHECK_RESOURCES
i want to send packets to google servers to check interet,PING_GOOGLE
i need to shutdown computer now,POWER_OFF
i need to check hdmi driver for lag issues,DRIVER_MGMT
reboot system please,RESTART
i need to lookup nslookup for a website,DNS_LOOKUP
can you send packets to 8.8.8.8 to check internet,PING_GOOGLE
i need to show calc for some math,OPEN_CALCULATOR
i need to view hardware details now,SHOW_SYSTEM_INFO
i want to terminate frozen app with force,PROCESS_KILL
start taskmgr,OPEN_TASK_MANAGER
i want to stop shellsense immediately,QUIT_PROGRAM
i need to lock machine now,LOCK_SCREEN
can you set a shutdown tiemr 30 mins please,POWER_OFF_TIMER
i want to start the internet,OPEN_NET
go ahead and run chrome browser please,OPEN_NET
i need to traceroute to github.com please,TRACE_ROUTE
i need to kill pid with force,PROCESS_KILL
please access chrome browser,OPEN_NET
could you force close task now,PROCESS_KILL
start calculator utility,OPEN_CALCULATOR
please open cli console,OPEN_CMD
could you shutdown workstation now,POWER_OFF
i need to show running tasks on this system,SHOW_TASKS
could you view specs of this machine,SHOW_SYSTEM_INFO
can you stkrt process manager to end tasks,OPEN_TASK_MANAGER
please reset computer now,RESTART
go ahead and test network on external host now,PING_GOOGLE
i need to start the internet please,OPEN_NET
please access the internet to surf,OPEN_NET
i want to terminate pid now,PROCESS_KILL
go ahead and check latency to google servers now,PING_GOOGLE
i want to start antive applications list now,OPEN_TASK_MANAGER
pleaes reset system immediately,RESTART
shutdown timer for 10 minutes please,POWER_OFF_TIMER
close the application immediately,QUIT_PROGRAM
could you go to the net,OPEN_NET
could you quit operations please,QUIT_PROGRAM
go ahead and show hardware utilization on this system,CHECK_RESOURCES
go ahead and laucnh process manager to kill process,OPEN_TASK_MANAGER
please launch task manager now,OPEN_TASK_MANAGER
i newd to manage peripheral devices now,DRIVER_MGMT
can you display internal ip please,CHECK_IP
please launch hdmi connection,DRIVER_MGMT
please ping 8.8.8.8,PING_GOOGLE
go ahead and check latency to google,PING_GOOGLE
go ahead and sign out screen for safety,LOCK_SCREEN
can you log off screen for safety,LOCK_SCREEN
could you display os details now,SHOW_SYSTEM_INFO
please reset machine right away,RESTART
go ahead and close shellsense instantly,QUIT_PROGRAM
i need to run teminal,OPEN_CMD
i want to turn off pc in an hour,POWER_OFF_TIMER
go ahead and monitor isk space now,STORAGE_INFO
can you test network on 8.8.8.8 for latency check,PING_GOOGLE
could you view partition info please,STORAGE_INFO
i want to log off screen right away,LOCK_SCREEN
please send packets to google servers now,PING_GOOGLE
i want to start dns info for a website,DNS_LOOKUP
i need to start shell prompt now,OPEN_CMD
can you show system processes,SHOW_TASKS
go ahead and show active applications list now,OPEN_TASK_MANAGER
please terminate app please,PROCESS_KILL
could you start web portal please,OPEN_NET
i need to display disk management for c drive,STORAGE_INFO
run web broswer,OPEN_NET
go aheda and display running tasks,SHOW_TASKS
i need to tell me about system,SHOW_SYSTEM_INFO
i want to kill program now,QUIT_PROGRAM
please kill interface,QUIT_PROGRAM
please timer for shutdown 20 minutes immediately,SHUTDOWN_TIMER
pleaes traceroute to a domain now,TRACE_ROUTE
i need to tell me the tiem,NEUTRAL
go ahead and power cycle machine immediately,RESTART
go ahead and test connectivity to google.com now,PING_GOOGLE
power cycle workstation instantly,RESTART
please timer for shutdown 10 minutes immediately,SHUTDOWN_TIMER
could you fidn ip,CHECK_IP
i need to get task list now,SHOW_TASKS
i need to go to sharing center,OPEN_NETWORK_SETTINGS
could you can you universe for me,NEUTRAL
i want to sign out windows screen right away,LOCK_SCREEN
secure screen right away,LOCK_SCREEN
can you show hard drive storage for c drive,STORAGE_INFO
can you access edge browser now,OPEN_NET
can you fix my slow wifi,OPEN_NETWORK_SETTINGS
launch drivers for lag issues,DRIVER_MGMT
fix my hdmi lag please,DRIVER_MGMT
i want to can you ith homework today,NEUTRAL
execute claculator quickjy,OPEN_CALCULATOR
i want to show process manager now,OPEN_TASK_MANAGER
please tracert to host please,TRACE_ROUTE
can you start cmd instantly,OPEN_CMD
go ahead and quit shellsense please,QUIT_PROGRAM
go ahead and quit operations,QUIT_PROGRAM
run traceroute on my local network to check icmp routes.,TRACE_ROUTE
i want to display free space on this pc,STORAGE_INFO
i want to display calculations tool,OPEN_CALCULATOR
i need to show system info now,SHOW_SYSTEM_INFO
could you timer for shutdown 30 mins please,SHUTDOWN_TIMER
could you open device manager,DRIVER_MGMT
could you check latency to external host to check internet,PING_GOOGLE
i need to track hardware utilization to monitor status,CHECK_RESOURCES
i need to kill power to workstation safe shutdown,POWER_OFF
can you tracert to server,TRACE_ROUTE
protect machine,LOCK_SCREEN
go ahead and run web browser please,OPEN_NET
vie performance statistics,CHECK_RESOURCES
could you do some math to verify system information for me,SHOW_SYSTEM_INFO
please tracert to host,TRACE_ROUTE
end process now,PROCESS_KILL
go ahead and test connectivity to google.com for latency ceck,PING_GOOGLE
i need to show ipz4 address on this system,CHECK_IP
i need to switch off windows desktop instantly,POWER_OFF
could you map connection route to github.com please,TRACE_ROUTE
could you access default browser,OPEN_NET
i want to reveal system detkils of this machine,SHOW_SYSTEM_INFO
can you start hardware specs profile now,OPEN_CALCULATOR
start commnad prompt now,OPEN_CMD
could you print task list on thil system,SHOW_TASKS
i want to stop running process now,PROCESS_KILL
i need to trace route to google.com to debug route,TRACE_ROUTE
end process immediately,PROCESS_KILL
please display resource consumption,CHECK_RESOURCES
i want to display system details now,SHOW_SYSTEM_INFO
go ahead and open command prompt quickly,OPEN_CMD
please execute teminal quickly,OPEN_CMD
please run command prompt now,OPEN_CMD
could you open terminal quickly,OPEN_CMD
i want to resolve hdmi connection,DRIVER_MGMT
monitor ram utilization please,CHECK_RESOURCES
go ahead and turn off workstation immediately,POWER_OFF
i want to who is how pc works today,NEUTRAL
i want to run calc for some math,OPEN_CALCULATOR
open the internet now,OPEN_NET
traceroute to 8.8.8.8 please,TRACE_ROUTE
go ahead and print system processes,SHOW_TASKS
could you start cmd now,OPEN_CMD
i want to get local ip of this pc,CHECK_IP
can you secure screen right away,LOCK_SCREEN
go ahead and display performance statistics on this system,CHECK_RESOURCES
can you check latency to google for latency check,PING_GOOGLE
could you can you how pc works,NEUTRAL
go ahead and force quit running process now,PROCESS_KILL
go ahead and run monitor lag for lag issues,DRIVER_MGMT
please check latency to 8.8.8.8 now,PING_GOOGLE
i want to schedule pc turn off 30 mins please,SHUTDOWN_TIMER
please display os details of this machine,SHOW_SYSTEM_INFO
go ahead and force quit process with force,PROCESS_KILL
can you execute terminal quickly,OPEN_CMD
i want to view system load please,CHECK_RESOURCES
i want to check dns records for google.com,DNS_LOOKUP
please run calculations tool to calculate numbers,OPEN_CALCULATOR
please view wifi settings please,OPEN_NETWORK_SETTINGS
close program with force,PROCESS_KILL
i need to run nslookup on github,DNS_LOOKUP
lock screen now,LOCK_SCREEN
i need to check storage info on this pc,STORAGE_INFO
i need to bring up process manager please,OPEN_TASK_MANAGER
could you whats my ram usage active,CHECK_RESOURCES
i need to open calculator to calculate numbers,OPEN_CALCULATOR
please shutdown timer for 5 minutes,POWER_OFF_TIMER
test network on google please,PING_GOOGLE
please view process manager to end tasks,OPEN_TASK_MANAGER
please shutdown timer in 15 mins please,SHUTDOWN_TIMER
open edge browser please,OPEN_NET
restart system immediately,RESTART
i need to display memory load please,CHECK_RESOURCES
can you modify slwo internet please,OPEN_NETWORK_SETTINGS
print running programs,SHOW_TASKS
i want to kill power to system now,POWER_OFF
could you power off workstation safe shutdown,POWER_OFF
go ahead and open web portal now,OPEN_NET
i need to go to the net to surf,OPEN_NET
please open default browser to surf,OPEN_NET
could you get internal ip,CHECK_IP
i need to tracreoute to a domain now,TRACE_ROUTE
can you launch cmd please,OPEN_CMD
schedule shutdown an hour,POWER_OFF_TIMER
could you view background tasks,SHOW_TASKS
end task by pid,PROCESS_KILL
i want to can you your name please,NEUTRAL
i want to get system details please,SHOW_SYSTEM_INFO
please start calculations tool,OPEN_CALCULATOR
go ahead and launch web browser,OPEN_NET
"""immediate shutdown and then start up on this pc.",RESTART
shutdown timer in after 1 hour please,SHUTDOWN_TIMER
can you close access to workstation immediately,LOCK_SCREEN
can you get task list please,SHOW_TASKS
please open web portal,OPEN_NET
please kill operations please,QUIT_PROGRAM
go ahead and set shutdown timer 45 minutes now,SHUTDOWN_TIMER
can you print active processes now,SHOW_TASKS
please exit program instantly,QUIT_PROGRAM
i want to print network ip of this pc,CHECK_IP
go ahead and close access to computer immediately,LOCK_SCREEN
go ahead and exit program now,QUIT_PROGRAM
could you set a shutdown timer 30 mins immediately,POWER_OFF_TIMER
power off pc rigt away,POWER_OFF
i need to check device manager for lag issues,DRIVER_MGMT
please turn off pc in after 1 hour immediately,POWER_OFF_TIMER
go ahead and display storage info for c drive,STORAGE_INFO
i want to shutdown timer in 15 mins now,SHUTDOWN_TIMER
i want to get storage info now,STORAGE_INFO
could you perform nslookup for a host,DNS_LOOKUP
i need to reboot pc right away,RESTART
i want to show task managec,OPEN_TASK_MANAGER
i want to tracert to server now,TRACE_ROUTE
can you sign out windows screen now,LOCK_SCREEN
i want to check latency to google.com for latency check,PING_GOOGLE
can you launch commad shell now,OPEN_CMD
please access taskmgr to end tasks,OPEN_TASK_MANAGER
i need to map connection route to 8.8.8.8,TRACE_ROUTE
i want to start display drivers to fix displays,DRIVER_MGMT
i want to power off pc now,POWER_OFF
go ahead and open edge browser to surf,OPEN_NET
i want to turn off system please,POWER_OFF
could you display ip of this pc,CHECK_IP
i need to shutdown pid taskmgr,PROCESS_KILL
i need to go to web browser to surf,OPEN_NET
i want to troubleshoot my connection speed to check connections,OPEN_NETWORK_SETTINGS
run calclator now,OPEN_CALCULATOR
can you tracert to github.com now,TRACE_ROUTE
"""initiate a quick shutdown and then startup sequence.",RESTART
i want to why is the weather today,NEUTRAL
launch process manager now,OPEN_TASK_MANAGER
reset workstation instantly,RESTART
go ahead and trace route to github.com now,TRACE_ROUTE
i want to display disk capacity now,STORAGE_INFO
go ahead and launch command prompt please,OPEN_CMD
go ahead and shut down operations please,QUIT_PROGRAM
i need to test connectivity to 8.8.8.8,PING_GOOGLE
i need to test network on external host to check internet,PING_GOOGLE
please launch command line,OPEN_CMD
turn off system safe shutdown,POWER_OFF
could you monitor hardware load active,CHECK_RESOURCES
please execute dns resolution on google,DNS_LOOKUP
please test connectivity to external host now,PING_GOOGLE
go ahead and open chrome browser now,OPEN_NET
i need to traceroute to host,TRACE_ROUTE
please start calclator,OPEN_CALCULATOR
i want to start termnial,OPEN_CMD
can you show hard drive storage please,STORAGE_INFO
i need to open calculations tool please,OPEN_CALCULATOR
can you shutdown timer in 45 minutes,SHUTDOWN_TIMER
i want to set power off in 30 mins from now,POWER_OFF_TIMER
i need to test network on google servers for latency check,PING_GOOGLE
i want to access chrome browser please,OPEN_NET
i need to view memory load to monitor status,CHECK_RESOURCES
could you cogfigure network settings please,OPEN_NETWORK_SETTINGS
i want to explain you doing,NEUTRAL
print background tasks please,SHOW_TASKS
shutdown timer in 10 minutes please,SHUTDOWN_TIMER
resolve graphics driver for lag issues,DRIVER_MGMT
do dns resolution for a host,DNS_LOOKUP
please list task list now,SHOW_TASKS
go ahead and show specs profile,SHOW_SYSTEM_INFO
go ahead and do name resolution for google.com,DNS_LOOKUP
could you track resource consumption on this system,CHECK_RESOURCES
go ahead and set power off in 15 migs,POWER_OFF_TIMER
i want to schedule shutdown an hour,POWER_OFF_TIMER
i need to display system info now,SHOW_SYSTEM_INFO
please what is local ip please,CHECK_IP
i need to reveal ip config please,CHECK_IP
go ahead and restart sytsem immediately,RESTART
go ahead and power cycle pc instantly,RESTART
go ahead and test connectivity to external host now,PING_GOOGLE
i want to launch shell prompt instantly,OPEN_CMD
please show pc specifications of this machine,SHOW_SYSTEM_INFO
"""force-restart everything at once right away.",RESTART
i need to show system resources,CHECK_RESOURCES
could you display calculations tool now,OPEN_CALCULATOR
can you explain the time today,NEUTRAL
could you kill shellsense please,QUIT_PROGRAM
auto shutdown in 10 minutes immediately,SHUTDOWN_TIMER
please send packets to google please,PING_GOOGLE
could you launch drivers for lag issues,DRIVER_MGMT
please traceroute to server please,TRACE_ROUTE
i want to show performance statistics on this system,CHECK_RESOURCES
i need to show running programs,SHOW_TASKS
do some math to verify specs profile,SHOW_SYSTEM_INFO
could you go to wifi settings please,OPEN_NETWORK_SETTINGS
i want to sign out workstation right away,LOCK_SCREEN
can you quit program instantly,QUIT_PROGRAM
restart system instantly,RESTART
i need to check latency to google servers now,PING_GOOGLE
please view performance statistics to monitor status,CHECK_RESOURCES
go ahead and tell me the news please,NEUTRAL
i need to view partition info,STORAGE_INFO
i want to access the internet to go online,OPEN_NET
can you test network on google.com pleas,PING_GOOGLE
please kill task explorer.exe,PROCESS_KILL
can you view system monitor,OPEN_TASK_MANAGER
could you kill program,PROCESS_KILL
i need to what is you doing for me,NEUTRAL
can you traceroute to github.com now,TRACE_ROUTE
can you sign out workstation immediately,LOCK_SCREEN
could you start terminal pleasf,OPEN_CMD
can you bring up task manager to kill process,OPEN_TASK_MANAGER
please reveal system info,SHOW_SYSTEM_INFO
i need to display running programs,SHOW_TASKS
i want to trace route to a domain please,TRACE_ROUTE
go ahead and view active processes please,SHOW_TASKS
i need to show hard drive storage on this pc,STORAGE_INFO
please start domain ip on google,DNS_LOOKUP
please open calculator utility for some math,OPEN_CALCULATOR
display cpu usage on this system,CHECK_RESOURCES
i want to test network on google servers for latency check,PING_GOOGLE
go ahead and power off machine immediately,POWER_OFF
can you bring up cmd quickly,OPEN_CMD
can you reveal network ip of my machine,CHECK_IP
could you perform name resolution on googel,DNS_LOOKUP
can you display cpu usage,CHECK_RESOURCES
could you quit interface now,QUIT_PROGRAM
"""tell me about the resource management activities right now.",CHECK_RESOURCES
i need to reset system now,RESTART
what is ip config now,CHECK_IP
i need to force close program please,PROCESS_KILL
could you monitor resource consumption on this system,CHECK_RESOURCES
i want to viwe task manager please,OPEN_TASK_MANAGER
view specs please,SHOW_SYSTEM_INFO
i want to ping google servers now,PING_GOOGLE
can you check hardware utilization,CHECK_RESOURCES
go ahead and protect windows screen,LOCK_SCREEN
could you reboot pc instantly,RESTART
test network on external host to check internet,PING_GOOGLE
go ahead and protect screen now,LOCK_SCREEN
go ahead and test connectivity to google now,PING_GOOGLE
i need to halt windows desktop immediately,POWER_OFF
i need to launch calclator to calculate numbers,OPEN_CALCULATOR
can you show os details of this machine,SHOW_SYSTEM_INFO
could you view network ip for me,CHECK_IP
can you stop gui panel now,QUIT_PROGRAM
please update monitor lag to fix displays,DRIVER_MGMT
i want to view os details of this machine,SHOW_SYSTEM_INFO
i want to log off session immediately,LOCK_SCREEN
track path to 8.8.8.8 to debug route,TRACE_ROUTE
i need to show taskmgr,OPEN_TASK_MANAGER
could you print task list now,SHOW_TASKS
go ahead and launch termnial now,OPEN_CMD
go ahead and turn off pc in an hour,POWER_OFF_TIMER
please run hardware drivert now,DRIVER_MGMT
could you shutown timer in 30 mins please,SHUTDOWN_TIMER
shutdown timer in 10 minutes,SHUTDOWN_TIMER
i want to restart computer please,RESTART
start command shell quickly,OPEN_CMD
could you switch off system now,POWER_OFF
i want to shutdown timer for 20 minutes from now,POWER_OFF_TIMER
i need to schedule pc turn off 5 minutes now,SHUTDOWN_TIMER
please view free space please,STORAGE_INFO
go ahead and map connection route to google.com now,TRACE_ROUTE
go ahead and check latenyc to google servers,PING_GOOGLE
shutdown timer in 15 mins immediately,SHUTDOWN_TIMER
can you kill power to computer immediately,POWER_OFF
power cycle pc instantly,RESTART
please view task list on this system,SHOW_TASKS
i need to get specs of this machine,SHOW_SYSTEM_INFO
can you go to slow internet,OPEN_NETWORK_SETTINGS
could you trace route to a domain to debug route,TRACE_ROUTE
i need to monitor performance statistics to monitor status,CHECK_RESOURCES
could you quit shellsense immediately,QUIT_PROGRAM
i need to tell me the weather please,NEUTRAL
please view free space,STORAGE_INFO
please execute command line instantly,OPEN_CMD
please open calculations tool please,OPEN_CALCULATOR
please start default browser now,OPEN_NET
please view cpu and ram info please,SHOW_SYSTEM_INFO
can you sign out windows screen,LOCK_SCREEN
could you query dns resolution for github.com,DNS_LOOKUP
go ahead and set shutdown timer 30 mins,SHUTDOWN_TIMER
i want to show cpu usage please,CHECK_RESOURCES
can you manage dik management please,STORAGE_INFO
i need to show system resources to monitor status,CHECK_RESOURCES
pleass show process manager please,OPEN_TASK_MANAGER
could you get local ip now,CHECK_IP
i want to get ram utilization,CHECK_RESOURCES
i want to reveal internal ip please,CHECK_IP
i need to list running tasks on this system,SHOW_TASKS
i want to view local ip for me,CHECK_IP
can you show adapter properties please,OPEN_NETWORK_SETTINGS
please show details of system information for me,SHOW_SYSTEM_INFO
i need to run terminal instanlty,OPEN_CMD
i want to troubleshoot display drivers for lag issues,DRIVER_MGMT
please why is about yourself please,NEUTRAL
go ahead and send packets to google please,PING_GOOGLE
display drive allocation on this pc,STORAGE_INFO
could you hat computer instantly,POWER_OFF
map connection route to host please,TRACE_ROUTE
can you trace route to host now,TRACE_ROUTE
please power cycle machine immediately,RESTART
i need to what is current ip,CHECK_IP
test connectivity to google to cdeck internet,PING_GOOGLE
please troubleshoot my connection speed to fix wifi,OPEN_NETWORK_SETTINGS
please stop shullsense now,QUIT_PROGRAM
i want to execute shell prompt please,OPEN_CMD
i need to reboot computer now,RESTART
i need to timer for shutdown an hour please,SHUTDOWN_TIMER
i want to show running programs now,SHOW_TASKS
could you traceroute to a domain now,TRACE_ROUTE
i want to auto shutdown in after 1 hour,SHUTDOWN_TIMER
could you open taskmgr to end tasks,OPEN_TASK_MANAGER
log off machine please,LOCK_SCREEN
open up task manager and take a look at what's going on here.,OPEN_TASK_MANAGER
i need to quit interface now,QUIT_PROGRAM
could you end app please,PROCESS_KILL
go ahead and view local ip now,CHECK_IP
i need to what is internal ip please,CHECK_IP
switch off machine now,POWER_OFF
go ahead and monitor hard drive storage for c drive,STORAGE_INFO
could you view task lits,SHOW_TASKS
could you get internal ip please,CHECK_IP
could you print background tasks now,SHOW_TASKS
could you get ip,CHECK_IP
i need to show resource consumption please,CHECK_RESOURCES
can you view running tasks,SHOW_TASKS
i want to display calc,OPEN_CALCULATOR
can you test connectivity to external host to check internet,PING_GOOGLE
i want to check latency to google servers to check internet,PING_GOOGLE
go ahead and auto shutdown in an hour now,SHUTDOWN_TIMER
could you shutdown system rgiht away,POWER_OFF
go ahead and restart workstation right away,RESTART
can you launch commnad prompt please,OPEN_CMD
please display mat app quickly,OPEN_CALCULATOR
could you start the internet to go online,OPEN_NET
"got this trigonometry equation, can you show me your solution?",OPEN_CALCULATOR
please run drivers,DRIVER_MGMT
i need to halt workstation please,POWER_OFF
can you can you universe right now,NEUTRAL
"""i need to set up an automatic shutdown in 1 minute and 30 seconds. how do i do it right now?",POWER_OFF_TIMER
shutdown timer in 45 minutes immediately,SHUTDOWN_TIMER
i want to foice quit frozen app immediately,PROCESS_KILL
i need to bring up calcuator for some math,OPEN_CALCULATOR
go ahead and view task manager to kill process,OPEN_TASK_MANAGER
could you protect pc immediately,LOCK_SCREEN
what is the meaning of coffee please,NEUTRAL
run device manager now,DRIVER_MGMT
i need to reboot syste please,RESTART
please view active applications list,OPEN_TASK_MANAGER
show running tasks,SHOW_TASKS
please shutdown timer in 10 minutes now,SHUTDOWN_TIMER
go ahead and view system info of this machine,SHOW_SYSTEM_INFO
show math app for some math,OPEN_CALCULATOR
could you halt workstation safe shutdown,POWER_OFF
please secure machine immediately,LOCK_SCREEN
list free and used storage on all disks.,STORAGE_INFO
can you print cpu and ram info please,SHOW_SYSTEM_INFO
go ahead and reboot pc right away,RESTART
can you exit gui panel please,QUIT_PROGRAM
could you print running tasks on this system,SHOW_TASKS
please start default browser to surf,OPEN_NET
please display internal ip of my machine,CHECK_IP
i want to schedule pc turn off after 1 hour please,SHUTDOWN_TIMER
please show background tasks on this sysetm,SHOW_TASKS
go ahead and execute domain ip for github.com,DNS_LOOKUP
hi your name,NEUTRAL
go ahead and check latency to 8.8.8.8 to check internet,PING_GOOGLE
i want to set power off in 30 mins please,POWER_OFF_TIMER
i want to open default browser to go online,OPEN_NET
can you go to default browser now,OPEN_NET
can you display current ip on this system,CHECK_IP
please bring up active applications list,OPEN_TASK_MANAGER
could you check disk management,STORAGE_INFO
i want to print system info of this machine,SHOW_SYSTEM_INFO
please set a shutdown timer 5 minutes please,POWER_OFF_TIMER
could you get task list on this system,SHOW_TASKS
go ahead and access task manager to kill process,OPEN_TASK_MANAGER
i need to get system resources please,CHECK_RESOURCES
i want to open active applications list,OPEN_TASK_MANAGER
please display task list on this system,SHOW_TASKS
go ahead and manage disk capacity for c drive,STORAGE_INFO
i awnt to why is with homework please,NEUTRAL
can you how pc works please,NEUTRAL
could you launch taskmgr to end tasks,OPEN_TASK_MANAGER
could you sign out workstation please,LOCK_SCREEN
can you start process manager to kill process,OPEN_TASK_MANAGER
i want to reboot workstation right aawy,RESTART
can you run math app for some math,OPEN_CALCULATOR
i want to kill power to system right away,POWER_OFF
i need to tracert to github.com please,TRACE_ROUTE
can you show disk spac,STORAGE_INFO
coudl you check latency to 8.8.8.8 for latency check,PING_GOOGLE
i need to why is the time right now,NEUTRAL
please tracert to server please,TRACE_ROUTE
could you query name resolution for a website,DNS_LOOKUP
bring up terminal now,OPEN_CMD
i need to show hardware load please,CHECK_RESOURCES
can you explain 2 + 2 right now,NEUTRAL
i need to open the net now,OPEN_NET
can you quit operations,QUIT_PROGRAM
can you protect screen right away,LOCK_SCREEN
pleabe launch commnad prompt quickly,OPEN_CMD
go ahead and hi universe right now,NEUTRAL
please print background tasks please,SHOW_TASKS
please quit operations instantly,QUIT_PROGRAM
go ahead and bring up calclator for some math,OPEN_CALCULATOR
go ahead and stop interface instantly,QUIT_PROGRAM
go ahead and launch math app for some math,OPEN_CALCULATOR
please set power off in 15 mins from now,POWER_OFF_TIMER
go ahead and print hardware specs profile now,SHOW_SYSTEM_INFO
please run cmd instantly,OPEN_CMD
could you protect workstation please,LOCK_SCREEN
could you hello your name,NEUTRAL
please show running rpograms please,SHOW_TASKS
i need to stop shellsense instantly,QUIT_PROGRAM
can you list task list,SHOW_TASKS
go ahead and open hardware drivers now,DRIVER_MGMT
please who is universe for me,NEUTRAL
restart system now,RESTART
please bring up command line,OPEN_CMD
can you launch the net to go online,OPEN_NET
termintae process now,PROCESS_KILL
access system monitor,OPEN_TASK_MANAGER
go ahead and check latency to google.com to chcek internet,PING_GOOGLE
troubleshoot my wifi panel to fix wifi,OPEN_NETWORK_SETTINGS
plese hello you doing right now,NEUTRAL
please go to edge browser to surf,OPEN_NET
please close application chrome,PROCESS_KILL
please rest computer immediately,RESTART
terminate pid with force,PROCESS_KILL
i need to schedule pc turn off 10 minutes,SHUTDOWN_TIMER
go ahead and start calclator now,OPEN_CALCULATOR
could you query nslookup for a website,DNS_LOOKUP
show taskmgr now,OPEN_TASK_MANAGER
shtdown workstation right away,POWER_OFF
access web browser to surf,OPEN_NET
please terminate process please,PROCESS_KILL
i need to send packets to google.com for latency check,PING_GOOGLE
stop app by pid,PROCESS_KILL
start cmd now,OPEN_CMD
how can i find out if there's a local ip currently set up by this device?,CHECK_IP
go ahead and stop program immediately,QUIT_PROGRAM
go ahead and vew active processes now,SHOW_TASKS
go ahead and update hdmi connection,DRIVER_MGMT
timer for shutdown 45 minutes immediately,SHUTDOWN_TIMER
can you show calc please,OPEN_CALCULATOR
please do dns records for google.com,DNS_LOOKUP
could you reset pc now,RESTART
could you reboot pc immediately,RESTART
i need to quit the application immediately,QUIT_PROGRAM
i want to open calculator,OPEN_CALCULATOR
rsetart system please,RESTART
i want to terminate applilation please,PROCESS_KILL
i want to launch web portal to surf,OPEN_NET
go ahead and display ysstem details now,SHOW_SYSTEM_INFO
check cpu temperature active,CHECK_RESOURCES
i need to get running programs please,SHOW_TASKS
can you schedule shutdown after 1 hour please,POWER_OFF_TIMER
pleae trace route to google.com,TRACE_ROUTE
go ahead and do nslookup on 8.8.8.8,DNS_LOOKUP
can you show me how to open the shared printer settings?,OPEN_NETWORK_SETTINGS
i want to turn off pc in 5 minutes from now,POWER_OFF_TIMER
please track hardware utilization please,CHECK_RESOURCES
open cmd now,OPEN_CMD
i want to whats local ip,CHECK_IP
i want to launch default browser to surf,OPEN_NET
test connectivity to google.com now,PING_GOOGLE
query domain ip on 8.8.8.8,DNS_LOOKUP
please tracert to google.com please,TRACE_ROUTE
go ahead and perform dns info for github.com,DNS_LOOKUP
go ahead and monitor memory load please,CHECK_RESOURCES
"""force-restart the whole system as quickly as possible.",RESTART
go ahead and view hard drive capacity left,STORAGE_INFO
can you access task manager please,OPEN_TASK_MANAGER
i ned to shutdown timer for 20 minutes from now,POWER_OFF_TIMER
i need to show running tasks please,SHOW_TASKS
i need to print ip,CHECK_IP
please test network on external host,PING_GOOGLE
could you est connectivity to 8.8.8.8 for latency check,PING_GOOGLE
schedule shutdown 5 minutes immediately,POWER_OFF_TIMER
go ahead and shutdown timer in 10 minutes,SHUTDOWN_TIMER
can you timer for shutdown 5 minutes please,SHUTDOWN_TIMER
could you power cycle machine right away,RESTART
could you force close process now,PROCESS_KILL
go ahekd and view network connections,OPEN_NETWORK_SETTINGS
please what is network ip of this pc,CHECK_IP
could you check drive allocation please,STORAGE_INFO
can you explain how pc works right now,NEUTRAL
can you view ram utilization to monitor status,CHECK_RESOURCES
can you ping external host now,PING_GOOGLE
could you restart workstation instantly,RESTART
can you can you the time for me,NEUTRAL
could you print ip for me,CHECK_IP
i need to sign out session right away,LOCK_SCREEN
can you secure machine,LOCK_SCREEN
i want to auto shutdown in 10 minutes immediately,SHUTDOWN_TIMER
i want to run peripheral devices please,DRIVER_MGMT
can you terminate task with force,PROCESS_KILL
i want to view system resources on this system,CHECK_RESOURCES
please can you life today,NEUTRAL
i want to stop running process with force,PROCESS_KILL
i need to reset computer please,RESTART
can you halt machine instantly,POWER_OFF
can you what is the meaning of 2 + 2 today,NEUTRAL
could you display calcuator please,OPEN_CALCULATOR
please force quit task please,PROCESS_KILL
i want to timer for shutdown 30 mins please,SHUTDOWN_TIMER
i need to trace route to google.com now,TRACE_ROUTE
i want to close acces to screen now,LOCK_SCREEN
can you restart workstation now,RESTART
kill power to pc right away,POWER_OFF
could you auto shutdown in after 1 hour,SHUTDOWN_TIMER
i want to check latency to external host please,PING_GOOGLE
can you manage storage info on this pc,STORAGE_INFO
set a shutdown timer 10 minutes from now,POWER_OFF_TIMER
i need to view task manager,OPEN_TASK_MANAGER
terminate task chrome,PROCESS_KILL
run cmd quickly,OPEN_CMD
please check latency to google to check internet,PING_GOOGLE
i want to find ip address now,CHECK_IP
please check atency to external host,PING_GOOGLE
please launch monitor lag for lag issues,DRIVER_MGMT
please send packets to google now,PING_GOOGLE
please test network on 8.8.8.8 now,PING_GOOGLE
view hardware utilization,CHECK_RESOURCES
could you check dns info for google.com,DNS_LOOKUP
ping google servers now,PING_GOOGLE
could you exit shellsense,QUIT_PROGRAM
i need to restart computer instantly,RESTART
what is universe please,NEUTRAL
could you view storage infh now,STORAGE_INFO
check name resolution for a website,DNS_LOOKUP
log off computer now,LOCK_SCREEN
could you strt cmd please,OPEN_CMD
i want to open chrome browser please,OPEN_NET
go ahead and track ram utilization on this system,CHECK_RESOURCES
can you track path to google.com to debug route,TRACE_ROUTE
i want to switch off workstation safe shutdown,POWER_OFF
i need to bring up taskmgr please,OPEN_TASK_MANAGER
i need to test connectivity to google to check internet,PING_GOOGLE
go ahead and what is network ip now,CHECK_IP
could you reboot machine please,RESTART
i want to hello your name today,NEUTRAL
i need to launch task manager now,OPEN_TASK_MANAGER
i need to shut down program please,QUIT_PROGRAM
go ahead and check ipv4 address now,CHECK_IP
i need to access web portal,OPEN_NET
could you open display drivers now,DRIVER_MGMT
could you set shutdown timer 20 minutes immediately,SHUTDOWN_TIMER
please stop frozen app with force,PROCESS_KILL
go ahead and open cli console instantly,OPEN_CMD
go ahead and show ip address,CHECK_IP
can you traceroute to github.com,TRACE_ROUTE
i want to auto shutdown in 5 minutes please,SHUTDOWN_TIMER
can you launch hardware drivers to fix displays,DRIVER_MGMT
please start shell prompt quickly,OPEN_CMD
reset workstation now,RESTART
please close access to pc please,LOCK_SCREEN
please set shutdown timer 45 minutes immediately,SHUTDOWN_TIMER
i want to close access to session right away,LOCK_SCREEN
go ahead and execute commnad prompt instantly,OPEN_CMD
i need to open command line please,OPEN_CMD
go ahead and power cycle workstation right away,RESTART
i want to test network on google for latency check,PING_GOOGLE
i ned to open hdmi driver now,DRIVER_MGMT
how do i make how pc works right now,NEUTRAL
turn off computer instantly,POWER_OFF
go ahead and open claculator for some math,OPEN_CALCULATOR
access taskmgr please,OPEN_TASK_MANAGER
i need to check nslookup for a website,DNS_LOOKUP
go ahead and kill power to windows desktop right away,POWER_OFF
please kill power to workstation instantly,POWER_OFF
"""wanting to see how well my internet works: pinging google first.",PING_GOOGLE
find my way to microsoft's data center from my location.,TRACE_ROUTE
i need to ping external host please,PING_GOOGLE
please open claculator now,OPEN_CALCULATOR
please reset pc now,RESTART
i need to show slow network to fix wifi,OPEN_NETWORK_SETTINGS
could you exit the applicaiton,QUIT_PROGRAM
go ahead and modify adapter properties,OPEN_NETWORK_SETTINGS
i need to halt workstation right away,POWER_OFF
i need to trace route to github.com now,TRACE_ROUTE
i want to manage peripheral devices to fix displays,DRIVER_MGMT
please monitor ystem resources on this system,CHECK_RESOURCES
i need to display specs profile please,SHOW_SYSTEM_INFO
go ahead and fix my wifi settings now,OPEN_NETWORK_SETTINGS
i need to check memory load on this system,CHECK_RESOURCES
i want to verify system information please,SHOW_SYSTEM_INFO
please set power off in 45 minutes please,POWER_OFF_TIMER
i need to tracert to 8.8.8.8 to debug route,TRACE_ROUTE
could you manage free space for c drive,STORAGE_INFO
please test connectivity to 8.8.8.8 for latency check,PING_GOOGLE
please shutdown computer right away,POWER_OFF
go ahead and show background tasks please,SHOW_TASKS
can you view taskmgr please,OPEN_TASK_MANAGER
time to solve this equation – show me the calculator!,OPEN_CALCULATOR
i want to go to adapter properties to fix wifi,OPEN_NETWORK_SETTINGS
i need to is my hardware load load,CHECK_RESOURCES
close access to pc right away,LOCK_SCREEN
i want to view system load on this system,CHECK_RESOURCES
can you show me about hardware details now,SHOW_SYSTEM_INFO
i need to display claculator quickly,OPEN_CALCULATOR
i need to check system load on this system,CHECK_RESOURCES
i want to shutdown timer in 10 minutes,SHUTDOWN_TIMER
run chrome browser please,OPEN_NET
can you open shell prompt instantly,OPEN_CMD
could you view internal ip of this pc,CHECK_IP
please get disk space please,STORAGE_INFO
i need to schedule shutdown 5 minutes from now,POWER_OFF_TIMER
please auto shutdown in 20 minutes please,SHUTDOWN_TIMER
pleas start dns records on google,DNS_LOOKUP
go ahead and show running programs,SHOW_TASKS
go ahead and tell me about my pc specs now,SHOW_SYSTEM_INFO
go ahead and ping 8.8.8.8 now,PING_GOOGLE
go ahead and access taskmgr please,OPEN_TASK_MANAGER
go ahead and power cycle system instantly,RESTART
please turn off workstation sfe shutdown,POWER_OFF
could you open web portal now,OPEN_NET
i need to manage connection speed to check connections,OPEN_NETWORK_SETTINGS
could you track path to github.com now,TRACE_ROUTE
could you show storage info now,STORAGE_INFO
what is the meaning of coffee today,NEUTRAL
go ahead and start calcuator please,OPEN_CALCULATOR
go ahead and shutdown timer in 30 mins please,SHUTDOWN_TIMER
set a shutdown timer 15 mins from now,POWER_OFF_TIMER
i want to exit shellsense instantly,QUIT_PROGRAM
i want to show network ip of my machine,CHECK_IP
could you ping google.com for latency check,PING_GOOGLE
"could you help me locate my local area connection settings on this pc, please?",OPEN_NETWORK_SETTINGS
go ahead and do nslookup for a host,DNS_LOOKUP
i want to trace route to 8.8.8.8 to debug route,TRACE_ROUTE
please show hard drive storage please,STORAGE_INFO
could you start cli console please,OPEN_CMD
please show specs profile for me,SHOW_SYSTEM_INFO
please launc command line quickly,OPEN_CMD
please reveal specs of this machine,SHOW_SYSTEM_INFO
could you exit interface instantly,QUIT_PROGRAM
please track path to hots please,TRACE_ROUTE
i need to hi universe please,NEUTRAL
i need to set shutdon timer 20 minutes please,SHUTDOWN_TIMER
i need to force quit application immediately,PROCESS_KILL
could you send packets to external host,PING_GOOGLE
please verify cpu and ram info for me,SHOW_SYSTEM_INFO
please show calculator utility,OPEN_CALCULATOR
show calculator now,OPEN_CALCULATOR
could you reboot workstation instantly,RESTART
i want to open web browser to surf,OPEN_NET
please shutdown timer for 45 minutes from now,POWER_OFF_TIMER
force close running process by pid,PROCESS_KILL
traceroute to google.com to debug route,TRACE_ROUTE
go ahead and monitor ram usage load,CHECK_RESOURCES
go ahead and access the internet please,OPEN_NET
could you kill power to workstation immediately,POWER_OFF
i want to start claculator quickly,OPEN_CALCULATOR
close access to session immediately,LOCK_SCREEN
launch task manager now,OPEN_TASK_MANAGER
i want to quit the application now,QUIT_PROGRAM
i want to open command shell,OPEN_CMD
execute calculator utility for some math,OPEN_CALCULATOR
i want to trace route to a domain,TRACE_ROUTE
go ahead and who is 2 + 2 right now,NEUTRAL
i need to view active applications list to end tasks,OPEN_TASK_MANAGER
go ahead and check peripheral devices,DRIVER_MGMT
can you open edge browser now,OPEN_NET
display local ip of this pc,CHECK_IP
can you access network connections,OPEN_NETWORK_SETTINGS
can you troubleshoot display drivers for lag issues,DRIVER_MGMT
list system processes please,SHOW_TASKS
go ahead and what is 2 + 2,NEUTRAL
please close access to workstation now,LOCK_SCREEN
i need to power off computer please,POWER_OFF
please manage partition info please,STORAGE_INFO
could you auto shutdown in 20 minutes immediately,SHUTDOWN_TIMER
what is the meaning of about yourself today,NEUTRAL
could you map connection route to server to debug route,TRACE_ROUTE
could you stop program immediately,PROCESS_KILL
can you do name resolution for google.com,DNS_LOOKUP
can you show system load,CHECK_RESOURCES
can you start edge browser,OPEN_NET
can you ping google servers please,PING_GOOGLE
go ahead and start taskmgr,OPEN_TASK_MANAGER
could you manage graphis driver please,DRIVER_MGMT
please tracert to github.com to debug route,TRACE_ROUTE
can you show task list please,SHOW_TASKS
stop task please,PROCESS_KILL
i need to auto shutdown in an hour please,SHUTDOWN_TIMER
please bring up system monitor to kill process,OPEN_TASK_MANAGER
show hardware load active,CHECK_RESOURCES
could you power cycle machine please,RESTART
could you trace route to a domain now,TRACE_ROUTE
can you halt pc safe shutdown,POWER_OFF
go ahead and open teminal,OPEN_CMD
i need to close shellsense immediately,QUIT_PROGRAM
could you send packets to external host please,PING_GOOGLE
i want to set a shutdown timer an hour immediately,POWER_OFF_TIMER
i want to what is the meaning of life right now,NEUTRAL
list running porgrams please,SHOW_TASKS
i want to bring up calc now,OPEN_CALCULATOR
could you restait system now,RESTART
could you open edge browser,OPEN_NET
turn off pc in 20 minutes,POWER_OFF_TIMER
i want to execute calc,OPEN_CALCULATOR
i want to track cpu usage please,CHECK_RESOURCES
i want to test connectivity to google servers,PING_GOOGLE
i need to shut down interface please,QUIT_PROGRAM
go ahead and reset machine immediately,RESTART
can you what is internal ip of this pc,CHECK_IP
view system info now,SHOW_SYSTEM_INFO
i need to halt pc right away,POWER_OFF
can you set shutdown timer 20 minutes,SHUTDOWN_TIMER
go ahead and check peripheral devices to fix displays,DRIVER_MGMT
go ahead and whats local ip please,CHECK_IP
check network ip for me,CHECK_IP
could you fix my slow network to fix wifi,OPEN_NETWORK_SETTINGS
open the internet,OPEN_NET
i want to update device manager to fix displays,DRIVER_MGMT
please shutdown pc instantly,POWER_OFF
go ahead and run name resolution for a website,DNS_LOOKUP
can you open edge browser to surf,OPEN_NET
i want to check current ip of this pc,CHECK_IP
can you fix my monitor lag now,DRIVER_MGMT
go to default browser now,OPEN_NET
could you turn off pc in 5 minutes immediately,POWER_OFF_TIMER
please bring up cli console now,OPEN_CMD
could you show internet settings please,OPEN_NETWORK_SETTINGS
go ahead and set a shutdown timer 45 minutes from now,POWER_OFF_TIMER
shutdown delayed by 24 hours.,POWER_OFF_TIMER
go ahead and do some math to verify cpu and ram info for me,SHOW_SYSTEM_INFO
please force close process by pid,PROCESS_KILL
i need to what is ip of my machine,CHECK_IP
can you execute cmd please,OPEN_CMD
view performance statistics please,CHECK_RESOURCES
i want to lock pc immediately,LOCK_SCREEN
i need to run edge browser,OPEN_NET
i need to show memory load on this system,CHECK_RESOURCES
go ahead and access web portal,OPEN_NET
i need to check local ip of my amchine,CHECK_IP
i want to run calculator now,OPEN_CALCULATOR
i want to traceroute to a domain,TRACE_ROUTE
i need to open process manager now,OPEN_TASK_MANAGER
could you open graphics driver for lag issues,DRIVER_MGMT
can you monitor storage details for c drive,STORAGE_INFO
please what is the meaning of a joke today,NEUTRAL
vfew process manager now,OPEN_TASK_MANAGER
i need to tracert to a domain please,TRACE_ROUTE
could you run default browser pcease,OPEN_NET
i need to start chrome browser now,OPEN_NET
i need to show running programs on this system,SHOW_TASKS
can you start calculations tool for some math,OPEN_CALCULATOR
go ahead and auto shutdown in 20 minutes,SHUTDOWN_TIMER
culd you execute calc please,OPEN_CALCULATOR
test network on google servers now,PING_GOOGLE
i need to configure connection speed to cehck connections,OPEN_NETWORK_SETTINGS
go ahead and traceroute to server,TRACE_ROUTE
secure screen immediatly,LOCK_SCREEN
go ahead and view disk management,STORAGE_INFO
lock screen right away,LOCK_SCREEN
i want to display running tasks,SHOW_TASKS
please track path to github.com please,TRACE_ROUTE
go ahead and bring up taskmgr to end tasks,OPEN_TASK_MANAGER
i want to auto shutdown in 20 minutes please,SHUTDOWN_TIMER
please execute shell prompt now,OPEN_CMD
can you check device anager for lag issues,DRIVER_MGMT
i need to upwate hdmi connection please,DRIVER_MGMT
i need to turn off pc in 10 minutes,POWER_OFF_TIMER
i need to start hdmi lag for lag issues,DRIVER_MGMT
i need to display cpu temperature please,CHECK_RESOURCES
how can i access my network settings without typing each setting?,OPEN_NETWORK_SETTINGS
ping 8.8.8.8 please,PING_GOOGLE
could you ping google servers to check internet,PING_GOOGLE
go ahead and track system load,CHECK_RESOURCES
go ahead and execute command shell please,OPEN_CMD
go ahed and access task manager now,OPEN_TASK_MANAGER
can you shutdown timer for 15 mins,POWER_OFF_TIMER
could you run commnad prompt instantly,OPEN_CMD
"""about time for a short trip? don't forget to power everything down when i get back from my errand.",POWER_OFF
i need to traceroute to 8.8.8.8 please,TRACE_ROUTE
could you start web browser to go online,OPEN_NET
can you timer for shutdown 10 minutes now,SHUTDOWN_TIMER
could you show ipv4 address now,CHECK_IP
go aheid and view ip for me,CHECK_IP
i want to trace route to github.com now,TRACE_ROUTE
go ahead and view running programs now,SHOW_TASKS
please shut down operations now,QUIT_PROGRAM
sign out windows screen for safety,LOCK_SCREEN
could you close shellsense,QUIT_PROGRAM
start web browser now,OPEN_NET
could you view hardware details now,SHOW_SYSTEM_INFO
go ahead and close access to session immediately,LOCK_SCREEN
can you launch command prompt please,OPEN_CMD
please ping 8.8.8.8 please,PING_GOOGLE
i want to open cmd,OPEN_CMD
go ahead and hsow os details please,SHOW_SYSTEM_INFO
send packets to 8.8.8.8 now,PING_GOOGLE
check ip address for me,CHECK_IP
reveal specs now,SHOW_SYSTEM_INFO
i want to secure computer immediately,LOCK_SCREEN
go ahead and start calc quickly,OPEN_CALCULATOR
please run hdmi driver,DRIVER_MGMT
i want to start the internet to go online,OPEN_NET
go haead and show background tasks now,SHOW_TASKS
go to web browser to go online,OPEN_NET
can you go to web browser now,OPEN_NET
i need to schedule pc turn off after 1 hour,SHUTDOWN_TIMER
i want to track resource consumption please,CHECK_RESOURCES
i need to manage graphics driver now,DRIVER_MGMT
could you hi a joke,NEUTRAL
please show memory load to monitor status,CHECK_RESOURCES
perform dns info for a website,DNS_LOOKUP
go ahead and bring up termnial please,OPEN_CMD
i want to terminate application by pid,PROCESS_KILL
i need to exit the application instantly,QUIT_PROGRAM
go ahead and open cmd please,OPEN_CMD
set shutdown timer 30 mins,SHUTDOWN_TIMER
please view disk capacity please,STORAGE_INFO
i want to protect worksgation right away,LOCK_SCREEN
could you print ipv4 address for me,CHECK_IP
i want to tell me about system info of this machine,SHOW_SYSTEM_INFO
i need to check latency to google please,PING_GOOGLE
i need to display performance statistics to monitor status,CHECK_RESOURCES
please what is ip on this system,CHECK_IP
can you show sharing center please,OPEN_NETWORK_SETTINGS
i need to restrat computer please,RESTART
can you erveal specs of this machine,SHOW_SYSTEM_INFO
can you map connection route to a domain now,TRACE_ROUTE
i want to log off session please,LOCK_SCREEN
please start cmd please,OPEN_CMD
could you turn off system please,POWER_OFF
could you check memory load on this system,CHECK_RESOURCES
switch off windows desktop safe shutdown,POWER_OFF
i need to check name resolution for github.com,DNS_LOOKUP
log off windows screen,LOCK_SCREEN
i want to execute teminal,OPEN_CMD
i want to check resouce consumption,CHECK_RESOURCES
please show ram utilization to monitor status,CHECK_RESOURCES
go ahead and who is with homework please,NEUTRAL
i want to open calclator now,OPEN_CALCULATOR
go ahead and exit gui panel instantly,QUIT_PROGRAM
can you display ipvo address on this system,CHECK_IP
switch off system safe shutdown,POWER_OFF
could you schedule pc turn off 5 minutes immediately,SHUTDOWN_TIMER
tun off pc in 20 minutes from now,POWER_OFF_TIMER
please get cpu and ram info,SHOW_SYSTEM_INFO
go to wifi panel to fix wifi,OPEN_NETWORK_SETTINGS
i need to lock workstation,LOCK_SCREEN
could you view ip config of this pc,CHECK_IP
can you set a shutdown timer 30 mins,POWER_OFF_TIMER
please execute calculations tool for some math,OPEN_CALCULATOR
i need to shutdown pc right away,POWER_OFF
could you shutdown computer now,POWER_OFF
can you how are the news please,NEUTRAL
go ahead and show drive allocation now,STORAGE_INFO
i need to shut down the application immediately,QUIT_PROGRAM
shutdown computer please,POWER_OFF
launch teminal please,OPEN_CMD
please schedule pc turn off 30 mins,SHUTDOWN_TIMER
open up the calculator utility right away!,OPEN_CALCULATOR
can you display disk management now,STORAGE_INFO
launch drivers,DRIVER_MGMT
go ahead and schedule pc turn off 30 mins immediately,SHUTDOWN_TIMER
i need to check ram utilization on this system,CHECK_RESOURCES
launch claculator to calculate numbers,OPEN_CALCULATOR
turn off pc in an hour from now,POWER_OFF_TIMER
go ahead and go to internet settings,OPEN_NETWORK_SETTINGS
force close app immediately,PROCESS_KILL
could you stob shellsense please,QUIT_PROGRAM
can you fix my adapter properties to fix wifi,OPEN_NETWORK_SETTINGS
i want to reboot computer instantly,RESTART
start taskmgr now,OPEN_TASK_MANAGER
could you how do i make the news,NEUTRAL
reboot computer right away,RESTART
go ahead and display calclator for some math,OPEN_CALCULATOR
exit program,QUIT_PROGRAM
please reset amchine please,RESTART
please what is how pc works please,NEUTRAL
could you restart workstation now,RESTART
i want to execute calculations tool now,OPEN_CALCULATOR
please protect screen please,LOCK_SCREEN
could you display resource consumption to monitor status,CHECK_RESOURCES
i need to access the net now,OPEN_NET
i want to track performance statistics to monitor status,CHECK_RESOURCES
display disk capacity now,STORAGE_INFO
i need to how are your name please,NEUTRAL
i need to set shutdown timer 30 mins immediately,SHUTDOWN_TIMER
i want to stop interface please,QUIT_PROGRAM
go ahead and view partition info on this pc,STORAGE_INFO
please start edge browser,OPEN_NET
show hardware utilization to monitor status,CHECK_RESOURCES
execute dns records for a host,DNS_LOOKUP
please bring up task manager now,OPEN_TASK_MANAGER
stop the computer after 4 hours.,POWER_OFF_TIMER
view network setings to check connections,OPEN_NETWORK_SETTINGS
manage wifi settings,OPEN_NETWORK_SETTINGS
i need to who is universe,NEUTRAL
can you lock computer please,LOCK_SCREEN
can you go to connection speed,OPEN_NETWORK_SETTINGS
go ahead and send packets to 8.8.8.8 now,PING_GOOGLE
can you open teminal instantly,OPEN_CMD
go ahead and do nslookup for a website,DNS_LOOKUP
please kill operations now,QUIT_PROGRAM
please traceroute to github.com please,TRACE_ROUTE
launch claculator for some math,OPEN_CALCULATOR
i want to run math app quickly,OPEN_CALCULATOR
i need to traceroute to host now,TRACE_ROUTE
could you view adapter properties please,OPEN_NETWORK_SETTINGS
i want to map connection route to google.com to debug route,TRACE_ROUTE
sign out workstation immediately,LOCK_SCREEN
please launch process manager,OPEN_TASK_MANAGER
launch commnad prompt,OPEN_CMD
go ahead and set shutdown timer an hour please,SHUTDOWN_TIMER
i wnt to show ip config of my machine,CHECK_IP
can you timer for shutdown 5 minutes,SHUTDOWN_TIMER
go ahead and lock workstation immediately,LOCK_SCREEN
please start task manager to end tasks,OPEN_TASK_MANAGER
can you check disk capacity on this pc,STORAGE_INFO
can you start name resolution on 8.8.8.8,DNS_LOOKUP
i want to shutdown timer in 10 minutes now,SHUTDOWN_TIMER
i want to check latency to google.com please,PING_GOOGLE
please schedule pc turn off after 1 hour now,SHUTDOWN_TIMER
can you quit shellsense now,QUIT_PROGRAM
kill running process please,PROCESS_KILL
could you check disk space,STORAGE_INFO
i want to how do i make the time please,NEUTRAL
i need to send packets to google servers to check internet,PING_GOOGLE
i want to show task manager now,OPEN_TASK_MANAGER
can you schedule pc turn off 30 mins please,SHUTDOWN_TIMER
could you get resource consumption,CHECK_RESOURCES
go ahead and fix my hdmi lag issues,DRIVER_MGMT
go ahead and show system details please,SHOW_SYSTEM_INFO
track system load please,CHECK_RESOURCES
can you close pid with force,PROCESS_KILL
can you check disk management please,STORAGE_INFO
i need to open commnad prompt,OPEN_CMD
i need to log off pc right away,LOCK_SCREEN
manage network settings to fix wifi,OPEN_NETWORK_SETTINGS
i want to protect session please,LOCK_SCREEN
go ahead and check storage details on this pc,STORAGE_INFO
please launch default browser to go online,OPEN_NET
i want to bring up calcuator for some math,OPEN_CALCULATOR
i need to tell me universe right now,NEUTRAL
could you stop interface,QUIT_PROGRAM
please log off windows screen please,LOCK_SCREEN
could you open cli console,OPEN_CMD
go ahead and open teminal instantly,OPEN_CMD
could you set shutdown timer an hour immediately,SHUTDOWN_TIMER
i need to view ip address for me,CHECK_IP
go ahead and check name resolution for a website,DNS_LOOKUP
i want to close access to workstation for safety,LOCK_SCREEN
i need to run web browser,OPEN_NET
i need to view hardware utilization to monitor status,CHECK_RESOURCES
i want to get network ip now,CHECK_IP
could you kill operations,QUIT_PROGRAM
i need to clsoe access to machine for safety,LOCK_SCREEN
show ip for me,CHECK_IP
please close access to computer for safety,LOCK_SCREEN
please view system monitor to kill process,OPEN_TASK_MANAGER
can you manage storage details for c drive,STORAGE_INFO
traceroute to a domain please,TRACE_ROUTE
please execute nslookup for a website,DNS_LOOKUP
i want to view task list now,SHOW_TASKS
launch the net to surf,OPEN_NET
could you stop gui panel immediately,QUIT_PROGRAM
i want to fix my sharing center now,OPEN_NETWORK_SETTINGS
please schedule shutdown 30 mins from now,POWER_OFF_TIMER
i need to schedule shutdown 45 minutes please,POWER_OFF_TIMER
go ahead and how are the news right now,NEUTRAL
i want to quit shellsense,QUIT_PROGRAM
could you show claculator for some maah,OPEN_CALCULATOR
plase check name resolution for a host,DNS_LOOKUP
hsow slow network,OPEN_NETWORK_SETTINGS
start calculator utility quickly,OPEN_CALCULATOR
please auto shutdown in 20 minutes now,SHUTDOWN_TIMER
go ahead and show background tasks pelase,SHOW_TASKS
go ahead and start process manager to kill process,OPEN_TASK_MANAGER
start hdmi lag issues now,DRIVER_MGMT
go ahead and auto shutdown in 15 mins now,SHUTDOWN_TIMER
exit operations,QUIT_PROGRAM
configure conection speed now,OPEN_NETWORK_SETTINGS
can you open active applications lits,OPEN_TASK_MANAGER
could you open hardware drivers to fix displays,DRIVER_MGMT
please shutdown machine immediately,POWER_OFF
manage drivers please,DRIVER_MGMT
i need to what is current ip on this system,CHECK_IP
i need to auto shutdown in after 1 hocr immediately,SHUTDOWN_TIMER
display system processes,SHOW_TASKS
i need to shutdown windows desktop safe shutdown,POWER_OFF
launch web portal to surf,OPEN_NET
i need to switch off pc safe shutdown,POWER_OFF
go ahead and secure workstation please,LOCK_SCREEN
i want to print os details of this machine,SHOW_SYSTEM_INFO
"""open my command prompt.",OPEN_CMD
could you check latency to gogole servers to check internet,PING_GOOGLE
please secure workstation for safety,LOCK_SCREEN
go ahead and monitor disk management please,STORAGE_INFO
can you open command shell please,OPEN_CMD
i want to lock windows screen for safety,LOCK_SCREEN
go ahead and run display drivers for lag issues,DRIVER_MGMT
can you test connectivity to google for latency check,PING_GOOGLE
go ahead and shutdown computer right away,POWER_OFF
could you open default browser to surf,OPEN_NET
could you launch taskmgr,OPEN_TASK_MANAGER
could you quit gui panel please,QUIT_PROGRAM
i want to get system details now,SHOW_SYSTEM_INFO
please show ipv4 address on this system,CHECK_IP
oculd you track path to github.com please,TRACE_ROUTE
send packets to google.com,PING_GOOGLE
go ahead and perform dns resolution for a host,DNS_LOOKUP
go ahead and power off workstation safe shutdown,POWER_OFF
can you get network ip of this pc,CHECK_IP
go ahead and check latency to external host for latency check,PING_GOOGLE
go ahead and execute nslookup on github,DNS_LOOKUP
could you stop task by pid,PROCESS_KILL
go ahead and reset workstation right away,RESTART
i need to do some math to verify system,SHOW_SYSTEM_INFO
please kill power to workstation immediately,POWER_OFF
can you show pc specifications please,SHOW_SYSTEM_INFO
go ahead and manage disk management,STORAGE_INFO
i need to view hardware utilization on this system,CHECK_RESOURCES
could you tracert to server please,TRACE_ROUTE
could you view atskmgr now,OPEN_TASK_MANAGER
can you open monitor lag,DRIVER_MGMT
open hardware drivers please,DRIVER_MGMT
go ahead and show ip for me,CHECK_IP
go to default browser to go online,OPEN_NET
resolve device manager to fix displays,DRIVER_MGMT
can you restart machine instantly,RESTART
could you open the net please,OPEN_NET
can you view task manger please,OPEN_TASK_MANAGER
i want to launch the net now,OPEN_NET
i want to reveal specs profile of this machine,SHOW_SYSTEM_INFO
please set shutdown timer 30 mins please,SHUTDOWN_TIMER
can you get disk management now,STORAGE_INFO
go ahead and show wifi panel to fix wifi,OPEN_NETWORK_SETTINGS
please set shutdown timer an hour immediately,SHUTDOWN_TIMER
i need to check device manager now,DRIVER_MGMT
can you what is ip now,CHECK_IP
please access web browser please,OPEN_NET
could you ping external host please,PING_GOOGLE
i want to get free space on this pc,STORAGE_INFO
i want to access process manager,OPEN_TASK_MANAGER
i want to launch chrome browser to surf,OPEN_NET
could you kill gui panel now,QUIT_PROGRAM
go to web portal to go onlin,OPEN_NET
i want to do name resolution on 8.8.8.8,DNS_LOOKUP
i need to check dns records for google.com,DNS_LOOKUP
could you what is the meaning of you doing please,NEUTRAL
open math app for some math,OPEN_CALCULATOR
display storage info please,STORAGE_INFO
go ahead and test connectivity to google.com please,PING_GOOGLE
go ahead and test network on google now,PING_GOOGLE
go ahead and launch active applications list to kill process,OPEN_TASK_MANAGER
i need to configure connection speed please,OPEN_NETWORK_SETTINGS
go ahead and start chrome browser,OPEN_NET
i want to view taskmgr to end tasks,OPEN_TASK_MANAGER
could you send packets to google now,PING_GOOGLE
go ahead and auto shutdown in 5 minutes please,SHUTDOWN_TIMER
go ahead and protect session right away,LOCK_SCREEN
please show system resources on this system,CHECK_RESOURCES
please track path to host,TRACE_ROUTE
please stop operations,QUIT_PROGRAM
map connection route to server,TRACE_ROUTE
launch taskmgr now,OPEN_TASK_MANAGER
timer for shutdown 30 mins please,SHUTDOWN_TIMER
go ahead and modify sharing ceater now,OPEN_NETWORK_SETTINGS
i need to print running tasks,SHOW_TASKS
could you kill power to computer instantly,POWER_OFF
i need to ping 8.8.8.8 now,PING_GOOGLE
i need to traceroute to a domain,TRACE_ROUTE
i need to force close application immediately,PROCESS_KILL
could you test network on google now,PING_GOOGLE
please run dns resolution for a website,DNS_LOOKUP
could you access system monitor now,OPEN_TASK_MANAGER
i need to start dns records for a website,DNS_LOOKUP
go ahead and launch default browser,OPEN_NET
can you find ip config please,CHECK_IP
can you lock windows screen immediately,LOCK_SCREEN
can you shutdown timer in 30 mins immediately,SHUTDOWN_TIMER
could you open slow internet to fix wifi,OPEN_NETWORK_SETTINGS
i need to show process manager to kill process,OPEN_TASK_MANAGER
i want to close access to windows screen now,LOCK_SCREEN
run dns records for a host,DNS_LOOKUP
could you manage device manager to fix displays,DRIVER_MGMT
access the net now,OPEN_NET
can you kull power to pc instantly,POWER_OFF
i need to auto shutdown in 5 minutes please,SHUTDOWN_TIMER
go ahead and check name resolution on google,DNS_LOOKUP
can you execute shell prompt please,OPEN_CMD
how do i access my wifi configuration?,OPEN_NETWORK_SETTINGS
please start system monitor to kill process,OPEN_TASK_MANAGER
please test network on 8.8.8.8 for latency check,PING_GOOGLE
go ahead and ping 8.8.8.8 please,PING_GOOGLE
go ahead and open web browser,OPEN_NET
please traceroute to 8.8.8.8 to debug route,TRACE_ROUTE
go ahead and access default browser,OPEN_NET
i need to sign out screen immediately,LOCK_SCREEN
i want to who is with homework please,NEUTRAL
could you run calcuator please,OPEN_CALCULATOR
could you run name resolution for google.com,DNS_LOOKUP
go ahead and display active processes please,SHOW_TASKS
i need to power cycle wrokstation right away,RESTART
please who is your name today,NEUTRAL
"""could you tell me how to exit this shellsense program? it's driving me crazy!",QUIT_PROGRAM
could you monitur disk capacity,STORAGE_INFO
could you ope monitor lag to fix displays,DRIVER_MGMT
i want to launch cmd instantly,OPEN_CMD
could you view task manager to kill process,OPEN_TASK_MANAGER
modify slow connection to fix wifi,OPEN_NETWORK_SETTINGS
run commnad prompt instantly,OPEN_CMD
i want to view pc specifications now,SHOW_SYSTEM_INFO
go ahead and access sharing center to fix wifi,OPEN_NETWORK_SETTINGS
i need to power cycle system now,RESTART
can you view drive allocation,STORAGE_INFO
can you terminate process now,PROCESS_KILL
could you view cpu usage to monitor status,CHECK_RESOURCES
go ahead and check latency to google for latency check,PING_GOOGLE
could you end running process by pid,PROCESS_KILL
please kill task with force,PROCESS_KILL
could you start taskmgr please,OPEN_TASK_MANAGER
map connection route to google.com to debug route,TRACE_ROUTE
please ping google to check internet,PING_GOOGLE
secure screen please,LOCK_SCREEN
i want to turn off pc in 5 minutes,POWER_OFF_TIMER
can you reset system please,RESTART
please monitor ram utilization to monitor status,CHECK_RESOURCES
could you view ip config for me,CHECK_IP
olease map connection route to a domain,TRACE_ROUTE
i need to open system monitor to kill process,OPEN_TASK_MANAGER
can you get storage info now,STORAGE_INFO
can you timer for shutdown 15 mins immediately,SHUTDOWN_TIMER
switch off machine please,POWER_OFF
tracert to server to debug route,TRACE_ROUTE
please trace route to server please,TRACE_ROUTE
go ahead and display ivp4 address on this system,CHECK_IP
i want to show sharing center please,OPEN_NETWORK_SETTINGS
please bring up teminal,OPEN_CMD
could you kill task,PROCESS_KILL
i need to access web portal now,OPEN_NET
can you sign out windows screen for safety,LOCK_SCREEN
could you start chrome browser to surf,OPEN_NET
go ahead and check display drivers for lag issues,DRIVER_MGMT
please check system resouoces,CHECK_RESOURCES
i want to close pid with force,PROCESS_KILL
please tset network on external host to check internet,PING_GOOGLE
could you open web portal please,OPEN_NET
could you show calcuator for some math,OPEN_CALCULATOR
i need to shutdown windows desktop now,POWER_OFF
could you shutdown timer in 5 minutes now,SHUTDOWN_TIMER
i want to shutdown timer in 5 minutes now,SHUTDOWN_TIMER
"""kill this running task manager tab to clear it up.",PROCESS_KILL
go ahead and log off session right away,LOCK_SCREEN
can you get network ip now,CHECK_IP
query dns records for google.com,DNS_LOOKUP
shutdown timer for 5 minumes immediately,POWER_OFF_TIMER
plaese view system monitor,OPEN_TASK_MANAGER
i need to check storage details,STORAGE_INFO
open up the calculator!,OPEN_CALCULATOR
i want to get system of this machine,SHOW_SYSTEM_INFO
please stop program now,PROCESS_KILL
could you schedule shutdown 20 minutes,POWER_OFF_TIMER
can you start calculator for some math,OPEN_CALCULATOR
can you switch off computer now,POWER_OFF
i want to check storage details on this pc,STORAGE_INFO
i need to print cpu and ram info for me,SHOW_SYSTEM_INFO
can you display resource consumption to monitor status,CHECK_RESOURCES
i want to turn off pc instantly,POWER_OFF
perform nslookup for google.com,DNS_LOOKUP
i want to reveal internal ip ppease,CHECK_IP
i need to restart system now,RESTART
can you close access to pc immediately,LOCK_SCREEN
please view drive allocation please,STORAGE_INFO
i need to turn off pc in 30 mins please,POWER_OFF_TIMER
please auto shutdown in 10 minutes immediately,SHUTDOWN_TIMER
go ahead and set shutdown timer 10 minutes now,SHUTDOWN_TIMER
can you map connection route to 8.8.8.8 to debug route,TRACE_ROUTE
show system resources on this system,CHECK_RESOURCES
i want to view partition info now,STORAGE_INFO
i want to modify slow network to check connections,OPEN_NETWORK_SETTINGS
launch edge browser to surf,OPEN_NET
can you force quit application now,PROCESS_KILL
can you reset workstation immediately,RESTART
could you shutdown timer for 30 mins immediately,POWER_OFF_TIMER
"""kill the game process, please.",PROCESS_KILL
please show my system for me,SHOW_SYSTEM_INFO
could you launch active applications list to kill process,OPEN_TASK_MANAGER
could you ping google.com,PING_GOOGLE
go ahead and manage hard drive storage,STORAGE_INFO
could you halt system instantly,POWER_OFF
i want to quit operations please,QUIT_PROGRAM
test conectivity to external host,PING_GOOGLE
go ahead and restart workstation now,RESTART
go ahead and print running tasks on this system,SHOW_TASKS
can you execute termnial please,OPEN_CMD
could you view pc specifications for me,SHOW_SYSTEM_INFO
check domain ip for google.com,DNS_LOOKUP
can you trace route to a domain now,TRACE_ROUTE
i want to end task now,PROCESS_KILL
i want to manage free space for c drive,STORAGE_INFO
can you kill running process with force,PROCESS_KILL
go ahead and shutdown timer in after 1 hour now,SHUTDOWN_TIMER
can you prinn ip on this system,CHECK_IP
please display storage details for c drive,STORAGE_INFO
can you oen teminal,OPEN_CMD
i need to run dns info for a website,DNS_LOOKUP
get memory load to monitor status,CHECK_RESOURCES
can you close gui panel,QUIT_PROGRAM
power off computer instantly,POWER_OFF
go ahead and quit interface immediately,QUIT_PROGRAM
go ahead and power cycle workstation immediately,RESTART
"""quick, turn off the computer before my meeting starts tomorrow.",POWER_OFF
can you the weather today,NEUTRAL
go ahead and halt pc now,POWER_OFF
i want to track path to host now,TRACE_ROUTE
swizch off computer instantly,POWER_OFF
go ahead and reboot workstatlon immediately,RESTART
go ahead and fix my graphics driver please,DRIVER_MGMT
can you reset computer immediately,RESTART
can you check cpu usage active,CHECK_RESOURCES
could you start hdmi lag issues,DRIVER_MGMT
can you open process manager please,OPEN_TASK_MANAGER
go ahead and run edge browser please,OPEN_NET
test network on 8.8.8.8 now,PING_GOOGLE
please print system processes now,SHOW_TASKS
go ahead and track path to 8.8.8.8 please,TRACE_ROUTE
show partition info now,STORAGE_INFO
i want to terminate process please,PROCESS_KILL
please print system processes,SHOW_TASKS
i need to fix my itnernet settings please,OPEN_NETWORK_SETTINGS
can you can you life,NEUTRAL
please maage drive allocation now,STORAGE_INFO
i want to run chrome browser,OPEN_NET
could you start tasmmgr to end tasks,OPEN_TASK_MANAGER
please close access to workstation right away,LOCK_SCREEN
could you display storage info on this pc,STORAGE_INFO
could you access process manager,OPEN_TASK_MANAGER
can you viw free space please,STORAGE_INFO
can you end pid now,PROCESS_KILL
please start shell prompt please,OPEN_CMD
i need to show details of cpu and ram info,SHOW_SYSTEM_INFO
go ahead and fix my hdmi driver for lag issues,DRIVER_MGMT
i need to secure computer right away,LOCK_SCREEN
go ahead and check storage info on this pc,STORAGE_INFO
can you get ram utilization,CHECK_RESOURCES
please power cycle system instantly,RESTART
can you open slow connection,OPEN_NETWORK_SETTINGS
go ahead and resolve hdmi lag issues now,DRIVER_MGMT
can you show task manager please,OPEN_TASK_MANAGER
i need to open active applications list to end tcsks,OPEN_TASK_MANAGER
go aehad and show active applications list to end tasks,OPEN_TASK_MANAGER
modify internet settings please,OPEN_NETWORK_SETTINGS
restart computer right away,RESTART
go ahead and open peripheral devices to fix displays,DRIVER_MGMT
go ahead and show me about my system please,SHOW_SYSTEM_INFO
could you stop frozen app by pid,PROCESS_KILL
please lookup name resolution for google.coc,DNS_LOOKUP
monitor resource consumption to monitor status,CHECK_RESOURCES
can you execute terminal now,OPEN_CMD
run nslookup on google,DNS_LOOKUP
i want to get partition info now,STORAGE_INFO
i need to check free space now,STORAGE_INFO
please view taskmgr now,OPEN_TASK_MANAGER
can you halt system immediately,POWER_OFF
launch web portal please,OPEN_NET
i want to execute name resolution for google.cm,DNS_LOOKUP
go ahead and run default browser now,OPEN_NET
i want to lock machine now,LOCK_SCREEN
go ahead and timer for shutdown 10 minutes please,SHUTDOWN_TIMER
trace route to server to debug route,TRACE_ROUTE
can you run name resolution for a host,DNS_LOOKUP
could you show calclator,OPEN_CALCULATOR
view taskmgr now,OPEN_TASK_MANAGER
go ahead and power off pc instantly,POWER_OFF
can you track path to a domain,TRACE_ROUTE
can you go to edge browser please,OPEN_NET
go ahead and power off machine now,POWER_OFF
i need to end proram please,PROCESS_KILL
i need to find internal ip now,CHECK_IP
i need to turn off pc in 15 minh immediately,POWER_OFF_TIMER
go ahead and manage adapter properties to fix wifi,OPEN_NETWORK_SETTINGS
could you turn off workstation immediately,POWER_OFF
i need to turn off pc in 45 minutes,POWER_OFF_TIMER
i need to print active processes now,SHOW_TASKS
can you bring up calculator utility now,OPEN_CALCULATOR
i need to turn off pc in 5 minutes please,POWER_OFF_TIMER
go ahead and map connection route to host now,TRACE_ROUTE
could you lock machine right away,LOCK_SCREEN
i need to power cycle computer right away,RESTART
whats current ip of my machine,CHECK_IP
i want to exit the application now,QUIT_PROGRAM
go ahead and run default browser,OPEN_NET
please access process manager now,OPEN_TASK_MANAGER
go ahead and run calculations tool quickly,OPEN_CALCULATOR
can you reset machine immediately,RESTART
please log off machine,LOCK_SCREEN
could you set power off in 5 miutes from now,POWER_OFF_TIMER
could you vibw taskmgr please,OPEN_TASK_MANAGER
i want to open default browser please,OPEN_NET
go ahead and log off session immediately,LOCK_SCREEN
could you show hardware details,SHOW_SYSTEM_INFO
can you manage adapter properties to fix wfi,OPEN_NETWORK_SETTINGS
go ahead and kill application,PROCESS_KILL
can you shwo system processes,SHOW_TASKS
i need to sign out computer please,LOCK_SCREEN
i want to reveal internal ip of this pc,CHECK_IP
open cmd,OPEN_CMD
start command prompt quickly,OPEN_CMD
please reboot machine right away,RESTART
can you close program,PROCESS_KILL
i want to sign out computer right away,LOCK_SCREEN
please timer for shutdown 30 mins,SHUTDOWN_TIMER
please monitor free space please,STORAGE_INFO
monitor storage details now,STORAGE_INFO
go ahead and toubleshoot my network settings now,OPEN_NETWORK_SETTINGS
launch calculations tool to calculate numbers,OPEN_CALCULATOR
i want to explain universe,NEUTRAL
i need to stop program immediately,QUIT_PROGRAM
please display performance statistics to monitor status,CHECK_RESOURCES
i need to run cli console now,OPEN_CMD
go ahead and auto shudown in 20 minutes immediately,SHUTDOWN_TIMER
i want to set a shutdown timer 15 mins from now,POWER_OFF_TIMER
go ahead and show ram utilization,CHECK_RESOURCES
can you show memory load to monitor status,CHECK_RESOURCES
i need to shutdown timer in 5 minutes now,SHUTDOWN_TIMER
can you view running programs please,SHOW_TASKS
could you auto shutdown in 15 mins immediately,SHUTDOWN_TIMER
i want to view running tasks,SHOW_TASKS
go ahead and secure pc please,LOCK_SCREEN
i want to close program with force,PROCESS_KILL
i wast to send packets to google please,PING_GOOGLE
i want to start domain ip for google.com,DNS_LOOKUP
i need to reveal specs please,SHOW_SYSTEM_INFO
please force quit task now,PROCESS_KILL
could you manage free space please,STORAGE_INFO
i want to reboot pc please,RESTART
i need to configure network connections please,OPEN_NETWORK_SETTINGS
i need to force quit program please,PROCESS_KILL
launch teminal quickly,OPEN_CMD
go ahead and start monitor lag now,DRIVER_MGMT
go ahead and stop proram please,PROCESS_KILL
can you traceroute to host to debug route,TRACE_ROUTE
can you hello a joke for me,NEUTRAL
could you close access to windows screen now,LOCK_SCREEN
go ahead and force close program,PROCESS_KILL
let's get that calculator on my computer running now!,OPEN_CALCULATOR
show task manager now,OPEN_TASK_MANAGER
i need to turn off pc now,POWER_OFF
turn off windows desktop safe shutdown,POWER_OFF
could you how do i make the weather,NEUTRAL
i need to set power off in after 1 hour from now,POWER_OFF_TIMER
please bring up cmd now,OPEN_CMD
i want to access web portal to surf,OPEN_NET
i want to launch cmd now,OPEN_CMD
can you turn off pc in 20 minutes immediately,POWER_OFF_TIMER
"""i want to ensure the computer shuts down within 40 seconds next time. how do i set it up?",POWER_OFF_TIMER
i need to execute terminal quickly,OPEN_CMD
i need to display disk management now,STORAGE_INFO
could you execute math app quickly,OPEN_CALCULATOR
go ahead and view ram utilization on this system,CHECK_RESOURCES
can you monitor storage info now,STORAGE_INFO
please sign out workstation for safety,LOCK_SCREEN
i need to launch command line,OPEN_CMD
log off computer immediately,LOCK_SCREEN
go ahead and bring up cmd,OPEN_CMD
could you exit interface now,QUIT_PROGRAM
can you open display drivers pleafe,DRIVER_MGMT
please launch calcuator for some math,OPEN_CALCULATOR
could you execute name resolution for a website,DNS_LOOKUP
turn off pc in an hour please,POWER_OFF_TIMER
i need to view system load on this system,CHECK_RESOURCES
i want to view running programs please,SHOW_TASKS
i want to monitor disk space please,STORAGE_INFO
can you open web portal to surf,OPEN_NET
can you shut down operations please,QUIT_PROGRAM
could you modify internet settings to fix wifi,OPEN_NETWORK_SETTINGS
i want to how are with homework right now,NEUTRAL
i want to open active applications list to kill porcess,OPEN_TASK_MANAGER
set power off in 45 minutes,POWER_OFF_TIMER
can you map connection route to a domain to debug route,TRACE_ROUTE
could you show process manager to end tasks,OPEN_TASK_MANAGER
go ahead and view system monitor to end tasks,OPEN_TASK_MANAGER
can you test network on google please,PING_GOOGLE
i want to do some math to verify cpu and ram info now,SHOW_SYSTEM_INFO
i need to update hdmi lag issues for lag issues,DRIVER_MGMT
please print running programs on this system,SHOW_TASKS
turn off machine instantly,POWER_OFF
test connectivity to google.com please,PING_GOOGLE
get os details of this machine,SHOW_SYSTEM_INFO
resolve monitor lag for lag issues,DRIVER_MGMT
i want to print system processes now,SHOW_TASKS
view resource consumption please,CHECK_RESOURCES
i need to run calculator to calculate numbers,OPEN_CALCULATOR
can you get disk management for c drive,STORAGE_INFO
schedule shutdown 45 mnutes,POWER_OFF_TIMER
go ahead and display current ip now,CHECK_IP
could you do name resolution for a website,DNS_LOOKUP
can you bring up hardware specs profile please,OPEN_CALCULATOR
map connection route to a omain please,TRACE_ROUTE
please get hardware details please,SHOW_SYSTEM_INFO
i need to turn off system right away,POWER_OFF
please stop shellsense please,QUIT_PROGRAM
monitor memory load on this system,CHECK_RESOURCES
go ahead and reveal cpu and ram info please,SHOW_SYSTEM_INFO
i want to shutdown pc safe shutdown,POWER_OFF
i need to launch edge browser now,OPEN_NET
i need to kill frozen app now,PROCESS_KILL
i want to monitor system load,CHECK_RESOURCES
can you shutdown timer for 45 minutes,POWER_OFF_TIMER
go ahead and can you a joke right now,NEUTRAL
could you launch chrome browser to go online,OPEN_NET
could you start device manager now,DRIVER_MGMT
i need to check free space for c drive,STORAGE_INFO
go ahead and check drivers for lag issues,DRIVER_MGMT
can you bring up cmd now,OPEN_CMD
i want to run command prompt please,OPEN_CMD
please perform name resolution for a host,DNS_LOOKUP
get system details,SHOW_SYSTEM_INFO
could you execute hardware specs profile please,OPEN_CALCULATOR
please display drive allocation now,STORAGE_INFO
i want to track path to server please,TRACE_ROUTE
i want to show ipv4 address on this system,CHECK_IP
go ahead and start hdmi lag now,DRIVER_MGMT
go ahead and display specs for me,SHOW_SYSTEM_INFO
could you test connectivity to google,PING_GOOGLE
go ahead and can you a jkoe please,NEUTRAL
i want to print active processes on this system,SHOW_TASKS
schedule shutdonw 45 minutes please,POWER_OFF_TIMER
i need to trace route to server please,TRACE_ROUTE
please close process ihmediately,PROCESS_KILL
could you switch off system right away,POWER_OFF
i need to view storage details on this pc,STORAGE_INFO
could you modify wifi settings now,OPEN_NETWORK_SETTINGS
i want to what is ip config of this pc,CHECK_IP
i want to verify my system now,SHOW_SYSTEM_INFO
i want to auto shutdown in an hour,SHUTDOWN_TIMER
i want to start hardware specs profile for some math,OPEN_CALCULATOR
i want to launch calculator utility quickly,OPEN_CALCULATOR
i need to launch hdmi lag for lag issues,DRIVER_MGMT
can you launch calculator quickly,OPEN_CALCULATOR
i need to fix my peripheral devices please,DRIVER_MGMT
i need to bring up calculator now,OPEN_CALCULATOR
go ahead and check latency to google servers please,PING_GOOGLE
i want to turn off pc in an hour immediately,POWER_OFF_TIMER
please trac route to a domain please,TRACE_ROUTE
i want to reset computer please,RESTART
open claculator quickly,OPEN_CALCULATOR
i want to lookup domain ip on github,DNS_LOOKUP
please show disk space for c drive,STORAGE_INFO
tell me the weather,NEUTRAL
go ahead and what is the meaning of about yourself for me,NEUTRAL
could you show calculator utility please,OPEN_CALCULATOR
go ahead and start shell prompt instantly,OPEN_CMD
i want to display running programs on this system,SHOW_TASKS
i need to open the internet please,OPEN_NET
can you update hdmi lag for lag issues,DRIVER_MGMT
can you check name resolution on google,DNS_LOOKUP
can you shutdown machine now,POWER_OFF
i need to launch device manager for lag issues,DRIVER_MGMT
please check hard drive storage on this pc,STORAGE_INFO
schedule shutdown 45 minutes please,POWER_OFF_TIMER
stop running process with force,PROCESS_KILL
please get ipv4 address for me,CHECK_IP
can you display resource consumption,CHECK_RESOURCES
can you tell me how pc works please,NEUTRAL
could you display system resources,CHECK_RESOURCES
i want to resolve hdmi lag to fix displays,DRIVER_MGMT
get network ip please,CHECK_IP
i need to run terminal instantly,OPEN_CMD
use nslookup to check www.example.net's resolution of an .org domain through dns servers.,DNS_LOOKUP
can you start the internet now,OPEN_NET
i want to lookup dns records for github.com,DNS_LOOKUP
i want to view active processes now,SHOW_TASKS
trace route to host please,TRACE_ROUTE
i want to launch hdmi lag issues to fix displays,DRIVER_MGMT
could you show calculator utility,OPEN_CALCULATOR
i need to set power off in 15 mins from now,POWER_OFF_TIMER
go ahead and lock pc right away,LOCK_SCREEN
go ahead and hello the weather for me,NEUTRAL
could you stop the application now,QUIT_PROGRAM
bring up shell prompt quickly,OPEN_CMD
i want to vew process manager to end tasks,OPEN_TASK_MANAGER
go ahead and close access to pc now,LOCK_SCREEN
please view wifi settings to check connections,OPEN_NETWORK_SETTINGS
traceroute to server to debgu route,TRACE_ROUTE
want to see how long 4 minutes is? let’s use that calculator utility please.,OPEN_CALCULATOR
i need to start default browser now,OPEN_NET
please run default browser,OPEN_NET
could you update monitor lag to fix displays,DRIVER_MGMT
can you view system resources to monitor status,CHECK_RESOURCES
go ahead and protect pc for safety,LOCK_SCREEN
can you run the net please,OPEN_NET
please secure pc now,LOCK_SCREEN
can you turn off pc immediately,POWER_OFF
can you hi a joke right now,NEUTRAL
can you schedule shutdown 30 mins immediatey,POWER_OFF_TIMER
can you start claculator ruickly,OPEN_CALCULATOR
i need to display ip address of my machine,CHECK_IP
i want to perform name resolution for google.com,DNS_LOOKUP
i want to show slow network please,OPEN_NETWORK_SETTINGS
kill interface,QUIT_PROGRAM
i want to start command line instantly,OPEN_CMD
could you end frozen app,PROCESS_KILL
i need to check system load please,CHECK_RESOURCES
could you tarceroute to github.com please,TRACE_ROUTE
could you stop app by pid,PROCESS_KILL
schedule shutdown 5 minutes please,POWER_OFF_TIMER
go ahead and tracert to server to debug route,TRACE_ROUTE
i want to close gui panel instantly,QUIT_PROGRAM
go ahead and lock computer right away,LOCK_SCREEN
show performance statistics,CHECK_RESOURCES
reboot machine right away,RESTART
switch off computer right away,POWER_OFF
could you map connection route to github.com,TRACE_ROUTE
run chrome browser now,OPEN_NET
can you view system resources on this systez,CHECK_RESOURCES
please start the net now,OPEN_NET
can you run calclator quickly,OPEN_CALCULATOR
could you lookup dns records on google,DNS_LOOKUP
who is you doing right now,NEUTRAL
could you turn off pc in 20 minutes immediately,POWER_OFF_TIMER
could you force quit running process,PROCESS_KILL
go ahead and shutdown timer in after 1 hour,SHUTDOWN_TIMER
exit gui panel instantly,QUIT_PROGRAM
switch off computer please,POWER_OFF
could you access wifi panel,OPEN_NETWORK_SETTINGS
could you monitor memory load please,CHECK_RESOURCES
i want to view sharing center to check connections,OPEN_NETWORK_SETTINGS
go ahead and shutdown pid explorer.exe,PROCESS_KILL
i need to query nslookup for a host,DNS_LOOKUP
map connection route to a domain now,TRACE_ROUTE
close operations instantly,QUIT_PROGRAM
i want to check dns info on github,DNS_LOOKUP
i need to shutdown timer for an hour immediately,POWER_OFF_TIMER
go ahead and explain the weather right now,NEUTRAL
can you access web rbowser to surf,OPEN_NET
could you force close lagging app 1234,PROCESS_KILL
i want to do dns records on google,DNS_LOOKUP
please set power off in 15 mins immediately,POWER_OFF_TIMER
i need to resolve hardware drivers for lag issues,DRIVER_MGMT
can you track cpu usage please,CHECK_RESOURCES
list running tasks on this system,SHOW_TASKS
i need to schedule shutdown 5 minutes please,POWER_OFF_TIMER
go ahead and print local ip,CHECK_IP
could you show system monitor please,OPEN_TASK_MANAGER
i need to print task list,SHOW_TASKS
please test connectivity to google servers,PING_GOOGLE
go ahead and reboot system please,RESTART
restart workstatinn please,RESTART
go ahead and tell me about cpu and ram info,SHOW_SYSTEM_INFO
i need to open active applications list to end tasks,OPEN_TASK_MANAGER
i want to run calcuator quickly,OPEN_CALCULATOR
can you verify system please,SHOW_SYSTEM_INFO
set shutdown timer 15 mins please,SHUTDOWN_TIMER
i need to test network on google.com to check internet,PING_GOOGLE
go ahead and show system resources please,CHECK_RESOURCES
can you get system details for me,SHOW_SYSTEM_INFO
please open system monitor now,OPEN_TASK_MANAGER
"discover if ""linkedin.com"" has a specific server location.",DNS_LOOKUP
get ip for me,CHECK_IP
please force quit application immediately,PROCESS_KILL
i need to shutdown timer in an hour please,SHUTDOWN_TIMER
can you kill running process immediately,PROCESS_KILL
i need to display background tasks on this system,SHOW_TASKS
please monitor disk space please,STORAGE_INFO
can you troubleshoot hdmi connection for lag issues,DRIVER_MGMT
please restart machine now,RESTART
please test connectivity to google.com please,PING_GOOGLE
can you do some math to verify math app for some math,OPEN_CALCULATOR
go ahead and power off pc right away,POWER_OFF
could you power cycle pc right away,RESTART
go ahead and shut down the application immediately,QUIT_PROGRAM
please force close application now,PROCESS_KILL
please reveal hardware specs profile now,SHOW_SYSTEM_INFO
log off pc immediately,LOCK_SCREEN
i need to explain 2 + 2 please,NEUTRAL
please close process by pid,PROCESS_KILL
can you power cycle system instantly,RESTART
i need to open hdmi lag please,DRIVER_MGMT
i want to test connectivity to google servers for latency check,PING_GOOGLE
can you track path to 8.8.8.8 please,TRACE_ROUTE
go ahead and trace route to 8.8.8.8 to debug route,TRACE_ROUTE
i need to get background tasks please,SHOW_TASKS
i need to perform domain ip for a host,DNS_LOOKUP
i want to view running programs on this system,SHOW_TASKS
i want to restart machine right away,RESTART
please lookup name resolution for github.com,DNS_LOOKUP
go ahead and bring up calcuator,OPEN_CALCULATOR
secure workstation now,LOCK_SCREEN
do some math to verify system info for me,SHOW_SYSTEM_INFO
i want to test connectivity to 8.8.8.8 to check internet,PING_GOOGLE
i need to trace route to 8.8.8.8 now,TRACE_ROUTE
troubleshoot my adapter properties to check connections,OPEN_NETWORK_SETTINGS
i need to test connectxvity to google.com now,PING_GOOGLE
could you fix my hardware drivers for lag issues,DRIVER_MGMT
please get storage info for c drive,STORAGE_INFO
please halt pc immediately,POWER_OFF
please tell me 2 + 2,NEUTRAL
can you schedule shutdown 10 minutes immediately,POWER_OFF_TIMER
i need to ping google,PING_GOOGLE
could you shutdown timer in 30 mins immediately,SHUTDOWN_TIMER
i need to mankge slow connection to fix wifi,OPEN_NETWORK_SETTINGS
go ahead and stop application,PROCESS_KILL
i need to map connection route to server to debug route,TRACE_ROUTE
can you launch termnial now,OPEN_CMD
could you switch off computer righ away,POWER_OFF
please show running tasks now,SHOW_TASKS
i want to how do i make the weather right now,NEUTRAL
i want to ping google.com to check internet,PING_GOOGLE
i want to fix my hardware drivers,DRIVER_MGMT
could you power cycle computer please,RESTART
i need to reset system immediately,RESTART
i need to map connection route to github.com please,TRACE_ROUTE
can you query domain ip on 8.8.8.8,DNS_LOOKUP
can you bring up system monitor to kill process,OPEN_TASK_MANAGER
could you reset system please,RESTART
please trce route to google.com please,TRACE_ROUTE
could you restart system right away,RESTART
i need to view wifi settingk please,OPEN_NETWORK_SETTINGS
i want to terminate app immediately,PROCESS_KILL
i need to schedule pc turn off 20 minutes immediately,SHUTDOWN_TIMER
could you close pid by pid,PROCESS_KILL
could you view running tasks now,SHOW_TASKS
power cycle workstation please,RESTART
please go to edge browser to go online,OPEN_NET
can you auto shutdown in 10 minutes,SHUTDOWN_TIMER
i need to kill power to machine please,POWER_OFF
i want to end application by pid,PROCESS_KILL
"""turn off immediately by pressing the power key on my desktop pc once more.",POWER_OFF
go ahead and why is the time today,NEUTRAL
i need to show system info of this machine,SHOW_SYSTEM_INFO
can you bring up calculator quickly,OPEN_CALCULATOR
i need to timer for shutdown 45 minutes,SHUTDOWN_TIMER
cold you show details of system information,SHOW_SYSTEM_INFO
i need to find ip config of this pc,CHECK_IP
please open process manager to kill process,OPEN_TASK_MANAGER
can you list running tasks on this system,SHOW_TASKS
i need to ping 8.8.8.8 please,PING_GOOGLE
what's happening with the ip assigned to this machine right now?,CHECK_IP
i need to what is the meaning of the weather right now,NEUTRAL
i want to lookup nslookup for a host,DNS_LOOKUP
go ahead and run calculator,OPEN_CALCULATOR
auto shutdown in 5 minutes please,SHUTDOWN_TIMER
i want to launch system monitor please,OPEN_TASK_MANAGER
please kill power to pc now,POWER_OFF
please track path to a domain now,TRACE_ROUTE
can you track resource consumption,CHECK_RESOURCES
go ahead and end frozen app immediately,PROCESS_KILL
could you check latency to 8.8.8.8,PING_GOOGLE
can you bring up calcuator,OPEN_CALCULATOR
i need to timer for shutdown 10 minutes,SHUTDOWN_TIMER
can you shutdown pc please,POWER_OFF
could you schedule shutdown 15 mns,POWER_OFF_TIMER
stot shellsense now,QUIT_PROGRAM
show ip address for me,CHECK_IP
i need to kill gui panel now,QUIT_PROGRAM
show local ip,CHECK_IP
please explain a joke for me,NEUTRAL
could you view task manager to end tasks,OPEN_TASK_MANAGER
could you shutdown timer in an hour please,SHUTDOWN_TIMER
start math app now,OPEN_CALCULATOR
i need to print system details,SHOW_SYSTEM_INFO
i need to print running programs,SHOW_TASKS
could you timer for shutdown 10 minutes now,SHUTDOWN_TIMER
view ipv4 address please,CHECK_IP
i need to go to internet settings,OPEN_NETWORK_SETTINGS
test connectivity to google servers,PING_GOOGLE
secure machine please,LOCK_SCREEN
go ahead and protect session now,LOCK_SCREEN
i want to display network ip,CHECK_IP
please acess slow wifi now,OPEN_NETWORK_SETTINGS
i need to start drivers now,DRIVER_MGMT
could you monitor hardware utilization please,CHECK_RESOURCES
could you explain with homework for me,NEUTRAL
can you list system processes please,SHOW_TASKS
could you force quit program by pid,PROCESS_KILL
what is universe for me,NEUTRAL
could you track path to server now,TRACE_ROUTE
i need to configure slow wifi please,OPEN_NETWORK_SETTINGS
go ahead and set power off in after 1 hour from now,POWER_OFF_TIMER
could you bring up task manager now,OPEN_TASK_MANAGER
can you log off computer immediately,LOCK_SCREEN
go ahead and manage drive allocation for c drive,STORAGE_INFO
can you fix my slow connection now,OPEN_NETWORK_SETTINGS
please switch off windows desktp immediately,POWER_OFF
can you shutdown timer for 5 minutes,POWER_OFF_TIMER
go ahead and manage hdmi driver now,DRIVER_MGMT
start system monitor now,OPEN_TASK_MANAGER
please how do i make a joke right now,NEUTRAL
can you open the net pleas,OPEN_NET
could you traceroute to a domain,TRACE_ROUTE
acecss internet settings to fix wifi,OPEN_NETWORK_SETTINGS
i need to execute calclator now,OPEN_CALCULATOR
can you schedule shutdown 45 minutes please,POWER_OFF_TIMER
could you access taskmgr to kill process,OPEN_TASK_MANAGER
timer for shutdown 45 minutes now,SHUTDOWN_TIMER
can you force close lagging app now,PROCESS_KILL
please print task list please,SHOW_TASKS
i need to monitor hardware utilization on this system,CHECK_RESOURCES
whats local ip,CHECK_IP
show process manager,OPEN_TASK_MANAGER
i want to manage drive allocation please,STORAGE_INFO
could you modify network settings to fix wifi,OPEN_NETWORK_SETTINGS
check nslookup for a host,DNS_LOOKUP
go ahead and check display drivers please,DRIVER_MGMT
can you reveal internal ip please,CHECK_IP
i need to test network on 8.8.8.8,PING_GOOGLE
i need to show disk space please,STORAGE_INFO
could you shutdown timer for 5 minutes please,POWER_OFF_TIMER
go ahead and get ip address of my machine,CHECK_IP
restart computer please,RESTART
i need to run claculator please,OPEN_CALCULATOR
launch chrome browser,OPEN_NET
could you shutdown computer right away,POWER_OFF
could you troubleshoot my connection speed to check connections,OPEN_NETWORK_SETTINGS
i need to query name resolution on google,DNS_LOOKUP
send packets to 8.8.8.8 please,PING_GOOGLE
power cycle workstation now,RESTART
go ahead and set power off in 10 minutes from now,POWER_OFF_TIMER
go ahead and display resource consumption please,CHECK_RESOURCES
go ahead and power off computer now,POWER_OFF
can you turn off computer safe shutdown,POWER_OFF
could you view system processes please,SHOW_TASKS
go ahead and view connection speed,OPEN_NETWORK_SETTINGS
could you show internal ip,CHECK_IP
could you manage network settings now,OPEN_NETWORK_SETTINGS
i need to update hardware drivers for lag issues,DRIVER_MGMT
can you launch edge browser please,OPEN_NET
could you check disk space on this pc,STORAGE_INFO
can you open cli console quickly,OPEN_CMD
i want to sign out session immediately,LOCK_SCREEN
could you display system details for me,SHOW_SYSTEM_INFO
lock windows screen right away,LOCK_SCREEN
can you access process manager now,OPEN_TASK_MANAGER
go ahead and reveal ip address of this pc,CHECK_IP
i need to access web browser to surf,OPEN_NET
please tracert to host to debu route,TRACE_ROUTE
i need to open chrome browser please,OPEN_NET
can you view cpu usage please,CHECK_RESOURCES
i want to power cycle machine now,RESTART
can you monitor partition info please,STORAGE_INFO
please check latency to google servers please,PING_GOOGLE
close interface now,QUIT_PROGRAM
go ahead and halt computer instantly,POWER_OFF
could you get running programs on this system,SHOW_TASKS
run web portal to sdrf,OPEN_NET
go ahead and troubleshoot peripheral devices now,DRIVER_MGMT
show taskmgr please,OPEN_TASK_MANAGER
i want to scop program,PROCESS_KILL
i need to show system processes,SHOW_TASKS
can you whats ipv4 address of my machine,CHECK_IP
please trace route to a domain now,TRACE_ROUTE
go ahead and start monitor lag please,DRIVER_MGMT
could you lock machine,LOCK_SCREEN
i want to run domain ip on github,DNS_LOOKUP
i need to show free space now,STORAGE_INFO
open your network settings on this pc - it’s a must-do task!,OPEN_NETWORK_SETTINGS
can you check latency to google servers now,PING_GOOGLE
i want to show hardware utilization on this system,CHECK_RESOURCES
i need to check partition info for c drive,STORAGE_INFO
can you view connection speed to check connections,OPEN_NETWORK_SETTINGS
i want to turn off pc in an hour please,POWER_OFF_TIMER
please launch taskmgr to end tasks,OPEN_TASK_MANAGER
can you troubleshoot my slow internet please,OPEN_NETWORK_SETTINGS
go ahead and list background tasks now,SHOW_TASKS
go ahead and secure pc for safety,LOCK_SCREEN
could you start teminal now,OPEN_CMD
i want to kill power to system safe shutdown,POWER_OFF
could you check peripheral devices now,DRIVER_MGMT
i need to close frozen app with force,PROCESS_KILL
go ahead and close shellsense,QUIT_PROGRAM
i want to power cycle pc now,RESTART
could you test network on 8.8.8.8 now,PING_GOOGLE
i want to who is coffee for me,NEUTRAL
turn off system please,POWER_OFF
could you auto shutdown in 45 minutes now,SHUTDOWN_TIMER
i want to run peripheral devices for lag issues,DRIVER_MGMT
go ahead and launch calculator please,OPEN_CALCULATOR
please execute cli console quickly,OPEN_CMD
i need to show ip for me,CHECK_IP
get storage details for c drive,STORAGE_INFO
halt windows desktop right away,POWER_OFF
view ip address of my machine,CHECK_IP
please close access to machine for safety,LOCK_SCREEN
please auto shutdown in an hour immediately,SHUTDOWN_TIMER
can you start command prompt instantly,OPEN_CMD
please show my pc specs now,SHOW_SYSTEM_INFO
go ahead and start nslookup on github,DNS_LOOKUP
check partition info on this pc,STORAGE_INFO
i need to configure network settings,OPEN_NETWORK_SETTINGS
go ahead and kill app by pid,PROCESS_KILL
i want to open task manager please,OPEN_TASK_MANAGER
could you view running tasks please,SHOW_TASKS
access default browser please,OPEN_NET
i need to list active processes on this system,SHOW_TASKS
go ahead and track path to github.com,TRACE_ROUTE
can you access task manager to end tasks,OPEN_TASK_MANAGER
could you fix my wifi panel to nheck connections,OPEN_NETWORK_SETTINGS
go ahead and protect screen for safety,LOCK_SCREEN
reveal specs profile of this machine,SHOW_SYSTEM_INFO
lookup dns records on 8.8.8.8,DNS_LOOKUP
please shutdown system right away,POWER_OFF
"type in ""git bash on windows"" and press enter.",OPEN_CMD
pleae query dns records for a website,DNS_LOOKUP
go ahead and show running programs now,SHOW_TASKS
could you trace route to server to debug route,TRACE_ROUTE
lnst running tasks please,SHOW_TASKS
i want to lock machine,LOCK_SCREEN
go ahead and start name resolution for a host,DNS_LOOKUP
go ahead and perform dns info for a website,DNS_LOOKUP
cold you lock computer for safety,LOCK_SCREEN
i need to bring up teminal,OPEN_CMD
could you modify slow connection to fix wifi,OPEN_NETWORK_SETTINGS
i need to launch hardware specs profile quickly,OPEN_CALCULATOR
i want to launch the net please,OPEN_NET
go ahead and can you how pc works please,NEUTRAL
i need to start hdmi connection,DRIVER_MGMT
i need to print ip address of my machine,CHECK_IP
i need to power off system instantly,POWER_OFF
view disk management for c drive,STORAGE_INFO
i need to close operations now,QUIT_PROGRAM
please monitor storage info,STORAGE_INFO
i want to view system monitor now,OPEN_TASK_MANAGER
can you kill the application,QUIT_PROGRAM
i want to show running programs please,SHOW_TASKS
i need to run monitor lag to fix displays,DRIVER_MGMT
"right-click on desktop icon, select lock",LOCK_SCREEN
please display tsk list please,SHOW_TASKS
could you what is the meaning of the time for me,NEUTRAL
please check latency to google now,PING_GOOGLE
i need to kill app please,PROCESS_KILL
could you bring up cmd,OPEN_CMD
i need to set shutdown timer 30 mins please,SHUTDOWN_TIMER
can you terminate program by pid,PROCESS_KILL
go ahead and show system monitor to end tasks,OPEN_TASK_MANAGER
please view running programs please,SHOW_TASKS
please test network on google servers now,PING_GOOGLE
could you ping google,PING_GOOGLE
go ahead and set power off in 30 mins immediately,POWER_OFF_TIMER
please start name resolution on google,DNS_LOOKUP
get my pc specs now,SHOW_SYSTEM_INFO
could you go to connection speed to fix wifi,OPEN_NETWORK_SETTINGS
access chcome browser to go online,OPEN_NET
hello the nesw right now,NEUTRAL
could you test connectivity to external host to check internet,PING_GOOGLE
shutdown machine now,POWER_OFF
i need to log off workstation please,LOCK_SCREEN
could you launch the net please,OPEN_NET
please viwe free space on this pc,STORAGE_INFO
could you end program now,PROCESS_KILL
i want to open claculator please,OPEN_CALCULATOR
go ahead and turn off workstation please,POWER_OFF
go ahead and show task list,SHOW_TASKS
can you show cpu and ram info,SHOW_SYSTEM_INFO
can you go to the internet please,OPEN_NET
print specs profile for me,SHOW_SYSTEM_INFO
go ahead and schedule shutdown 20 minutes,POWER_OFF_TIMER
could you start command shell,OPEN_CMD
please get storage details,STORAGE_INFO
could you close access to computer,LOCK_SCREEN
fix my slow connection to check connections,OPEN_NETWORK_SETTINGS
go ahead and force close task with force,PROCESS_KILL
can you set power off in 10 minutes please,POWER_OFF_TIMER
can you map connection route to host to debug route,TRACE_ROUTE
please configure internet settings now,OPEN_NETWORK_SETTINGS
i want to what is the meaning of with homework please,NEUTRAL
go ahead and modify internet settings now,OPEN_NETWORK_SETTINGS
can you open commnad prompt now,OPEN_CMD
i want to terminate app with force,PROCESS_KILL
can you execute calc now,OPEN_CALCULATOR
can you reset machine instantly,RESTART
go ahead and show cpu usage on this system,CHECK_RESOURCES
i need to open active applications list please,OPEN_TASK_MANAGER
i want to kill interface please,QUIT_PROGRAM
can you do some math to verify os details please,SHOW_SYSTEM_INFO
can you check latency to google servers,PING_GOOGLE
i need to restart machine now,RESTART
i want to get running programs on this system,SHOW_TASKS
go ahead and secure pc,LOCK_SCREEN
can you do dns records for google.com,DNS_LOOKUP
could you traceroute to a domain please,TRACE_ROUTE
i need to get local ip on this system,CHECK_IP
pleasx shutdown timer in 45 minutes,SHUTDOWN_TIMER
monitor cpu usage please,CHECK_RESOURCES
could you schedule shutdown 30 mins immediately,POWER_OFF_TIMER
i need to set power off in 20 minutes immediately,POWER_OFF_TIMER
i need to shutdown timer in 45 minutes please,SHUTDOWN_TIMER
can you launch active applications list,OPEN_TASK_MANAGER
i need to start command line now,OPEN_CMD
go ahead and execute claculator please,OPEN_CALCULATOR
please schedule shutdown 30 mins please,POWER_OFF_TIMER
i want to set shutdown timer 5 minutes now,SHUTDOWN_TIMER
go ahead and check hdmi driver for lag issues,DRIVER_MGMT
go ahead and set a shutdown timer 15 mins immediately,POWER_OFF_TIMER
display system resources please,CHECK_RESOURCES
go ahead and shutdown computer immediately,POWER_OFF
i want to view hardware details,SHOW_SYSTEM_INFO
please view ip addrses now,CHECK_IP
i want to set power off in 20 minutes please,POWER_OFF_TIMER
go ahead and execute command shell,OPEN_CMD
i need to tell me about my system please,SHOW_SYSTEM_INFO
please kill shellsense now,QUIT_PROGRAM
go ahead and access chrome browser now,OPEN_NET
could you power cycle workstation right away,RESTART
i need to check memory load,CHECK_RESOURCES
close gui panel immediately,QUIT_PROGRAM
i need to display claculator please,OPEN_CALCULATOR
please tell me you name please,NEUTRAL
i want to get active processes now,SHOW_TASKS
go ahead and auto shutdown in 10 minutes,SHUTDOWN_TIMER
launch system monitor to end tasks,OPEN_TASK_MANAGER
reveal cpu and ram info please,SHOW_SYSTEM_INFO
can you start dns info for a host,DNS_LOOKUP
can you can you with homework,NEUTRAL
could you kill app with force,PROCESS_KILL
view current ip of this pc,CHECK_IP
can you send packets to google.com,PING_GOOGLE
could you turn off windows desktop instantly,POWER_OFF
pease fix my wifi panel now,OPEN_NETWORK_SETTINGS
i need to view memory load on this system,CHECK_RESOURCES
i need to reboot machine right away,RESTART
please open taskmgr please,OPEN_TASK_MANAGER
i need to track path to github.com please,TRACE_ROUTE
view sharing center to check conections,OPEN_NETWORK_SETTINGS
run calclator please,OPEN_CALCULATOR
i want to turn off pc in 45 minutes please,POWER_OFF_TIMER
show details of system now,SHOW_SYSTEM_INFO
can you end application explorer.exe,PROCESS_KILL
i want to print active processes,SHOW_TASKS
could you check nslookup on 8.8.8.8,DNS_LOOKUP
i want to do some math to verify hardware details please,SHOW_SYSTEM_INFO
go ahead and display background tasks please,SHOW_TASKS
i ned to display memory load on this system,CHECK_RESOURCES
could you launch comand line now,OPEN_CMD
could you shutdown timer for an hour,POWER_OFF_TIMER
go ahead and power cycle machine right away,RESTART
could you hello universe please,NEUTRAL
i want to terminate process with force,PROCESS_KILL
could you reset computer instantly,RESTART
monitor disk management please,STORAGE_INFO
please tracert to 8.8.8.8,TRACE_ROUTE
i need to show memory check load,CHECK_RESOURCES
close access to machine now,LOCK_SCREEN
i want to open the internet please,OPEN_NET
go ahead and whats ip config for me,CHECK_IP
"""blocking access to my screensaver until i unlock.",LOCK_SCREEN
go ahead and get internal ip please,CHECK_IP
i need to turn off pc please,POWER_OFF
i need to start calculator please,OPEN_CALCULATOR
i need to close access to screen,LOCK_SCREEN
display network ip of this pc,CHECK_IP
i want to go to connection speed now,OPEN_NETWORK_SETTINGS
could you check cpu temperature high,CHECK_RESOURCES
turn off pc in 20 minutes from now,POWER_OFF_TIMER
can you bring up taskmgr to end tasks,OPEN_TASK_MANAGER
please view disk capacity now,STORAGE_INFO
i want to query ame resolution for a website,DNS_LOOKUP
go ahead and reset system now,RESTART
please view system load on this system,CHECK_RESOURCES
could you print system details please,SHOW_SYSTEM_INFO
can you traceroute to server now,TRACE_ROUTE
please can you your name today,NEUTRAL
i need to list task list on this system,SHOW_TASKS
i want to check dns records for a host,DNS_LOOKUP
go ahead and query dns resolution for google.com,DNS_LOOKUP
i want to kill power to windows desktop pleasv,POWER_OFF
can you shutdown timer for 30 mins immediately,POWER_OFF_TIMER
go ahead and shutdown timer for after 1 hour,POWER_OFF_TIMER
could you go to default browser please,OPEN_NET
turn off pc now,POWER_OFF
tracert to a domain to debug route,TRACE_ROUTE
please turn off pc in 10 minutes immediately,POWER_OFF_TIMER
can you check disk management,STORAGE_INFO
start default browser to go online,OPEN_NET
can you power cycle computer right away,RESTART
i need to start teminal quickly,OPEN_CMD
please sign out workstation right away,LOCK_SCREEN
can you print task list now,SHOW_TASKS
i need to troubleshoot hdmi lag issues now,DRIVER_MGMT
i want to start command shell quickly,OPEN_CMD
can you tracert to host to debug route,TRACE_ROUTE
can you fix my network connections now,OPEN_NETWORK_SETTINGS
please get drive allocation for c drive,STORAGE_INFO
please schedule shutdown an hour from now,POWER_OFF_TIMER
i want to run calc now,OPEN_CALCULATOR
i need to show ip address of my machine,CHECK_IP
i want to force quit program immediately,PROCESS_KILL
i need to view current ip of this pc,CHECK_IP
ping external host,PING_GOOGLE
could you close access to workstation now,LOCK_SCREEN
could you check hdmi lag issues to fix displays,DRIVER_MGMT
launch calculations tool please,OPEN_CALCULATOR
please start cli console,OPEN_CMD
go ahead and exit program instantly,QUIT_PROGRAM
why is coffee,NEUTRAL
could you show math app now,OPEN_CALCULATOR
could you manage hard drive storage for c drive,STORAGE_INFO
i need to check latency to google for latency check,PING_GOOGLE
check drivers to fix displays,DRIVER_MGMT
go ahead and show network settings now,OPEN_NETWORK_SETTINGS
traceroute to 8.8.8.8 now,TRACE_ROUTE
i want to do nslookup on google,DNS_LOOKUP
send packets to google to check internet,PING_GOOGLE
can you print running programs on this system,SHOW_TASKS
i want to set a shutdown timer 45 minutes from now,POWER_OFF_TIMER
print ip config on this system,CHECK_IP
please show performance statistics to monitor status,CHECK_RESOURCES
i want to get running programs,SHOW_TASKS
go ahead and set shutdown timer after 1 hour now,SHUTDOWN_TIMER
i need to open command line instantly,OPEN_CMD
i need to what is the meaning of the news please,NEUTRAL
i need to display cpu and ram info now,SHOW_SYSTEM_INFO
can you test network on external host now,PING_GOOGLE
go ahead and how are you doinh today,NEUTRAL
please reboot workstation right away,RESTART
please test network on google servers please,PING_GOOGLE
"""kill the running 'my documents' service on windows 10.",PROCESS_KILL
force quit google docs so my work can be saved instantly now.,PROCESS_KILL
can you hello with homework right now,NEUTRAL
check hardware drivers now,DRIVER_MGMT
i need to close pid by pid,PROCESS_KILL
i need to secure pc immediately,LOCK_SCREEN
shut down shellsense immediately,QUIT_PROGRAM
can you kill program please,QUIT_PROGRAM
please stop the application imemdiately,QUIT_PROGRAM
go ahead and whats internal ip of this pc,CHECK_IP
could you exit interface please,QUIT_PROGRAM
view system monitor to kill process,OPEN_TASK_MANAGER
i want to close frozen app now,PROCESS_KILL
i need to close gui panel now,QUIT_PROGRAM
go ahead and open task manager,OPEN_TASK_MANAGER
i need to what is the meaning of 2 + 2 right now,NEUTRAL
i want to tracert to google.com to debug route,TRACE_ROUTE
could you trace route to google.com now,TRACE_ROUTE
i want to how are you doing,NEUTRAL
trace route to a domain to debug orute,TRACE_ROUTE
i need to close task immediately,PROCESS_KILL
why is you doing right now,NEUTRAL
can you check dns records on github,DNS_LOOKUP
i want to why is the time right now,NEUTRAL
go ahead and display hardware specs profile please,SHOW_SYSTEM_INFO
could you restart pc right away,RESTART
please open command shell quickly,OPEN_CMD
i need to get resource consumption on this system,CHECK_RESOURCES
find ip address,CHECK_IP
display storage info for c drive,STORAGE_INFO
please what is about yourself for me,NEUTRAL
could you terminate app please,PROCESS_KILL
please open calcator now,OPEN_CALCULATOR
go ahead and open sharing center now,OPEN_NETWORK_SETTINGS
go ahead and shutdown timer in 20 minutes immediately,SHUTDOWN_TIMER
troubleshoot hdmi driver,DRIVER_MGMT
please timer for shutdown 45 minutes now,SHUTDOWN_TIMER
please run nslookup for google.com,DNS_LOOKUP
display os details of this machine,SHOW_SYSTEM_INFO
can you access edge browser to usrf,OPEN_NET
trigger check resources interface command,CHECK_RESOURCES
i need to print ipv4 address on htis system,CHECK_IP
i need to quit the application instantly,QUIT_PROGRAM
please execute command line now,OPEN_CMD
i want to shutdown timer for 45 minutes,POWER_OFF_TIMER
can you stop operations now,QUIT_PROGRAM
could you test connectivity to google to check internet,PING_GOOGLE
could you start taskmgr to end tasks,OPEN_TASK_MANAGER
i want to check latency to 8.8.8.8 to check internet,PING_GOOGLE
reset workstation immediately,RESTART
i need to schedule shutdown 20 minutes from now,POWER_OFF_TIMER
i need to sign out cobputer immediately,LOCK_SCREEN
i want to what is the meaning of coffee,NEUTRAL
go ahead and launch monitor lag,DRIVER_MGMT
i want to shutdown windows desktop right away,POWER_OFF
please display ip config,CHECK_IP
i need to shutdown timer for 20 minutes please,POWER_OFF_TIMER
who is universe please,NEUTRAL
can you start dns resolution on github,DNS_LOOKUP
i need to show background tasks,SHOW_TASKS
i need to end pid immediately,PROCESS_KILL
i want to bring up system monitor,OPEN_TASK_MANAGER
i need to halt workstation immediately,POWER_OFF
restart pc instantly,RESTART
i want to hi with homework right now,NEUTRAL
can you open default browser to surf,OPEN_NET
i need to hello with homework,NEUTRAL
could you start termnial,OPEN_CMD
go ahead and manage drivers to fix displays,DRIVER_MGMT
i need to list system processes now,SHOW_TASKS
please track path to github.com,TRACE_ROUTE
please explain the time please,NEUTRAL
go ahead and get disk capacity on this pc,STORAGE_INFO
go ahead and fix my network settings to check connections,OPEN_NETWORK_SETTINGS
can you hello your name please,NEUTRAL
please how are your name,NEUTRAL
please birng up terminal please,OPEN_CMD
display running tasks on this system,SHOW_TASKS
please bring up cmd instantly,OPEN_CMD
please manage network connections,OPEN_NETWORK_SETTINGS
i want to manage hdmi lag issues for lag issues,DRIVER_MGMT
please secure pc for safety,LOCK_SCREEN
check resource consumption to monitor status,CHECK_RESOURCES
get active processes now,SHOW_TASKS
i need to show calculations tool quickly,OPEN_CALCULATOR
could you modify adapter properties to check connections,OPEN_NETWORK_SETTINGS
could you kill operations instantly,QUIT_PROGRAM
i want to send packets to google.com,PING_GOOGLE
could you fix my device manager to fix displays,DRIVER_MGMT
could you lock computer immediately,LOCK_SCREEN
can you bring up command shell now,OPEN_CMD
go ahead and start process amnager to kill process,OPEN_TASK_MANAGER
go ahead and close access to session,LOCK_SCREEN
please set shutdown timur an hour please,SHUTDOWN_TIMER
go ahead and resolve monitor lag for lag issues,DRIVER_MGMT
restart pc now,RESTART
configure slow network plpase,OPEN_NETWORK_SETTINGS
could you close frozen app immediately,PROCESS_KILL
i want to send packets to 8.8.8.8 please,PING_GOOGLE
i need to launch active applications list now,OPEN_TASK_MANAGER
i need to traceroute to a domain please,TRACE_ROUTE
go ahead and shutdown timer for after 1 hour from now,POWER_OFF_TIMER
i need to view disk capacity now,STORAGE_INFO
coul you display storage details on this pc,STORAGE_INFO
please quit interface,QUIT_PROGRAM
could you switch off machine instantly,POWER_OFF
could you shutdown pc now,POWER_OFF
display background tasks,SHOW_TASKS
go ahead and map connection route to github.com,TRACE_ROUTE
go ahead and open edge browser now,OPEN_NET
go ahead and shutdown computer safe shutdown,POWER_OFF
i want to shut down the application,QUIT_PROGRAM
can you start dns records for github.com,DNS_LOOKUP
i want to test connectivity to goole to check internet,PING_GOOGLE
please display memory load to monitor status,CHECK_RESOURCES
please manage partition info now,STORAGE_INFO
can you reveal internal ip of my machine,CHECK_IP
go ahead and modify internet settings to fix wifi,OPEN_NETWORK_SETTINGS
please track system load on this system,CHECK_RESOURCES
could you fix my monitor lag to fix displays,DRIVER_MGMT
start task manager,OPEN_TASK_MANAGER
go ahead and huto shutdown in 10 minutes,SHUTDOWN_TIMER
launch cli console quickly,OPEN_CMD
could you turn off pc in 10 minutes immediately,POWER_OFF_TIMER
launch terminal,OPEN_CMD
go ahead and verify hardware specs profile please,SHOW_SYSTEM_INFO
can you launch hardware drivers for lag issues,DRIVER_MGMT
please auto shutdown in after 1 hour now,SHUTDOWN_TIMER
i want to execute command line,OPEN_CMD
could you end process by pid,PROCESS_KILL
go ahead and can you universe,NEUTRAL
i want to show system processes please,SHOW_TASKS
please get running tasks on this sysetm,SHOW_TASKS
shut down gui panel,QUIT_PROGRAM
please open process manager now,OPEN_TASK_MANAGER
go ahead and do dns info for a website,DNS_LOOKUP
could you get running tasks on this system,SHOW_TASKS
could you show drive allocation please,STORAGE_INFO
display tas list on this system,SHOW_TASKS
can you check internal ip of my machine,CHECK_IP
i want to schedule shutdown 20 minutes from now,POWER_OFF_TIMER
i want to launch task manager to kill process,OPEN_TASK_MANAGER
display taks list now,SHOW_TASKS
i need to ring up commnad prompt please,OPEN_CMD
can you monitor ram usage please,CHECK_RESOURCES
go ahead and lookup dns records for google.com,DNS_LOOKUP
abort the ongoing video chat for a faster internet download.,PROCESS_KILL
please kill power to machine instantly,POWER_OFF
go ahead and reset system please,RESTART
go ahead and reboot computer immediately,RESTART
i need to show system details,SHOW_SYSTEM_INFO
please get disk capacity for c drive,STORAGE_INFO
could you update hardware drivers,DRIVER_MGMT
go ahead and what is the meaning of the time please,NEUTRAL
i need to view system monitor to kill process,OPEN_TASK_MANAGER
go ahead and protect computer please,LOCK_SCREEN
please resolve device manager,DRIVER_MGMT
i want to run calculator utility to calculate numbers,OPEN_CALCULATOR
could you resolve hdmi connection,DRIVER_MGMT
could you quit program instantly,QUIT_PROGRAM
could you force quit pid now,PROCESS_KILL
go ahead and modify network settings to check connections,OPEN_NETWORK_SETTINGS
can you map connection route to host,TRACE_ROUTE
pleasl open slow wifi to fix wifi,OPEN_NETWORK_SETTINGS
do dns records on github,DNS_LOOKUP
go ahead and display resource consumption on this system,CHECK_RESOURCES
please reboot machine instantly,RESTART
display task list please,SHOW_TASKS
i need to manage drive allocation please,STORAGE_INFO
auto shutdown in 45 minutes now,SHUTDOWN_TIMER
i need to check latency to 8.8.8.8 now,PING_GOOGLE
i need to check latency to external host for latency check,PING_GOOGLE
please start calculator utility to calculate numbers,OPEN_CALCULATOR
could you show resource consumption please,CHECK_RESOURCES
i want to manage drive allocation,STORAGE_INFO
could you display system load please,CHECK_RESOURCES
traceroute to host please,TRACE_ROUTE
can you go to the internet to go online,OPEN_NET
i want to shut down shellsense immediately,QUIT_PROGRAM
please get task list now,SHOW_TASKS
please view internal ip please,CHECK_IP
timer for shutdown after 1 hour please,SHUTDOWN_TIMER
can you show drive allocation please,STORAGE_INFO
i want to bring up calculations tool for some math,OPEN_CALCULATOR
i want to modify internet settings now,OPEN_NETWORK_SETTINGS
could you start calclator for some math,OPEN_CALCULATOR
please schedule shutdown 45 minutes please,POWER_OFF_TIMER
could you can you about aourself please,NEUTRAL
go ahead and bring up process manager to end tasks,OPEN_TASK_MANAGER
could you get background tasks on this system,SHOW_TASKS
go ahead and display ipv4 address of my machine,CHECK_IP
i want to bring up terminal now,OPEN_CMD
can you start terminal instantly,OPEN_CMD
i need to start shell prompt,OPEN_CMD
i want to shutdown timer in 15 min now,SHUTDOWN_TIMER
please display ip address of this pc,CHECK_IP
please show calclator quickly,OPEN_CALCULATOR
could you bring up termnial quickly,OPEN_CMD
can you what is the meaning of the news,NEUTRAL
please track path to google.com,TRACE_ROUTE
i need to execute command shell,OPEN_CMD
could you view adapter properties,OPEN_NETWORK_SETTINGS
can you quit hellsense now,QUIT_PROGRAM
could you display ipv4 address,CHECK_IP
please configure connection speed,OPEN_NETWORK_SETTINGS
could you bring up teminal,OPEN_CMD
could you set a shutdown timer 15 mins from now,POWER_OFF_TIMER
"""check what servers host my domain name, www.apple.com with nslookup",DNS_LOOKUP
can you exit the application please,QUIT_PROGRAM
schedule shutdown afetr 1 hour,POWER_OFF_TIMER
i need to display system resources on this system,CHECK_RESOURCES
i want to troubleshoot graphics driver now,DRIVER_MGMT
can you view hard drive storage on this pc,STORAGE_INFO
do some math to verify hardware specs profile for me,SHOW_SYSTEM_INFO
i want to hello the news please,NEUTRAL
i need to view ip of my machine,CHECK_IP
can you set power off in 45 minuteg please,POWER_OFF_TIMER
could you reveal os details of this machine,SHOW_SYSTEM_INFO
can you print system info now,SHOW_SYSTEM_INFO
go ahead and restart system right away,RESTART
i want to shutdown timer in an hour now,SHUTDOWN_TIMER
i need to access network settings,OPEN_NETWORK_SETTINGS
could you stop app,PROCESS_KILL
display disk capacity for c drive,STORAGE_INFO
i want to get free space,STORAGE_INFO
i need to what is internal ip now,CHECK_IP
can you stnrt commnad prompt please,OPEN_CMD
i need to launch the internet to go online,OPEN_NET
i want to show partition info please,STORAGE_INFO
can you display pc specifications please,SHOW_SYSTEM_INFO
i want to show cpu and ram info please,SHOW_SYSTEM_INFO
could you shw storage details please,STORAGE_INFO
please stop pid now,PROCESS_KILL
could you set a shutdown timer 45 minutes,POWER_OFF_TIMER
please check dns records on google,DNS_LOOKUP
could you do some math to verify hardware details now,SHOW_SYSTEM_INFO
go ahead and iew cpu usage,CHECK_RESOURCES
i want to print specs profile,SHOW_SYSTEM_INFO
please get local ip of my machine,CHECK_IP
i need to sign out pc for safety,LOCK_SCREEN
view active applications list please,OPEN_TASK_MANAGER
i want to kill running process please,PROCESS_KILL
i want to view sharing center,OPEN_NETWORK_SETTINGS
could you run calculator quickly,OPEN_CALCULATOR
please log off screen,LOCK_SCREEN
open hdmi lag to fix displays,DRIVER_MGMT
i need to set shutdown timer 20 minutes now,SHUTDOWN_TIMER
could you turn off pc in an hour please,POWER_OFF_TIMER
go ahead and reboot pc instantly,RESTART
view ssytem details now,SHOW_SYSTEM_INFO
can you close operations please,QUIT_PROGRAM
i need to show local ip of this pc,CHECK_IP
can you display calclator for some math,OPEN_CALCULATOR
can you access web portal,OPEN_NET
explain how pc works right now,NEUTRAL
i want to start commnad prompt quickly,OPEN_CMD
get memory load please,CHECK_RESOURCES
go ahead and set shutdown timer 5 minutes immediately,SHUTDOWN_TIMER
could you go to internet settings,OPEN_NETWORK_SETTINGS
display my system now,SHOW_SYSTEM_INFO
i need to display running tasks please,SHOW_TASKS
i want to view disk management,STORAGE_INFO
go ahead and manage storage details please,STORAGE_INFO
can you shutdown workstation please,POWER_OFF
open cmd instantly,OPEN_CMD
who is the time today,NEUTRAL
go ahead and open active applications list,OPEN_TASK_MANAGER
go ahead and fix my hardware drivers now,DRIVER_MGMT
can you run hdmi lag to fix displays,DRIVER_MGMT
can you print running programs,SHOW_TASKS
go ahead and print background tasks now,SHOW_TASKS
go ahead and shutdown computer now,POWER_OFF
go ahead and open edge browser to go online,OPEN_NET
go ahead and get system information for me,SHOW_SYSTEM_INFO
go ahead and view background tasks now,SHOW_TASKS
manage hard drive storage please,STORAGE_INFO
please map connection oute to host please,TRACE_ROUTE
go ahead and manage slow wifi to fix wifi,OPEN_NETWORK_SETTINGS
i need to timer for shutdown 30 mins now,SHUTDOWN_TIMER
go ahead and show taskmgr please,OPEN_TASK_MANAGER
i want to how are the time please,NEUTRAL
please run process kill process,PROCESS_KILL
could you reset machine instantly,RESTART
please schedule pc turn off 20 minutes now,SHUTDOWN_TIMER
can you auto shutdown in 10 minutes immediately,SHUTDOWN_TIMER
secure compter immediately,LOCK_SCREEN
i want to execute dns records for a website,DNS_LOOKUP
i need to troubleshoot graphics driver for lag issues,DRIVER_MGMT
go ahead and can you how pc works today,NEUTRAL
i need to reveal system details for me,SHOW_SYSTEM_INFO
i want to troubleshoot device mnaager for lag issues,DRIVER_MGMT
display storage info,STORAGE_INFO
can you quit program please,QUIT_PROGRAM
go ahead and schedule shutdown 20 minutes from now,POWER_OFF_TIMER
go ahead and find netwrok ip of this pc,CHECK_IP
please kill power to windows desktop safe shutdown,POWER_OFF
"""i need to close the running google calendar app.",PROCESS_KILL
pleash query name resolution for a host,DNS_LOOKUP
display ipv4 address on this system,CHECK_IP
i need to execute shell prompt now,OPEN_CMD
please reboot system now,RESTART
can you timer for shutdown 45 minute now,SHUTDOWN_TIMER
go ahead and monitor partition info,STORAGE_INFO
go ahead and start cmd quickly,OPEN_CMD
i want to tracert to 8.8.8.8,TRACE_ROUTE
i want to display hardware details for me,SHOW_SYSTEM_INFO
could you power cycle pc immediately,RESTART
go ahead and run calculations tool to calculate numbers,OPEN_CALCULATOR
can you hutdown timer in 10 minutes immediately,SHUTDOWN_TIMER
i need to perform dns info for github.com,DNS_LOOKUP
i want to tracert to google.com please,TRACE_ROUTE
i want to show storage info now,STORAGE_INFO
i want to modify sharing center to check connections,OPEN_NETWORK_SETTINGS
can you start calcuator now,OPEN_CALCULATOR
set shutdown timer after 1 hour please,SHUTDOWN_TIMER
go ahead and bring up taskmgr,OPEN_TASK_MANAGER
"force-restart scheduled in 5 minutes, please.",RESTART
could you power off system immediately,POWER_OFF
get free space for c drive,STORAGE_INFO
go ahead and access the net please,OPEN_NET
could you protect computer please,LOCK_SCREEN
could you do dns records for github.com,DNS_LOOKUP
i need to shutdown timer for 45 minutes,POWER_OFF_TIMER
reveal ip please,CHECK_IP
can you set a shutdown timer 30 mins from now,POWER_OFF_TIMER
could you get system processes,SHOW_TASKS
could you qit interface immediately,QUIT_PROGRAM
could you set power off in 15 mins,POWER_OFF_TIMER
can you kill frozen app now,PROCESS_KILL
run terminal please,OPEN_CMD
i want to restart machine now,RESTART
can you access slow internet to check connections,OPEN_NETWORK_SETTINGS
please tell me about sytem of this machine,SHOW_SYSTEM_INFO
i need to how do i make the news for me,NEUTRAL
i want to display hardware utilization please,CHECK_RESOURCES
open the internet to go oline,OPEN_NET
i need to what is 2 + 2 today,NEUTRAL
could you start hdmi connection to fix displays,DRIVER_MGMT
please reset workstation hmmediately,RESTART
i want to close app,PROCESS_KILL
could you launch calculator utility please,OPEN_CALCULATOR
go ahead and auto shutdown in 20 minutes now,SHUTDOWN_TIMER
i need to turn off workstation immediately,POWER_OFF
please terminate aplication immediately,PROCESS_KILL
start hardware specs profile,OPEN_CALCULATOR
can you monitor system load please,CHECK_RESOURCES
can you do nslookup on google,DNS_LOOKUP
could you list system processes please,SHOW_TASKS
"""i want to lock the screen immediately on all computer screens i’m using.",LOCK_SCREEN
please show memory load please,CHECK_RESOURCES
go ahead and get active processes now,SHOW_TASKS
map connection route to 8.8.8.8 now,TRACE_ROUTE
go ahead and view hardware specs profile please,SHOW_SYSTEM_INFO
could you tell me about system details for me,SHOW_SYSTEM_INFO
configure network connections to check connections,OPEN_NETWORK_SETTINGS
please start the net please,OPEN_NET
go ahead and close access to workstation for safety,LOCK_SCREEN
i want to troubleshoot my slow internet,OPEN_NETWORK_SETTINGS
i neem to reset computer instantly,RESTART
please start dns records on gtihub,DNS_LOOKUP
could you show resource consumption on this system,CHECK_RESOURCES
can you how do i make how pc works please,NEUTRAL
i need to set a shutdown timer an hour immediately,POWER_OFF_TIMER
shutdown timer in 10 minutes now,SHUTDOWN_TIMER
i need to check dns records on github,DNS_LOOKUP
can you view running programs now,SHOW_TASKS
i want to force quit running process by pid,PROCESS_KILL
i want to manage slow connection to check connections,OPEN_NETWORK_SETTINGS
i want to auto shutdown in an hour immediately,SHUTDOWN_TIMER
can you sign out windows screen immediately,LOCK_SCREEN
"""setting up an immediate lock on my windows desktop.",LOCK_SCREEN
can you view active processes on this ssstem,SHOW_TASKS
shut down the application,QUIT_PROGRAM
go ahead and bring up terminal,OPEN_CMD
"""planning a short trip? don't want anything left on your computer when you return.",POWER_OFF
cougd you check latency to external host now,PING_GOOGLE
please start web portal please,OPEN_NET
i need to monitor memory check active,CHECK_RESOURCES
i need to stop application with force,PROCESS_KILL
i need to restart computer immediately,RESTART
shutdown pc please,POWER_OFF
i want to get disk capacity for c drive,STORAGE_INFO
i need to ping external host,PING_GOOGLE
i want to end task explorer.exe,PROCESS_KILL
please timer for shutdown 5 minutes please,SHUTDOWN_TIMER
can you monitor system load,CHECK_RESOURCES
please print cpu and ram info,SHOW_SYSTEM_INFO
i want to get disk space please,STORAGE_INFO
whats network ip of my machine,CHECK_IP
could you fix my internet settings to fix wifi,OPEN_NETWORK_SETTINGS
i want to close access to computer right aawy,LOCK_SCREEN
could you power cycle system immediately,RESTART
i want to schedule pc turn off 30 mins,SHUTDOWN_TIMER
could you view active processes,SHOW_TASKS
please display hardware details please,SHOW_SYSTEM_INFO
could you track system resources please,CHECK_RESOURCES
reset workstation please,RESTART
i need to reboot pc please,RESTART
could you print ip config,CHECK_IP
how do i make coffee,NEUTRAL
terminate pid please,PROCESS_KILL
can you force close task immediately,PROCESS_KILL
i need to traceroute to a domain now,TRACE_ROUTE
whats ip address of my machine,CHECK_IP
can you quit interface instantly,QUIT_PROGRAM
could you check drive allocation now,STORAGE_INFO
can you show connection speed to fix wifi,OPEN_NETWORK_SETTINGS
auto shutdown in after 1 hour immediately,SHUTDOWN_TIMER
"""reboot my computer right now, please.",RESTART
i want to qhow taskmgr,OPEN_TASK_MANAGER
please run the internet lpease,OPEN_NET
tell me about cpu and ram info please,SHOW_SYSTEM_INFO
please perform dns info on google,DNS_LOOKUP
could you start calcuator for some math,OPEN_CALCULATOR
i want to test connectivity to external host now,PING_GOOGLE
go ahead and troubleshoot my wifi settings,OPEN_NETWORK_SETTINGS
can you fix my network settings,OPEN_NETWORK_SETTINGS
show ip config of my machine,CHECK_IP
launch edge browser now,OPEN_NET
i want to run hdmi driver to fix displays,DRIVER_MGMT
monitor storage nifo now,STORAGE_INFO
run default browser now,OPEN_NET
i want to go to slow wifi to fix wifi,OPEN_NETWORK_SETTINGS
could you shutdown workstation immediately,POWER_OFF
go ahead and show active processes please,SHOW_TASKS
log off machine,LOCK_SCREEN
i need to start command shell,OPEN_CMD
could you power cycle machine instantly,RESTART
could you lookup name resolution for a website,DNS_LOOKUP
quit the application immediately,QUIT_PROGRAM
i need to map connection route to google.com to debug route,TRACE_ROUTE
turn off pc in 45 minptes from now,POWER_OFF_TIMER
shutdown timer in 30 mins please,SHUTDOWN_TIMER
i need to get storage details please,STORAGE_INFO
go ahead and how do i make life please,NEUTRAL
go ahead and reset computer instantly,RESTART
"""immediate restart required for today's tasks.",RESTART
i want to halt machine instantly,POWER_OFF
go to sharing center please,OPEN_NETWORK_SETTINGS
i want to close pid now,PROCESS_KILL
i want to query dns info for github.com,DNS_LOOKUP
start nslookup on github,DNS_LOOKUP
i want to test network on external host to check internet,PING_GOOGLE
i need to bring up cli console,OPEN_CMD
go ahead and protect machine now,LOCK_SCREEN
could you view partition info now,STORAGE_INFO
could you launch calculator utility to calculate numbers,OPEN_CALCULATOR
auto shutdown in 45 minutes,SHUTDOWN_TIMER
i need to timer for shutdown 5 minutes now,SHUTDOWN_TIMER
fix my hdmi lag issues please,DRIVER_MGMT
quit interface instantly,QUIT_PROGRAM
go ahead and what is current ip now,CHECK_IP
could you show calc quickly,OPEN_CALCULATOR
i want to set a shutdown itmer after 1 hour from now,POWER_OFF_TIMER
can you map connection route to google.com now,TRACE_ROUTE
can you close access to windows screen now,LOCK_SCREEN
see if i can pinpoint which app is causing that slowdown?,OPEN_TASK_MANAGER
i want to launch hdmi driver please,DRIVER_MGMT
i need to display resource consumption please,CHECK_RESOURCES
could you log off workstation immediately,LOCK_SCREEN
i want to how do i make the weather for me,NEUTRAL
i need to log off machine please,LOCK_SCREEN
please schedule shutdown 10 minutes,POWER_OFF_TIMER
i need to stop gui panel immediately,QUIT_PROGRAM
could you go to connection speed,OPEN_NETWORK_SETTINGS
i want to go to connection speed please,OPEN_NETWORK_SETTINGS
please whats local ip,CHECK_IP
force close application with force,PROCESS_KILL
please map connection route to 8.8.8.8,TRACE_ROUTE
go ahead and exit shellsense,QUIT_PROGRAM
please print network ip on this system,CHECK_IP
could you restart computer immediately,RESTART
close shellsense,QUIT_PROGRAM
could you query name reslution for a website,DNS_LOOKUP
could you reboot computer instantly,RESTART
can you tracert to google.com now,TRACE_ROUTE
can you ping googlec.om please,PING_GOOGLE
i need to view storage details now,STORAGE_INFO
please turn off machine immediately,POWER_OFF
i need to bring up calclator for some math,OPEN_CALCULATOR
could you show cpu temperature please,CHECK_RESOURCES
view task list now,SHOW_TASKS
can you run command shell quickly,OPEN_CMD
can you access system monitor now,OPEN_TASK_MANAGER
find out where this domain’s ip maps to in the network hierarchy via a reverse lookup.,DNS_LOOKUP
could you reveal system details please,SHOW_SYSTEM_INFO
can you get system processes please,SHOW_TASKS
could you test connectivity to 8.8.8.8 plaese,PING_GOOGLE
i want to manage storage details,STORAGE_INFO
go ahead and timer for shutdown 30 mins immediately,SHUTDOWN_TIMER
cuold you check name resolution on 8.8.8.8,DNS_LOOKUP
pease view system resources to monitor status,CHECK_RESOURCES
please launch teminal please,OPEN_CMD
i need to view network settings to fix wifi,OPEN_NETWORK_SETTINGS
go ahead and shutdown timer in 45 minutes,SHUTDOWN_TIMER
can you trakc system load,CHECK_RESOURCES
go ahead and test connectivity to gbogle servers to check internet,PING_GOOGLE
could you get rseource consumption on this system,CHECK_RESOURCES
i need to how are a joke please,NEUTRAL
go ahead and restart machine immediately,RESTART
please launch web browser to surf,OPEN_NET
i want to start dns resolution for a website,DNS_LOOKUP
i want to timer for shutdown 30 mins now,SHUTDOWN_TIMER
go ahead and turn off pc in 20 minutes please,POWER_OFF_TIMER
could you turn off machine now,POWER_OFF
please troubleshoot my slow internet please,OPEN_NETWORK_SETTINGS
go ahead and check dns resolution on 8.8.8.8,DNS_LOOKUP
go ahead and show active applications list please,OPEN_TASK_MANAGER
could you view hard drive storage,STORAGE_INFO
i want to launch calc,OPEN_CALCULATOR
iew adapter properties,OPEN_NETWORK_SETTINGS
turn off pc in 30 mins from now,POWER_OFF_TIMER
i want to set shutdown timer an hour,SHUTDOWN_TIMER
go ahead and map connection route to a domain to debug route,TRACE_ROUTE
i want to start calculator utility please,OPEN_CALCULATOR
go ahead and reset machine now,RESTART
display ip config now,CHECK_IP
i want to display calculations tool to calculate numbers,OPEN_CALCULATOR
could you force quit pid by pid,PROCESS_KILL
shutdown pc safe shutdown,POWER_OFF
can you show active processes now,SHOW_TASKS
i want to why is you doing today,NEUTRAL
can you start edge browser to go online,OPEN_NET
go ahead and force close program immediately,PROCESS_KILL
lookup name resolution on google,DNS_LOOKUP
could you execute commnad prompt now,OPEN_CMD
please view active applications list now,OPEN_TASK_MANAGER
i want to protect pc,LOCK_SCREEN
can you restart system right away,RESTART
i want to show calculator for some math,OPEN_CALCULATOR
i want to access taskmgr please,OPEN_TASK_MANAGER
could you view system details,SHOW_SYSTEM_INFO
go ahead and run the net,OPEN_NET
please launch calc now,OPEN_CALCULATOR
can you fix my slow internet to fix wifi,OPEN_NETWORK_SETTINGS
i want to monitor free space please,STORAGE_INFO
could you print local ip on this system,CHECK_IP
can you show drive allocation now,STORAGE_INFO
could you get disk space for c drive,STORAGE_INFO
could you fix my adapter properties to fix wifi,OPEN_NETWORK_SETTINGS
can you display hard drive storage please,STORAGE_INFO
could you list background tasks,SHOW_TASKS
go ahead and bring up math app please,OPEN_CALCULATOR
go ahead and reveal system please,SHOW_SYSTEM_INFO
could you restart system please,RESTART
go ahead and reset machine please,RESTART
manage device manager please,DRIVER_MGMT
can you run dns resolution for a website,DNS_LOOKUP
please stop gui panel now,QUIT_PROGRAM
please run dns resolution for google.com,DNS_LOOKUP
ping google servers to check internet,PING_GOOGLE
could you trace route to google.com,TRACE_ROUTE
i need to show details of cpu and ram info of this machine,SHOW_SYSTEM_INFO
please auto shutdown in 5 minutes now,SHUTDOWN_TIMER
could you check performance statistics on this system,CHECK_RESOURCES
go ahead and execute teminal quickly,OPEN_CMD
i need to end app immediately,PROCESS_KILL
please do some math to verify hardware specs proile now,OPEN_CALCULATOR
could you tracert to github.com,TRACE_ROUTE
please access slow internet to fix wifi,OPEN_NETWORK_SETTINGS
i need to run calculator utility,OPEN_CALCULATOR
could you launch shell prompt instantly,OPEN_CMD
can you display active processes now,SHOW_TASKS
could you check resource consumption please,CHECK_RESOURCES
can you bring up termnial pleaes,OPEN_CMD
view active processes please,SHOW_TASKS
i want to configure network settings to check connections,OPEN_NETWORK_SETTINGS
please view system monitor to end tasks,OPEN_TASK_MANAGER
i need to show resource consumption to monitor status,CHECK_RESOURCES
i need to test network on google.com for latency check,PING_GOOGLE
please display hardware specs profile for me,SHOW_SYSTEM_INFO
could you get ipv4 address of this pc,CHECK_IP
i need to perform dns info for a hosn,DNS_LOOKUP
i need to kill program please,QUIT_PROGRAM
i need to view disk management now,STORAGE_INFO
please lock machine immediately,LOCK_SCREEN
i need to how do i make a joke for me,NEUTRAL
i want to execute commnad prompt,OPEN_CMD
could you execute claculator now,OPEN_CALCULATOR
go ahead and query dns resolution on google,DNS_LOOKUP
quit operations please,QUIT_PROGRAM
could you kill program instantly,QUIT_PROGRAM
can you shutdown timer in 5 minutes,SHUTDOWN_TIMER
could you shutdown timer in after 1 hour,SHUTDOWN_TIMER
go ahead and shutdown timer in 30 mins now,SHUTDOWN_TIMER
i want to find current ip,CHECK_IP
please display calcuator for some math,OPEN_CALCULATOR
i need to switch off windows desktop now,POWER_OFF
could you run hdmi lag issues for lag issues,DRIVER_MGMT
whats ip,CHECK_IP
please check dns info on 8.8.8.8,DNS_LOOKUP
kill power to windows desktop now,POWER_OFF
please map connection route to github.com please,TRACE_ROUTE
please timer for shutdown 15 mins immediately,SHUTDOWN_TIMER
go ahead and trace route to a domain please,TRACE_ROUTE
go ahead and query nslookup on 8.8.8.8,DNS_LOOKUP
can you tell me about yourself please,NEUTRAL
could you saut down operations now,QUIT_PROGRAM
go ahead and start math app quickly,OPEN_CALCULATOR
can you cpeck cpu usage,CHECK_RESOURCES
go ahead and bring up command shell instantly,OPEN_CMD
who is the weathre today,NEUTRAL
could you launch taskmgr to kill process,OPEN_TASK_MANAGER
i want to shutdown timer for 45 mniutes from now,POWER_OFF_TIMER
can you set power off in an hour from now,POWER_OFF_TIMER
can you run edge browser to surf,OPEN_NET
could you start teminal quickly,OPEN_CMD
please execute dns info for a host,DNS_LOOKUP
i need to terminate task now,PROCESS_KILL
i want to check hdmi driver,DRIVER_MGMT
i need to print background tasks now,SHOW_TASKS
i want to reset system now,RESTART
please open calcuator now,OPEN_CALCULATOR
i need to go to chrome browesr,OPEN_NET
please bring up calclator please,OPEN_CALCULATOR
could you run hdmi connection to fix displays,DRIVER_MGMT
please set a shutdown timer after 1 hour please,POWER_OFF_TIMER
i need to start the net to surf,OPEN_NET
could you force quit frozen app by pid,PROCESS_KILL
i wanc to turn off pc in after 1 hour from now,POWER_OFF_TIMER
i need to close process immediately,PROCESS_KILL
i want to what is the news for me,NEUTRAL
can you show background tasks please,SHOW_TASKS
could you auto shtudown in 15 mins please,SHUTDOWN_TIMER
please open taskmgr to end tasks,OPEN_TASK_MANAGER
i need to check ipv4 address for me,CHECK_IP
please do some math to verify system details please,SHOW_SYSTEM_INFO
view ipv4 address of this pc,CHECK_IP
go ahead and get active processes,SHOW_TASKS
i want to print network ip,CHECK_IP
go ahead and stop gui panel please,QUIT_PROGRAM
print system processes please,SHOW_TASKS
could you monitor disk space please,STORAGE_INFO
do some math to verify system info now,SHOW_SYSTEM_INFO
update hdmi driver,DRIVER_MGMT
i want to shutdown timer for 15 mins immediately,POWER_OFF_TIMER
go ahead and open command shell quickly,OPEN_CMD
"""could you please make sure the desktop lock works properly?",LOCK_SCREEN
go ahead and shutdown timer for 45 minutes please,POWER_OFF_TIMER
could you kill power to pc now,POWER_OFF
i want to display drive allocation for c drive,STORAGE_INFO
can you force quit running process please,PROCESS_KILL
i want to set power off in after 1 hour,POWER_OFF_TIMER
i need to whats ip please,CHECK_IP
get system processes pelase,SHOW_TASKS
can you start chrome browser now,OPEN_NET
go ahead and view system details now,SHOW_SYSTEM_INFO
i need to troubleshoot my slow network to fix wifi,OPEN_NETWORK_SETTINGS
can you terminate frzoen app now,PROCESS_KILL
could you launch command prompt now,OPEN_CMD
i want to trace route to host,TRACE_ROUTE
i need to show my pc specs now,SHOW_SYSTEM_INFO
i want to laucnh the net to go online,OPEN_NET
i need to access slow internet,OPEN_NETWORK_SETTINGS
could you check free space now,STORAGE_INFO
exit the application instantly,QUIT_PROGRAM
bring up system monitor to end tasks,OPEN_TASK_MANAGER
please stop lagging app chrome,PROCESS_KILL
i want to perform domain ip on 8.8.8.8,DNS_LOOKUP
can you show slow connection,OPEN_NETWORK_SETTINGS
please reset pc pleasp,RESTART
i want to perform domain ip on github,DNS_LOOKUP
i need to how do i make about yourself,NEUTRAL
could you troubleshoot hdmi driver,DRIVER_MGMT
i need to start web browser to go online,OPEN_NET
can you ping 8.8.8.8 to check internet,PING_GOOGLE
open process maanger,OPEN_TASK_MANAGER
could you show slow wifi to check connections,OPEN_NETWORK_SETTINGS
access default browser,OPEN_NET
i need to stop gui panel,QUIT_PROGRAM
shutdown system right away,POWER_OFF
launch termnial now,OPEN_CMD
i need to bring up command line now,OPEN_CMD
view network connections to fix wifi,OPEN_NETWORK_SETTINGS
go ahead and force quit pid immediately,PROCESS_KILL
ping 8.8.8.8,PING_GOOGLE
"set timer for a 2-hour delay, then close all apps.",POWER_OFF_TIMER
go ahead and auto shutdown in 45 minutes mimediately,SHUTDOWN_TIMER
could you get free space,STORAGE_INFO
could you run dns records for a website,DNS_LOOKUP
could you get specs now,SHOW_SYSTEM_INFO
please close operations,QUIT_PROGRAM
could you tell me with homework please,NEUTRAL
get running tasks pgease,SHOW_TASKS
i want to protect windows screen right away,LOCK_SCREEN
can you start chrome browser to go online,OPEN_NET
could you resolve graphics driver now,DRIVER_MGMT
shw wifi settings,OPEN_NETWORK_SETTINGS
could you exit operations,QUIT_PROGRAM
track cpu usage please,CHECK_RESOURCES
i need to start active applications list to kill process,OPEN_TASK_MANAGER
could you access system monitor please,OPEN_TASK_MANAGER
i need to what is about yourself today,NEUTRAL
reveal my pc specs now,SHOW_SYSTEM_INFO
could you check ltaency to google.com please,PING_GOOGLE
track hardware utilization,CHECK_RESOURCES
i want to shut down operations please,QUIT_PROGRAM
i need to can you the time please,NEUTRAL
can you run dns info for github.com,DNS_LOOKUP
go ahead and log off windows screen,LOCK_SCREEN
i want to how are life please,NEUTRAL
could you shutdown windows desktop immediately,POWER_OFF
run name resolution for a website,DNS_LOOKUP
start task manager please,OPEN_TASK_MANAGER
can you what is the meaning of a joke,NEUTRAL
launch web browser,OPEN_NET
can you show system resources,CHECK_RESOURCES
go ahead and display disk management now,STORAGE_INFO
can you perform dns resolution for github.com,DNS_LOOKUP
please run calc for some math,OPEN_CALCULATOR
could you test network on external host,PING_GOOGLE
please show wifi panel to check connections,OPEN_NETWORK_SETTINGS
please get system processes,SHOW_TASKS
i want to log off screen,LOCK_SCREEN
go ahead and start command prompt instantly,OPEN_CMD
i want to how do i make coffee today,NEUTRAL
i want to view disk space now,STORAGE_INFO
fix my display drivers please,DRIVER_MGMT
what is ip of my machine,CHECK_IP
please run dns records for google.com,DNS_LOOKUP
i need to whats internal ip now,CHECK_IP
i need to ping google servers,PING_GOOGLE
i want to fix my slow internet to check connections,OPEN_NETWORK_SETTINGS
could you colse access to pc,LOCK_SCREEN
can you open adapter properties,OPEN_NETWORK_SETTINGS
could you run hardware drivers now,DRIVER_MGMT
go ahead and schedule shutdown after 1 hour please,POWER_OFF_TIMER
i need to reveal my pc specs please,SHOW_SYSTEM_INFO
i want to kill program immediately,QUIT_PROGRAM
please stop shellsense,QUIT_PROGRAM
i want to turn off windows desktop instantly,POWER_OFF
i want to reboot computer please,RESTART
i need to reboot workstation please,RESTART
get performance statistics to monitor status,CHECK_RESOURCES
i need to go to the internet please,OPEN_NET
i want to bring up commnad prompt please,OPEN_CMD
please open task manager to kill process,OPEN_TASK_MANAGER
go haead and open calc,OPEN_CALCULATOR
i need to show hardware specs profile,SHOW_SYSTEM_INFO
go ahead and display claculator quickly,OPEN_CALCULATOR
please track path to 8.8.8.8 now,TRACE_ROUTE
can you turn off computer immediately,POWER_OFF
can you auto shutdown in 10 minutes please,SHUTDOWN_TIMER
can you shutdown timer in 5 minutes please,SHUTDOWN_TIMER
i need to shutdown timer for 10 minutes immediately,POWER_OFF_TIMER
i need to focre quit program please,PROCESS_KILL
could you monitr system resources,CHECK_RESOURCES
i want to who is the time please,NEUTRAL
can you reset machine now,RESTART
please track path to google.com to debug route,TRACE_ROUTE
i want to turn off pc in 30 mins,POWER_OFF_TIMER
i need to halt system instantly,POWER_OFF
i need to what is ip,CHECK_IP
could you why is coffee today,NEUTRAL
go ahead and run claculator to calculate numbers,OPEN_CALCULATOR
i need to traceroute to google.com,TRACE_ROUTE
go ahead and go to slow network please,OPEN_NETWORK_SETTINGS
clode operations now,QUIT_PROGRAM
i need to quit operations now,QUIT_PROGRAM
go ahead and tock windows screen right away,LOCK_SCREEN
please schedule pc turn off 45 minutes immediately,SHUTDOWN_TIMER
could you go to the net to surf,OPEN_NET
can you start command line now,OPEN_CMD
can you chcek free space please,STORAGE_INFO
force quit application with force,PROCESS_KILL
schedule pc turn off after 1 hour immediately,SHUTDOWN_TIMER
go ahead and close operations,QUIT_PROGRAM
i need to run the net,OPEN_NET
could you switch off system safe shutdown,POWER_OFF
i need to kill operations immediately,QUIT_PROGRAM
go ahead and start default browser now,OPEN_NET
please track path to a domain to debug route,TRACE_ROUTE
i need to check latency to 8.8.8.8,PING_GOOGLE
can you launch cmd now,OPEN_CMD
go ahead and schedule shutdown 20 minutes please,POWER_OFF_TIMER
i want to view ram utilization on this system,CHECK_RESOURCES
go ahead and force close running process by pid,PROCESS_KILL
i want to show system details for me,SHOW_SYSTEM_INFO
please turn off pc in 30 mins from now,POWER_OFF_TIMER
oculd you turn off pc safe shutdown,POWER_OFF
display storage info left,STORAGE_INFO
please display system resources,CHECK_RESOURCES
i want to set shutdown timer 20 minutes immediately,SHUTDOWN_TIMER
can you switch off system immediaely,POWER_OFF
please open terminal now,OPEN_CMD
i want to power cykle system instantly,RESTART
can you secure windows screen right away,LOCK_SCREEN
i need to shutdown timer in 10 minutes now,SHUTDOWN_TIMER
please start dns resolution on github,DNS_LOOKUP
go ahead and display math app,OPEN_CALCULATOR
go ahead and display ip config now,CHECK_IP
i want to switch off system safe shutdown,POWER_OFF
i want to monitor storage details please,STORAGE_INFO
print current ip now,CHECK_IP
activate command prompt for easy access.,OPEN_CMD
could you power cycle womkstation immediately,RESTART
could you launch peripheral devices,DRIVER_MGMT
i need to troubleshoot my slow internet to check connections,OPEN_NETWORK_SETTINGS
i need to get disk capacity on this pc,STORAGE_INFO
please view task list please,SHOW_TASKS
i want to get free space please,STORAGE_INFO
can you bring up calculator utility please,OPEN_CALCULATOR
go ahead and set shutdown timer 10 minutes,SHUTDOWN_TIMER
kill task with force,PROCESS_KILL
please tracert to google.com,TRACE_ROUTE
plase launch taskmgr to kill process,OPEN_TASK_MANAGER
could you restart workstation right awaq,RESTART
go ahead and access the net to surf,OPEN_NET
go ahead and access active applicatiots list to kill process,OPEN_TASK_MANAGER
can you do nslookup for a hqst,DNS_LOOKUP
please log off computer immediately,LOCK_SCREEN
i want to check latency to 8.8.8.8,PING_GOOGLE
go ahead and auto shutdown in after 1 hour immediately,SHUTDOWN_TIMER
go ahead and execute dns info on github,DNS_LOOKUP
could you show process manager now,OPEN_TASK_MANAGER
bring up commnad prompt,OPEN_CMD
can you run domain ip for google.com,DNS_LOOKUP
i need to launch command shell,OPEN_CMD
could you turn off pc in 15 mins immediately,POWER_OFF_TIMER
go ahead and bring up commnad prompt quickly,OPEN_CMD
run hdmi lag issues for lag issues,DRIVER_MGMT
could you show system resources to monitor status,CHECK_RESOURCES
please khll program please,QUIT_PROGRAM
i need to reboot system instantly,RESTART
can you access web portal to go online,OPEN_NET
i need to check latency to google servers for latency gheck,PING_GOOGLE
could you tell me your name for me,NEUTRAL
please kill the application instantly,QUIT_PROGRAM
check latency to google.com for latency check,PING_GOOGLE
i want to get internal ip of my machine,CHECK_IP
please fix my hdmi lag now,DRIVER_MGMT
could you how are the news right now,NEUTRAL
please restart workstation immediately,RESTART
please schedule pc turn off 5 minutes immediately,SHUTDOWN_TIMER
please log off session for safety,LOCK_SCREEN
please sign out workstation,LOCK_SCREEN
i need to track cpu usage,CHECK_RESOURCES
could you verify system information now,SHOW_SYSTEM_INFO
could you verify hardware specs profile now,SHOW_SYSTEM_INFO
please display active processes,SHOW_TASKS
could you bring up calc now,OPEN_CALCULATOR
please show process manager,OPEN_TASK_MANAGER
i want to what is internal ip for me,CHECK_IP
what's the current usage percentage of my hard drive?,STORAGE_INFO
i need to find ipv4 address of my machine,CHECK_IP
go ahead and get cpu usage please,CHECK_RESOURCES
could you print ip address on this system,CHECK_IP
can you shutdown app chrome,PROCESS_KILL
access edge browser now,OPEN_NET
i want to shutdown timer in 30 mins please,SHUTDOWN_TIMER
"""close that minecraft instance right now.",PROCESS_KILL
i want to access connection speed please,OPEN_NETWORK_SETTINGS
can you launch hdmi connection for lag issues,DRIVER_MGMT
could you exit shellsense immediately,QUIT_PROGRAM
can you show storage detaiws for c drive,STORAGE_INFO
please start the net to go online,OPEN_NET
can you check ip for me,CHECK_IP
could you map connection route to host,TRACE_ROUTE
end frozen app by pid,PROCESS_KILL
can you lookup dns info on 8.8.8.8,DNS_LOOKUP
i want to set shutdown timer an hour now,SHUTDOWN_TIMER
i want to track path to google.com,TRACE_ROUTE
go ahead and power off computer please,POWER_OFF
can you shutdown timer for 20 minutes from now,POWER_OFF_TIMER
please open taskmgr,OPEN_TASK_MANAGER
i want to execute calculator utility for some math,OPEN_CALCULATOR
i want to run default browser to go online,OPEN_NET
i need to check free space,STORAGE_INFO
i need to exit operations,QUIT_PROGRAM
could you open command prompt,OPEN_CMD
can you go to the net,OPEN_NET
could you display disk capacity now,STORAGE_INFO
i need to test connectivity to google.com,PING_GOOGLE
go ahead and shutdown timer in 15 mins immediately,SHUTDOWN_TIMER
can you bring up system monitor now,OPEN_TASK_MANAGER
could you sign out computer immediately,LOCK_SCREEN
could you reset workstation instantly,RESTART
please protect computer now,LOCK_SCREEN
can you track path to a domain please,TRACE_ROUTE
go ahead and schedule shutdown 45 minutes from now,POWER_OFF_TIMER
please power off machine right away,POWER_OFF
please close app,PROCESS_KILL
i need to show local ip please,CHECK_IP
could you how do i make the weather right now,NEUTRAL
can you show system details,SHOW_SYSTEM_INFO
perform dns resolution for a website,DNS_LOOKUP
execute nslookup for a website,DNS_LOOKUP
could you check hdmi driver now,DRIVER_MGMT
please view task list now,SHOW_TASKS
go ahead and check name resolution on 8.8.8.8,DNS_LOOKUP
could you hello about yourself today,NEUTRAL
can you whats current ip on this system,CHECK_IP
please check latency to external host now,PING_GOOGLE
could you list background tasks now,SHOW_TASKS
protect screen immediately,LOCK_SCREEN
could you show performance statistics on this system,CHECK_RESOURCES
can you schedule shutdown 30 mins,POWER_OFF_TIMER
go ahead and get system info please,SHOW_SYSTEM_INFO
kill running process with force,PROCESS_KILL
i need to show ram utilization,CHECK_RESOURCES
can you power cycle computer please,RESTART
please power cycle computer instantly,RESTART
i want to ping google now,PING_GOOGLE
can you check free space,STORAGE_INFO
can you display calculator utility now,OPEN_CALCULATOR
switch off windows desktop instantly,POWER_OFF
i need to start task manager to end tasks,OPEN_TASK_MANAGER
i want to close interface,QUIT_PROGRAM
could you show slow internet to check connections,OPEN_NETWORK_SETTINGS
can you open calculator for some math,OPEN_CALCULATOR
could you launch cmd now,OPEN_CMD
i need to quit operations immediately,QUIT_PROGRAM
i need to reboot computer immediately,RESTART
i need to reboot workstation instantly,RESTART
i want to open calcuator now,OPEN_CALCULATOR
go ahead and schedule pc turn off 5 minutes immediately,SHUTDOWN_TIMER
